name,source_url,description,category,era,location,museum,material,dimensions,image_url,related_artifacts
高逸图,https://zh.wikipedia.org/wiki/%E9%AB%98%E9%80%B8%E5%9B%BE,"《高逸图》又名《七贤图》，为唐末书画家孙位唯一存世的作品，绢本设色，纵45.3厘米，横169.1厘米，现藏于上海博物馆。
《高逸图》为《竹林七贤图》殘卷，表现魏晋时期竹林七贤中的四賢（山涛、王戎、刘伶、阮籍），工笔重彩，鲜艳绚烂，衣冠器物符合晋唐之式，人物衣纹线条采用铁线描、兰叶描技法，呈现丝织品柔软透明的质感。
自北宋以来，该画由皇室和名家收藏，卷首有宋徽宗御题“孙位高逸图”五字。1922年《高逸图》流出宫廷。1955年由上海博物馆购藏。
2012年6月11日，《高逸图》列入国家文物局发布的《第二批禁止出国（境）展览文物目录（书画类）》。


== 参考文献 ==",上海博物馆藏品 | 人物畫 | 唐朝绘画作品 | 禁止出境展览文物,,,上海博物馆,,45.3 cm × 169.1 cm（17.8英寸 × 66.6英寸）,,“五星出东方利中国”护膊 | 㝬簋 | 七孔玉刀 | 三星堆出土玉边璋 | 三星堆金杖 | 中山王铁足铜鼎 | 五代耀州窑青釉刻花提梁倒流壶 | 五牛圖 | 人物御龙帛画 | 人物龙凤帛画 | 人面鱼纹彩陶盆 | 伯矩鬲 | 何尊 | 八重宝函 | 兽首玛瑙杯 | 凤冠 (定陵) | 刘胜金缕玉衣 | 利簋 | 勘书图 | 北宋刻本《范仲淹文集》 | 卓歇图 | 双鸟朝阳纹牙雕 | 史墙盘 | 吉祥遍至口合本续 | 后母戊鼎 | 唐长沙窑青釉褐彩贴花人物纹壶 | 商周太阳神鸟金饰 | 四羊方尊 | 夏景山口待渡图 | 大克鼎 | 大玉戈 | 大盂鼎 | 大禾方鼎 | 大秦景教流行中国碑 | 天亡簋 | 太保鼎 | 子龙鼎 | 岳麓秦简 | 嵌绿松石象牙杯 | 常阳太尊石像 | 平复帖 | 張好好詩 | 彩漆木雕小座屏 | 彩绘人物故事漆屏 | 彩绘鹳鱼石斧图陶缸 | 彩陶八角星纹豆 | 挥扇仕女图 | 昭陵六骏 | 晉侯穌編鐘 | 景雲鐘 | 曾侯乙墓外棺 | 曾侯乙编钟 | 曾侯乙青铜尊盘 | 朱然墓出土漆木屐 | 朱然墓出土贵族生活图漆盘 | 杀人祭柱场面贮贝器 | 步辇图 | 水晶杯 | 河姆渡出土朱漆碗 | 河姆渡出土陶灶 | 涅槃變相碑 | 淅川出土铜禁 | 淳化大鼎 | 清明上河圖 | 渔村小雪图 | 游春图 | 滇王之印 | 玉琮王 | 皇后之玺 | 直裾素紗襌衣 | 石鼓 (先秦) | 神兽纹玉樽 | 禁止出境展览文物 | 竹林七賢與榮啟期 | 红地对人兽树纹罽袍 | 红山文化女神像 | 红山文化玉龙 | 舞马衔杯仿皮囊式银壶 | 苦笋帖 | 莲鹤方壶 | 虢季子白盘 | 角形玉杯 | 诅盟场面贮贝器 | 识文彩绘盝顶长方形漆奁 | 越王勾践剑 | 趙佶草書千字文 | 逨盘 | 鑄客銅鼎 | 铜奔马 | 铜浮屠 | 铜车马 | 铜错金银四龙四凤方案 | 長信宮燈 | 陶鹰鼎 | 隋白釉龙柄双联传瓶 | 青花釉里红瓷仓 | 青铜神树 | 青铜立人像 | 鞍马出行图 | 韩熙载夜宴图 | 马王堆一号墓木棺椁 | 马王堆一号汉墓帛画 | 马王堆帛书周易 | 鸭形玻璃注 | 黑漆朱绘六博具 | 齐王墓青铜方镜
水晶杯,https://zh.wikipedia.org/wiki/%E6%B0%B4%E6%99%B6%E6%9D%AF,水晶杯，1990年出土於浙江省杭州市半山鎮石塘村的戰國墓地，現藏杭州市文物考古研究所。是中華人民共和國國家一級文物，2002年列入禁止出國（境）展覽的文物名單。,1990年考古发现 | 中国陪葬品 | 中國傳統酒具 | 吴山 (杭州市) | 战国文物,战国,浙江省 杭州市 （1990年）,杭州市文物考古研究所,,,https://upload.wikimedia.org/wikipedia/commons/thumb/9/99/Crystal_Cup%28Warring_States_Period%29_in_Hangzhou_Museum.JPG/250px-Crystal_Cup%28Warring_States_Period%29_in_Hangzhou_Museum.JPG,“五星出东方利中国”护膊 | 㝬簋 | 七孔玉刀 | 三星堆出土玉边璋 | 三星堆金杖 | 中山王铁足铜鼎 | 五代耀州窑青釉刻花提梁倒流壶 | 五牛圖 | 人物御龙帛画 | 人物龙凤帛画 | 人面鱼纹彩陶盆 | 伯矩鬲 | 何尊 | 八重宝函 | 兽首玛瑙杯 | 凤冠 (定陵) | 刘胜金缕玉衣 | 利簋 | 勘书图 | 北宋刻本《范仲淹文集》 | 卓歇图 | 双鸟朝阳纹牙雕 | 史墙盘 | 吉祥遍至口合本续 | 后母戊鼎 | 唐长沙窑青釉褐彩贴花人物纹壶 | 商周太阳神鸟金饰 | 四羊方尊 | 夏景山口待渡图 | 大克鼎 | 大玉戈 | 大盂鼎 | 大禾方鼎 | 大秦景教流行中国碑 | 天亡簋 | 太保鼎 | 子龙鼎 | 岳麓秦简 | 嵌绿松石象牙杯 | 常阳太尊石像 | 平复帖 | 張好好詩 | 彩漆木雕小座屏 | 彩绘人物故事漆屏 | 彩绘鹳鱼石斧图陶缸 | 彩陶八角星纹豆 | 挥扇仕女图 | 昭陵六骏 | 晉侯穌編鐘 | 景雲鐘 | 曾侯乙墓外棺 | 曾侯乙编钟 | 曾侯乙青铜尊盘 | 朱然墓出土漆木屐 | 朱然墓出土贵族生活图漆盘 | 杀人祭柱场面贮贝器 | 步辇图 | 河姆渡出土朱漆碗 | 河姆渡出土陶灶 | 涅槃變相碑 | 淅川出土铜禁 | 淳化大鼎 | 清明上河圖 | 渔村小雪图 | 游春图 | 滇王之印 | 玉琮王 | 皇后之玺 | 直裾素紗襌衣 | 石鼓 (先秦) | 神兽纹玉樽 | 禁止出境展览文物 | 竹林七賢與榮啟期 | 红地对人兽树纹罽袍 | 红山文化女神像 | 红山文化玉龙 | 舞马衔杯仿皮囊式银壶 | 苦笋帖 | 莲鹤方壶 | 虢季子白盘 | 角形玉杯 | 诅盟场面贮贝器 | 识文彩绘盝顶长方形漆奁 | 越王勾践剑 | 趙佶草書千字文 | 逨盘 | 鑄客銅鼎 | 铜奔马 | 铜浮屠 | 铜车马 | 铜错金银四龙四凤方案 | 長信宮燈 | 陶鹰鼎 | 隋白釉龙柄双联传瓶 | 青花釉里红瓷仓 | 青铜神树 | 青铜立人像 | 鞍马出行图 | 韩熙载夜宴图 | 马王堆一号墓木棺椁 | 马王堆一号汉墓帛画 | 马王堆帛书周易 | 高逸图 | 鸭形玻璃注 | 黑漆朱绘六博具 | 齐王墓青铜方镜
兽面乳钉纹方鼎,https://zh.wikipedia.org/wiki/%E5%85%BD%E9%9D%A2%E4%B9%B3%E9%92%89%E7%BA%B9%E6%96%B9%E9%BC%8E,"兽面乳钉纹方鼎是指1974年出土于河南省郑州市张寨南街杜岭土岗窖藏出土的两尊青铜鼎，又称“杜岭方鼎”。其中较大的一尊又称“杜岭一号鼎”，现藏中国国家博物馆，较小的一尊又称“杜岭二号鼎”，现藏河南博物院。本器采用多范分铸法铸造。
文物时期为商代早期（前1600-前1300年），杜岭一号鼎通高100厘米，口径62.5厘米×61厘米，重86.4公斤；杜岭二号鼎通高87厘米，口径61厘米×61厘米，重64.25公斤。",中國國家博物館藏品 | 使用ISBN魔术链接的页面 | 使用过时图像语法的页面 | 全部小作品 | 商朝青铜器,,,,,杜岭一号鼎：高100厘米，口径62.5厘米×61厘米 杜岭二号鼎：高87厘米，口径61厘米×61厘米; 杜岭一号鼎：86.4千克 杜岭二号鼎：64.25千克,https://upload.wikimedia.org/wikipedia/commons/thumb/6/60/Early_Shang_Bronze_Ding.jpg/250px-Early_Shang_Bronze_Ding.jpg,
神面纹玉戚,https://zh.wikipedia.org/wiki/%E7%A5%9E%E9%9D%A2%E7%BA%B9%E7%8E%89%E6%88%9A,神面纹玉戚，又名神面纹青玉戚，为中华人民共和国山西博物院藏的新石器时代玉器文物，时代约公元前2500年，为国家一级文物。,中国一级文物 | 山西博物院藏品 | 引文格式1错误：日期 | 玉戚 | 龙山文化,,,,,,,
立牛铜葫芦笙,https://zh.wikipedia.org/wiki/%E7%AB%8B%E7%89%9B%E9%93%9C%E8%91%AB%E8%8A%A6%E7%AC%99,立牛铜葫芦笙，战国时期滇国乐器，现为云南省博物馆藏。,中国一级文物 | 中国陪葬品 | 云南省博物馆藏品 | 引文格式1错误：日期 | 战国文物,,,,,,,
唐长沙窑青釉褐彩贴花人物纹壶,https://zh.wikipedia.org/wiki/%E5%94%90%E9%95%BF%E6%B2%99%E7%AA%91%E9%9D%92%E9%87%89%E8%A4%90%E5%BD%A9%E8%B4%B4%E8%8A%B1%E4%BA%BA%E7%89%A9%E7%BA%B9%E5%A3%B6,唐长沙窑青釉褐彩贴花人物纹壶，又名长沙窑褐斑贴花舞蹈人物瓷壶，1973年出土于中国湖南省衡阳市司前街水井，是中华人民共和国禁止出境展览文物，现藏于湖南博物院。,使用了两种注音方式的页面 | 含有注音符號的條目 | 含有漢語拼音的條目 | 唐朝陶瓷 | 湖南省博物馆藏品,唐,1973年湖南衡阳,湖南博物院,,,https://upload.wikimedia.org/wikipedia/commons/thumb/0/0a/%E9%95%BF%E6%B2%99%E7%AA%91%E9%9D%92%E9%87%89%E8%A4%90%E5%BD%A9%E8%B4%B4%E8%8A%B1%E4%BA%BA%E7%89%A9%E7%BA%B9%E5%A3%B6%2C_2018-09-28.jpg/250px-%E9%95%BF%E6%B2%99%E7%AA%91%E9%9D%92%E9%87%89%E8%A4%90%E5%BD%A9%E8%B4%B4%E8%8A%B1%E4%BA%BA%E7%89%A9%E7%BA%B9%E5%A3%B6%2C_2018-09-28.jpg,“五星出东方利中国”护膊 | 㝬簋 | 七孔玉刀 | 三星堆出土玉边璋 | 三星堆金杖 | 中山王铁足铜鼎 | 五代耀州窑青釉刻花提梁倒流壶 | 五牛圖 | 人物御龙帛画 | 人物龙凤帛画 | 人面鱼纹彩陶盆 | 伯矩鬲 | 何尊 | 八重宝函 | 兽首玛瑙杯 | 凤冠 (定陵) | 刘胜金缕玉衣 | 利簋 | 勘书图 | 北宋刻本《范仲淹文集》 | 卓歇图 | 双鸟朝阳纹牙雕 | 史墙盘 | 吉祥遍至口合本续 | 后母戊鼎 | 商周太阳神鸟金饰 | 四羊方尊 | 夏景山口待渡图 | 大克鼎 | 大玉戈 | 大盂鼎 | 大禾方鼎 | 大秦景教流行中国碑 | 天亡簋 | 太保鼎 | 子龙鼎 | 岳麓秦简 | 嵌绿松石象牙杯 | 常阳太尊石像 | 平复帖 | 張好好詩 | 彩漆木雕小座屏 | 彩绘人物故事漆屏 | 彩绘鹳鱼石斧图陶缸 | 彩陶八角星纹豆 | 挥扇仕女图 | 昭陵六骏 | 晉侯穌編鐘 | 景雲鐘 | 曾侯乙墓外棺 | 曾侯乙编钟 | 曾侯乙青铜尊盘 | 朱然墓出土漆木屐 | 朱然墓出土贵族生活图漆盘 | 杀人祭柱场面贮贝器 | 步辇图 | 水晶杯 | 河姆渡出土朱漆碗 | 河姆渡出土陶灶 | 涅槃變相碑 | 淅川出土铜禁 | 淳化大鼎 | 清明上河圖 | 渔村小雪图 | 游春图 | 滇王之印 | 玉琮王 | 皇后之玺 | 直裾素紗襌衣 | 石鼓 (先秦) | 神兽纹玉樽 | 禁止出境展览文物 | 竹林七賢與榮啟期 | 红地对人兽树纹罽袍 | 红山文化女神像 | 红山文化玉龙 | 舞马衔杯仿皮囊式银壶 | 苦笋帖 | 莲鹤方壶 | 虢季子白盘 | 角形玉杯 | 诅盟场面贮贝器 | 识文彩绘盝顶长方形漆奁 | 越王勾践剑 | 趙佶草書千字文 | 逨盘 | 鑄客銅鼎 | 铜奔马 | 铜浮屠 | 铜车马 | 铜错金银四龙四凤方案 | 長信宮燈 | 陶鹰鼎 | 隋白釉龙柄双联传瓶 | 青花釉里红瓷仓 | 青铜神树 | 青铜立人像 | 鞍马出行图 | 韩熙载夜宴图 | 马王堆一号墓木棺椁 | 马王堆一号汉墓帛画 | 马王堆帛书周易 | 高逸图 | 鸭形玻璃注 | 黑漆朱绘六博具 | 齐王墓青铜方镜
三枝俑灯,https://zh.wikipedia.org/wiki/%E4%B8%89%E6%9E%9D%E4%BF%91%E7%81%AF,三枝俑灯，又名三支俑铜灯，出土自中华人民共和国云南省个旧黑玛井东汉墓地，是滇国青铜器的代表作，现为云南省博物馆藏。,中国一级文物 | 云南省博物馆藏品 | 引文格式1错误：日期 | 红河哈尼族彝族自治州文物,,,,,,,
曾侯乙墓外棺,https://zh.wikipedia.org/wiki/%E6%9B%BE%E4%BE%AF%E4%B9%99%E5%A2%93%E5%A4%96%E6%A3%BA,曾侯乙墓外棺，战国时期大型漆器，1978年出土于中国湖北省随县（今随州市）曾侯乙墓，为曾国国君乙的葬具。该棺为中国国家一级文物，现存湖北省博物馆。,湖北省博物館藏品 | 禁止出境展览文物 | 随州文物,战国,湖北省 随县 （1978年）,湖北省博物馆,,,https://upload.wikimedia.org/wikipedia/commons/thumb/1/1f/%E6%9B%BE%E4%BE%AF%E4%B9%99%E5%A2%93%E5%A4%96%E6%A3%BA%EF%BC%8C2014-04-06_01.jpg/330px-%E6%9B%BE%E4%BE%AF%E4%B9%99%E5%A2%93%E5%A4%96%E6%A3%BA%EF%BC%8C2014-04-06_01.jpg,“五星出东方利中国”护膊 | 㝬簋 | 七孔玉刀 | 三星堆出土玉边璋 | 三星堆金杖 | 中山王铁足铜鼎 | 五代耀州窑青釉刻花提梁倒流壶 | 五牛圖 | 人物御龙帛画 | 人物龙凤帛画 | 人面鱼纹彩陶盆 | 伯矩鬲 | 何尊 | 八重宝函 | 兽首玛瑙杯 | 凤冠 (定陵) | 刘胜金缕玉衣 | 利簋 | 勘书图 | 北宋刻本《范仲淹文集》 | 卓歇图 | 双鸟朝阳纹牙雕 | 史墙盘 | 吉祥遍至口合本续 | 后母戊鼎 | 唐长沙窑青釉褐彩贴花人物纹壶 | 商周太阳神鸟金饰 | 四羊方尊 | 夏景山口待渡图 | 大克鼎 | 大玉戈 | 大盂鼎 | 大禾方鼎 | 大秦景教流行中国碑 | 天亡簋 | 太保鼎 | 子龙鼎 | 岳麓秦简 | 嵌绿松石象牙杯 | 常阳太尊石像 | 平复帖 | 張好好詩 | 彩漆木雕小座屏 | 彩绘人物故事漆屏 | 彩绘鹳鱼石斧图陶缸 | 彩陶八角星纹豆 | 挥扇仕女图 | 昭陵六骏 | 晉侯穌編鐘 | 景雲鐘 | 曾侯乙编钟 | 曾侯乙青铜尊盘 | 朱然墓出土漆木屐 | 朱然墓出土贵族生活图漆盘 | 杀人祭柱场面贮贝器 | 步辇图 | 水晶杯 | 河姆渡出土朱漆碗 | 河姆渡出土陶灶 | 涅槃變相碑 | 淅川出土铜禁 | 淳化大鼎 | 清明上河圖 | 渔村小雪图 | 游春图 | 滇王之印 | 玉琮王 | 皇后之玺 | 直裾素紗襌衣 | 石鼓 (先秦) | 神兽纹玉樽 | 禁止出境展览文物 | 竹林七賢與榮啟期 | 红地对人兽树纹罽袍 | 红山文化女神像 | 红山文化玉龙 | 舞马衔杯仿皮囊式银壶 | 苦笋帖 | 莲鹤方壶 | 虢季子白盘 | 角形玉杯 | 诅盟场面贮贝器 | 识文彩绘盝顶长方形漆奁 | 越王勾践剑 | 趙佶草書千字文 | 逨盘 | 鑄客銅鼎 | 铜奔马 | 铜浮屠 | 铜车马 | 铜错金银四龙四凤方案 | 長信宮燈 | 陶鹰鼎 | 隋白釉龙柄双联传瓶 | 青花釉里红瓷仓 | 青铜神树 | 青铜立人像 | 鞍马出行图 | 韩熙载夜宴图 | 马王堆一号墓木棺椁 | 马王堆一号汉墓帛画 | 马王堆帛书周易 | 高逸图 | 鸭形玻璃注 | 黑漆朱绘六博具 | 齐王墓青铜方镜
人物御龙帛画,https://zh.wikipedia.org/wiki/%E4%BA%BA%E7%89%A9%E5%BE%A1%E9%BE%99%E5%B8%9B%E7%94%BB,人物御龙帛画是战国中晚期的帛画精品，1973年于湖南省长沙市子彈庫一號墓出土，是中华人民共和国2002年公布的64件禁止出国（境）展览文物之一，现藏湖南省博物馆。此墓此前还出土过楚帛书。,中国画作品 | 帛画 | 战国文物 | 楚国文物 | 湖南省博物馆藏品,战国,湖南省 长沙市 （1973年）,湖南博物院,,,https://upload.wikimedia.org/wikipedia/commons/thumb/2/20/Changshadragon.jpg/250px-Changshadragon.jpg,“五星出东方利中国”护膊 | 㝬簋 | 七孔玉刀 | 三星堆出土玉边璋 | 三星堆金杖 | 中山王铁足铜鼎 | 五代耀州窑青釉刻花提梁倒流壶 | 五牛圖 | 人物龙凤帛画 | 人面鱼纹彩陶盆 | 伯矩鬲 | 何尊 | 八重宝函 | 兽首玛瑙杯 | 凤冠 (定陵) | 刘胜金缕玉衣 | 利簋 | 勘书图 | 北宋刻本《范仲淹文集》 | 卓歇图 | 双鸟朝阳纹牙雕 | 史墙盘 | 吉祥遍至口合本续 | 后母戊鼎 | 唐长沙窑青釉褐彩贴花人物纹壶 | 商周太阳神鸟金饰 | 四羊方尊 | 夏景山口待渡图 | 大克鼎 | 大玉戈 | 大盂鼎 | 大禾方鼎 | 大秦景教流行中国碑 | 天亡簋 | 太保鼎 | 子龙鼎 | 岳麓秦简 | 嵌绿松石象牙杯 | 常阳太尊石像 | 平复帖 | 張好好詩 | 彩漆木雕小座屏 | 彩绘人物故事漆屏 | 彩绘鹳鱼石斧图陶缸 | 彩陶八角星纹豆 | 挥扇仕女图 | 昭陵六骏 | 晉侯穌編鐘 | 景雲鐘 | 曾侯乙墓外棺 | 曾侯乙编钟 | 曾侯乙青铜尊盘 | 朱然墓出土漆木屐 | 朱然墓出土贵族生活图漆盘 | 杀人祭柱场面贮贝器 | 步辇图 | 水晶杯 | 河姆渡出土朱漆碗 | 河姆渡出土陶灶 | 涅槃變相碑 | 淅川出土铜禁 | 淳化大鼎 | 清明上河圖 | 渔村小雪图 | 游春图 | 滇王之印 | 玉琮王 | 皇后之玺 | 直裾素紗襌衣 | 石鼓 (先秦) | 神兽纹玉樽 | 禁止出境展览文物 | 竹林七賢與榮啟期 | 红地对人兽树纹罽袍 | 红山文化女神像 | 红山文化玉龙 | 舞马衔杯仿皮囊式银壶 | 苦笋帖 | 莲鹤方壶 | 虢季子白盘 | 角形玉杯 | 诅盟场面贮贝器 | 识文彩绘盝顶长方形漆奁 | 越王勾践剑 | 趙佶草書千字文 | 逨盘 | 鑄客銅鼎 | 铜奔马 | 铜浮屠 | 铜车马 | 铜错金银四龙四凤方案 | 長信宮燈 | 陶鹰鼎 | 隋白釉龙柄双联传瓶 | 青花釉里红瓷仓 | 青铜神树 | 青铜立人像 | 鞍马出行图 | 韩熙载夜宴图 | 马王堆一号墓木棺椁 | 马王堆一号汉墓帛画 | 马王堆帛书周易 | 高逸图 | 鸭形玻璃注 | 黑漆朱绘六博具 | 齐王墓青铜方镜
双鸟朝阳纹牙雕,https://zh.wikipedia.org/wiki/%E5%8F%8C%E9%B8%9F%E6%9C%9D%E9%98%B3%E7%BA%B9%E7%89%99%E9%9B%95,"双鸟朝阳纹牙雕是一件新石器时代的牙雕艺术品，现藏于浙江省博物馆。双鸟朝阳纹牙雕出土于浙江余姚河姆渡遗址第二期文化层第226号探方。牙雕长16.6，残宽6.3，厚1.2厘米，以阴线雕刻，由圆锥浅钻而成。中部为一组同心圆，与外侧的火焰状纹形成太阳形象，两侧为对称的双鸟纹，边缘有线条衬托。图像两侧设有6个捆绑或悬挂用的小圆孔，上四下二，均为对称钻而成。
1996年5月12日中国邮政发行的“河姆渡遗址”特种邮票第四张“崇鸟敬日”主题即为双鸟朝阳纹牙雕。


== 参考 ==",余姚市 | 全部小作品 | 宁波文物 | 文化小作品 | 河姆渡文化,新石器时代,浙江 余姚 （1977年）,浙江省博物馆,,,https://upload.wikimedia.org/wikipedia/commons/thumb/2/2b/Butterfly-shaped_ivory_vessel_with_the_pattern_of_two_birds_facing_the_sun%28Neolithic%29_in_Zhejiang_Museum.JPG/250px-Butterfly-shaped_ivory_vessel_with_the_pattern_of_two_birds_facing_the_sun%28Neolithic%29_in_Zhejiang_Museum.JPG,“五星出东方利中国”护膊 | 㝬簋 | 七孔玉刀 | 三星堆出土玉边璋 | 三星堆金杖 | 中山王铁足铜鼎 | 五代耀州窑青釉刻花提梁倒流壶 | 五牛圖 | 人物御龙帛画 | 人物龙凤帛画 | 人面鱼纹彩陶盆 | 伯矩鬲 | 何尊 | 八重宝函 | 兽首玛瑙杯 | 凤冠 (定陵) | 刘胜金缕玉衣 | 利簋 | 勘书图 | 北宋刻本《范仲淹文集》 | 卓歇图 | 史墙盘 | 吉祥遍至口合本续 | 后母戊鼎 | 唐长沙窑青釉褐彩贴花人物纹壶 | 商周太阳神鸟金饰 | 四羊方尊 | 夏景山口待渡图 | 大克鼎 | 大玉戈 | 大盂鼎 | 大禾方鼎 | 大秦景教流行中国碑 | 天亡簋 | 太保鼎 | 子龙鼎 | 岳麓秦简 | 嵌绿松石象牙杯 | 常阳太尊石像 | 平复帖 | 張好好詩 | 彩漆木雕小座屏 | 彩绘人物故事漆屏 | 彩绘鹳鱼石斧图陶缸 | 彩陶八角星纹豆 | 挥扇仕女图 | 昭陵六骏 | 晉侯穌編鐘 | 景雲鐘 | 曾侯乙墓外棺 | 曾侯乙编钟 | 曾侯乙青铜尊盘 | 朱然墓出土漆木屐 | 朱然墓出土贵族生活图漆盘 | 杀人祭柱场面贮贝器 | 步辇图 | 水晶杯 | 河姆渡出土朱漆碗 | 河姆渡出土陶灶 | 涅槃變相碑 | 淅川出土铜禁 | 淳化大鼎 | 清明上河圖 | 渔村小雪图 | 游春图 | 滇王之印 | 玉琮王 | 皇后之玺 | 直裾素紗襌衣 | 石鼓 (先秦) | 神兽纹玉樽 | 禁止出境展览文物 | 竹林七賢與榮啟期 | 红地对人兽树纹罽袍 | 红山文化女神像 | 红山文化玉龙 | 舞马衔杯仿皮囊式银壶 | 苦笋帖 | 莲鹤方壶 | 虢季子白盘 | 角形玉杯 | 诅盟场面贮贝器 | 识文彩绘盝顶长方形漆奁 | 越王勾践剑 | 趙佶草書千字文 | 逨盘 | 鑄客銅鼎 | 铜奔马 | 铜浮屠 | 铜车马 | 铜错金银四龙四凤方案 | 長信宮燈 | 陶鹰鼎 | 隋白釉龙柄双联传瓶 | 青花釉里红瓷仓 | 青铜神树 | 青铜立人像 | 鞍马出行图 | 韩熙载夜宴图 | 马王堆一号墓木棺椁 | 马王堆一号汉墓帛画 | 马王堆帛书周易 | 高逸图 | 鸭形玻璃注 | 黑漆朱绘六博具 | 齐王墓青铜方镜
人物龙凤帛画,https://zh.wikipedia.org/wiki/%E4%BA%BA%E7%89%A9%E9%BE%99%E5%87%A4%E5%B8%9B%E7%94%BB,《人物龙凤帛画》，又称为《龍鳳仕女圖》，是中国东周战国中晚期的帛画精品，1949年出土于湖南省长沙市东南郊楚墓，是现存最早的中国帛画之一，也是中华人民共和国2002年公布的64件禁止出国（境）展览文物之一 。现藏于湖南省博物馆。,中国画作品 | 帛画 | 春秋战国文物 | 楚国文物 | 湖南省博物馆藏品,战国,湖南省 长沙市 （1949年）,湖南博物院,,,https://upload.wikimedia.org/wikipedia/commons/thumb/0/0c/Silk_Painting_of_a_Lady%2C_Phoenix_and_Dragon.jpg/250px-Silk_Painting_of_a_Lady%2C_Phoenix_and_Dragon.jpg,“五星出东方利中国”护膊 | 㝬簋 | 七孔玉刀 | 三星堆出土玉边璋 | 三星堆金杖 | 中山王铁足铜鼎 | 五代耀州窑青釉刻花提梁倒流壶 | 五牛圖 | 人物御龙帛画 | 人面鱼纹彩陶盆 | 伯矩鬲 | 何尊 | 八重宝函 | 兽首玛瑙杯 | 凤冠 (定陵) | 刘胜金缕玉衣 | 利簋 | 勘书图 | 北宋刻本《范仲淹文集》 | 卓歇图 | 双鸟朝阳纹牙雕 | 史墙盘 | 吉祥遍至口合本续 | 后母戊鼎 | 唐长沙窑青釉褐彩贴花人物纹壶 | 商周太阳神鸟金饰 | 四羊方尊 | 夏景山口待渡图 | 大克鼎 | 大玉戈 | 大盂鼎 | 大禾方鼎 | 大秦景教流行中国碑 | 天亡簋 | 太保鼎 | 子龙鼎 | 岳麓秦简 | 嵌绿松石象牙杯 | 常阳太尊石像 | 平复帖 | 張好好詩 | 彩漆木雕小座屏 | 彩绘人物故事漆屏 | 彩绘鹳鱼石斧图陶缸 | 彩陶八角星纹豆 | 挥扇仕女图 | 昭陵六骏 | 晉侯穌編鐘 | 景雲鐘 | 曾侯乙墓外棺 | 曾侯乙编钟 | 曾侯乙青铜尊盘 | 朱然墓出土漆木屐 | 朱然墓出土贵族生活图漆盘 | 杀人祭柱场面贮贝器 | 步辇图 | 水晶杯 | 河姆渡出土朱漆碗 | 河姆渡出土陶灶 | 涅槃變相碑 | 淅川出土铜禁 | 淳化大鼎 | 清明上河圖 | 渔村小雪图 | 游春图 | 滇王之印 | 玉琮王 | 皇后之玺 | 直裾素紗襌衣 | 石鼓 (先秦) | 神兽纹玉樽 | 禁止出境展览文物 | 竹林七賢與榮啟期 | 红地对人兽树纹罽袍 | 红山文化女神像 | 红山文化玉龙 | 舞马衔杯仿皮囊式银壶 | 苦笋帖 | 莲鹤方壶 | 虢季子白盘 | 角形玉杯 | 诅盟场面贮贝器 | 识文彩绘盝顶长方形漆奁 | 越王勾践剑 | 趙佶草書千字文 | 逨盘 | 鑄客銅鼎 | 铜奔马 | 铜浮屠 | 铜车马 | 铜错金银四龙四凤方案 | 長信宮燈 | 陶鹰鼎 | 隋白釉龙柄双联传瓶 | 青花釉里红瓷仓 | 青铜神树 | 青铜立人像 | 鞍马出行图 | 韩熙载夜宴图 | 马王堆一号墓木棺椁 | 马王堆一号汉墓帛画 | 马王堆帛书周易 | 高逸图 | 鸭形玻璃注 | 黑漆朱绘六博具 | 齐王墓青铜方镜
越王者旨於睗剑 (浙江省博物馆藏),https://zh.wikipedia.org/wiki/%E8%B6%8A%E7%8E%8B%E8%80%85%E6%97%A8%E6%96%BC%E7%9D%97%E5%89%91_(%E6%B5%99%E6%B1%9F%E7%9C%81%E5%8D%9A%E7%89%A9%E9%A6%86%E8%97%8F),越王者旨於睗剑，浙江省博物馆馆藏文物，1995年在香港从日本收藏家处购买。该剑是诸多越王者旨於睗剑中的一把，是春秋时期越国君主者旨於睗时期铸造的铜剑。,中国一级文物 | 中文銘文 | 引文格式1错误：日期 | 春秋战国青铜器 | 浙江省博物館藏品,,,,,,,越王者旨於睗剑
大理国银鎏金镶珠金翅鸟,https://zh.wikipedia.org/wiki/%E5%A4%A7%E7%90%86%E5%9B%BD%E9%93%B6%E9%8E%8F%E9%87%91%E9%95%B6%E7%8F%A0%E9%87%91%E7%BF%85%E9%B8%9F,大理国银鎏金镶珠金翅鸟，大理国时期（宋代）文物，1978年发现于云南省大理市崇圣寺主塔千寻塔的塔顶。现藏于云南省博物馆，是一级文物。,中国一级文物 | 云南省博物馆藏品 | 大理国 | 大理市文物 | 维基共享资源分类链接使用了维基数据上的匹配项,,,,,,https://upload.wikimedia.org/wikipedia/commons/thumb/5/54/%E5%A4%A7%E7%90%86%E5%B4%87%E5%9C%A3%E5%AF%BA%E5%8D%83%E5%AF%BB%E5%A1%94%E5%87%BA%E5%9C%9F-%E9%93%B6%E9%8E%8F%E9%87%91%E9%95%B6%E7%8F%A0%E9%87%91%E7%BF%85%E9%B8%9F-%E5%A4%A7%E7%90%86%E5%9B%BD-%E4%BA%91%E5%8D%97%E7%9C%81%E5%8D%9A%E7%89%A9%E9%A6%86_2025-09-18_01.jpg/250px-%E5%A4%A7%E7%90%86%E5%B4%87%E5%9C%A3%E5%AF%BA%E5%8D%83%E5%AF%BB%E5%A1%94%E5%87%BA%E5%9C%9F-%E9%93%B6%E9%8E%8F%E9%87%91%E9%95%B6%E7%8F%A0%E9%87%91%E7%BF%85%E9%B8%9F-%E5%A4%A7%E7%90%86%E5%9B%BD-%E4%BA%91%E5%8D%97%E7%9C%81%E5%8D%9A%E7%89%A9%E9%A6%86_2025-09-18_01.jpg,“五星出东方利中国”护膊 | 一级文物 | 三星堆金杖 | 商周十供 | 大克鼎 | 妇好鸮尊 | 彩绘人物故事漆屏 | 昭陵六骏 | 曾侯乙编钟 | 淅川出土铜禁 | 玉琮王 | 皿方罍 | 石鼓 (先秦) | 聂耳小提琴 | 越王勾践剑 | 铜奔马 | 铜车马 | 铜错金银四龙四凤方案 | 银背光金阿嵯耶观音像 | 長信宮燈 | 青铜神树 | 马王堆一号汉墓帛画
常阳太尊石像,https://zh.wikipedia.org/wiki/%E5%B8%B8%E9%98%B3%E5%A4%AA%E5%B0%8A%E7%9F%B3%E5%83%8F,常阳太尊石像，又称“常阳天尊石像”，是唐代开元时期道教石像，中华人民共和国国家一级文物，禁止出境展览文物之一。原位于运城市安邑镇中陈村景云观遗址，后于1957年移至山西省博物馆（太原重阳宫碑廊，今属山西省艺术博物馆）收藏。,中国石刻雕塑作品 | 中国道教艺术 | 唐朝石刻 | 唐朝道教 | 山西道教,唐,,山西省艺术博物馆,,,https://upload.wikimedia.org/wikipedia/commons/thumb/8/8d/20250602_Statue_of_Laozi_in_the_Chunyang_Temple.jpg/250px-20250602_Statue_of_Laozi_in_the_Chunyang_Temple.jpg,“五星出东方利中国”护膊 | 㝬簋 | 七孔玉刀 | 三星堆出土玉边璋 | 三星堆金杖 | 中山王铁足铜鼎 | 五代耀州窑青釉刻花提梁倒流壶 | 五牛圖 | 人物御龙帛画 | 人物龙凤帛画 | 人面鱼纹彩陶盆 | 伯矩鬲 | 何尊 | 八重宝函 | 兽首玛瑙杯 | 凤冠 (定陵) | 刘胜金缕玉衣 | 利簋 | 勘书图 | 北宋刻本《范仲淹文集》 | 卓歇图 | 双鸟朝阳纹牙雕 | 史墙盘 | 吉祥遍至口合本续 | 后母戊鼎 | 唐长沙窑青釉褐彩贴花人物纹壶 | 商周太阳神鸟金饰 | 四羊方尊 | 夏景山口待渡图 | 大克鼎 | 大玉戈 | 大盂鼎 | 大禾方鼎 | 大秦景教流行中国碑 | 天亡簋 | 太保鼎 | 子龙鼎 | 岳麓秦简 | 嵌绿松石象牙杯 | 平复帖 | 張好好詩 | 彩漆木雕小座屏 | 彩绘人物故事漆屏 | 彩绘鹳鱼石斧图陶缸 | 彩陶八角星纹豆 | 挥扇仕女图 | 昭陵六骏 | 晉侯穌編鐘 | 景雲鐘 | 曾侯乙墓外棺 | 曾侯乙编钟 | 曾侯乙青铜尊盘 | 朱然墓出土漆木屐 | 朱然墓出土贵族生活图漆盘 | 杀人祭柱场面贮贝器 | 步辇图 | 水晶杯 | 河姆渡出土朱漆碗 | 河姆渡出土陶灶 | 涅槃變相碑 | 淅川出土铜禁 | 淳化大鼎 | 清明上河圖 | 渔村小雪图 | 游春图 | 滇王之印 | 玉琮王 | 皇后之玺 | 直裾素紗襌衣 | 石鼓 (先秦) | 神兽纹玉樽 | 禁止出境展览文物 | 竹林七賢與榮啟期 | 红地对人兽树纹罽袍 | 红山文化女神像 | 红山文化玉龙 | 舞马衔杯仿皮囊式银壶 | 苦笋帖 | 莲鹤方壶 | 虢季子白盘 | 角形玉杯 | 诅盟场面贮贝器 | 识文彩绘盝顶长方形漆奁 | 越王勾践剑 | 趙佶草書千字文 | 逨盘 | 鑄客銅鼎 | 铜奔马 | 铜浮屠 | 铜车马 | 铜错金银四龙四凤方案 | 長信宮燈 | 陶鹰鼎 | 隋白釉龙柄双联传瓶 | 青花釉里红瓷仓 | 青铜神树 | 青铜立人像 | 鞍马出行图 | 韩熙载夜宴图 | 马王堆一号墓木棺椁 | 马王堆一号汉墓帛画 | 马王堆帛书周易 | 高逸图 | 鸭形玻璃注 | 黑漆朱绘六博具 | 齐王墓青铜方镜
朱然墓出土贵族生活图漆盘,https://zh.wikipedia.org/wiki/%E6%9C%B1%E7%84%B6%E5%A2%93%E5%87%BA%E5%9C%9F%E8%B4%B5%E6%97%8F%E7%94%9F%E6%B4%BB%E5%9B%BE%E6%BC%86%E7%9B%98,朱然墓出土贵族生活图漆盘为1984年出土于中国安徽省马鞍山市朱然墓中的三国东吴时期的文物。盛食器，直径24.8厘米、高3.5厘米，木胎，盘内壁及底髹红漆，外壁及底髹黑红漆，内外颜色有区别。漆盘内的画面分为三部分：上面为宴宾图；下面为出游图；中间部分又包括三个画面：右侧为驯鹰图、中间为对弈图、左侧为梳妆图。现藏于朱然家族墓地博物馆。,东吴文物 | 中国漆器 | 禁止出境展览文物 | 马鞍山文物,三国,安徽省 马鞍山市 （1984年）,朱然家族墓地博物馆,,,https://upload.wikimedia.org/wikipedia/commons/thumb/3/30/%E8%B4%B5%E6%97%8F%E7%94%9F%E6%B4%BB%E5%9B%BE%E6%BC%86%E7%9B%98%2C_2024-01-06.jpg/250px-%E8%B4%B5%E6%97%8F%E7%94%9F%E6%B4%BB%E5%9B%BE%E6%BC%86%E7%9B%98%2C_2024-01-06.jpg,“五星出东方利中国”护膊 | 㝬簋 | 七孔玉刀 | 三星堆出土玉边璋 | 三星堆金杖 | 中山王铁足铜鼎 | 五代耀州窑青釉刻花提梁倒流壶 | 五牛圖 | 人物御龙帛画 | 人物龙凤帛画 | 人面鱼纹彩陶盆 | 伯矩鬲 | 何尊 | 八重宝函 | 兽首玛瑙杯 | 凤冠 (定陵) | 刘胜金缕玉衣 | 利簋 | 勘书图 | 北宋刻本《范仲淹文集》 | 卓歇图 | 双鸟朝阳纹牙雕 | 史墙盘 | 吉祥遍至口合本续 | 后母戊鼎 | 唐长沙窑青釉褐彩贴花人物纹壶 | 商周太阳神鸟金饰 | 四羊方尊 | 夏景山口待渡图 | 大克鼎 | 大玉戈 | 大盂鼎 | 大禾方鼎 | 大秦景教流行中国碑 | 天亡簋 | 太保鼎 | 子龙鼎 | 岳麓秦简 | 嵌绿松石象牙杯 | 常阳太尊石像 | 平复帖 | 張好好詩 | 彩漆木雕小座屏 | 彩绘人物故事漆屏 | 彩绘鹳鱼石斧图陶缸 | 彩陶八角星纹豆 | 挥扇仕女图 | 昭陵六骏 | 晉侯穌編鐘 | 景雲鐘 | 曾侯乙墓外棺 | 曾侯乙编钟 | 曾侯乙青铜尊盘 | 朱然墓出土漆木屐 | 杀人祭柱场面贮贝器 | 步辇图 | 水晶杯 | 河姆渡出土朱漆碗 | 河姆渡出土陶灶 | 涅槃變相碑 | 淅川出土铜禁 | 淳化大鼎 | 清明上河圖 | 渔村小雪图 | 游春图 | 滇王之印 | 玉琮王 | 皇后之玺 | 直裾素紗襌衣 | 石鼓 (先秦) | 神兽纹玉樽 | 禁止出境展览文物 | 竹林七賢與榮啟期 | 红地对人兽树纹罽袍 | 红山文化女神像 | 红山文化玉龙 | 舞马衔杯仿皮囊式银壶 | 苦笋帖 | 莲鹤方壶 | 虢季子白盘 | 角形玉杯 | 诅盟场面贮贝器 | 识文彩绘盝顶长方形漆奁 | 越王勾践剑 | 趙佶草書千字文 | 逨盘 | 鑄客銅鼎 | 铜奔马 | 铜浮屠 | 铜车马 | 铜错金银四龙四凤方案 | 長信宮燈 | 陶鹰鼎 | 隋白釉龙柄双联传瓶 | 青花釉里红瓷仓 | 青铜神树 | 青铜立人像 | 鞍马出行图 | 韩熙载夜宴图 | 马王堆一号墓木棺椁 | 马王堆一号汉墓帛画 | 马王堆帛书周易 | 高逸图 | 鸭形玻璃注 | 黑漆朱绘六博具 | 齐王墓青铜方镜
三星堆金杖,https://zh.wikipedia.org/wiki/%E4%B8%89%E6%98%9F%E5%A0%86%E9%87%91%E6%9D%96,"三星堆金杖，又名金手杖、古蜀金杖、商金杖，或直接簡稱金杖，是中國四川省三星堆遗址出土的文物，三星堆遗址一号祭祀坑出土。列入""第三批禁止出境展览文物目录""。全长1.42米，直径为2.3厘米，用捶打好的金箔包卷在木杖上，金杖的木质部分在出土前已经已炭化，压扁变形。金杖一端刻有图案。",三星堆遗址 | 中国金器 | 全部小作品 | 古蜀文物 | 德阳文物,商,四川 广汉 三星堆遗址 一号祭祀坑,广汉三星堆博物馆,,,https://upload.wikimedia.org/wikipedia/commons/thumb/b/b2/%E4%B8%89%E6%98%9F%E5%A0%86%E5%87%BA%E5%9C%9F%E6%96%87%E7%89%A914.png/250px-%E4%B8%89%E6%98%9F%E5%A0%86%E5%87%BA%E5%9C%9F%E6%96%87%E7%89%A914.png,“五星出东方利中国”护膊 | 㝬簋 | 七孔玉刀 | 三星堆出土玉边璋 | 中山王铁足铜鼎 | 五代耀州窑青釉刻花提梁倒流壶 | 五牛圖 | 人物御龙帛画 | 人物龙凤帛画 | 人面鱼纹彩陶盆 | 伯矩鬲 | 何尊 | 八重宝函 | 兽首玛瑙杯 | 凤冠 (定陵) | 刘胜金缕玉衣 | 利簋 | 勘书图 | 北宋刻本《范仲淹文集》 | 卓歇图 | 双鸟朝阳纹牙雕 | 史墙盘 | 吉祥遍至口合本续 | 后母戊鼎 | 唐长沙窑青釉褐彩贴花人物纹壶 | 商周太阳神鸟金饰 | 四羊方尊 | 夏景山口待渡图 | 大克鼎 | 大玉戈 | 大盂鼎 | 大禾方鼎 | 大秦景教流行中国碑 | 天亡簋 | 太保鼎 | 子龙鼎 | 岳麓秦简 | 嵌绿松石象牙杯 | 常阳太尊石像 | 平复帖 | 張好好詩 | 彩漆木雕小座屏 | 彩绘人物故事漆屏 | 彩绘鹳鱼石斧图陶缸 | 彩陶八角星纹豆 | 挥扇仕女图 | 昭陵六骏 | 晉侯穌編鐘 | 景雲鐘 | 曾侯乙墓外棺 | 曾侯乙编钟 | 曾侯乙青铜尊盘 | 朱然墓出土漆木屐 | 朱然墓出土贵族生活图漆盘 | 杀人祭柱场面贮贝器 | 步辇图 | 水晶杯 | 河姆渡出土朱漆碗 | 河姆渡出土陶灶 | 涅槃變相碑 | 淅川出土铜禁 | 淳化大鼎 | 清明上河圖 | 渔村小雪图 | 游春图 | 滇王之印 | 玉琮王 | 皇后之玺 | 直裾素紗襌衣 | 石鼓 (先秦) | 神兽纹玉樽 | 禁止出境展览文物 | 竹林七賢與榮啟期 | 红地对人兽树纹罽袍 | 红山文化女神像 | 红山文化玉龙 | 舞马衔杯仿皮囊式银壶 | 苦笋帖 | 莲鹤方壶 | 虢季子白盘 | 角形玉杯 | 诅盟场面贮贝器 | 识文彩绘盝顶长方形漆奁 | 越王勾践剑 | 趙佶草書千字文 | 逨盘 | 鑄客銅鼎 | 铜奔马 | 铜浮屠 | 铜车马 | 铜错金银四龙四凤方案 | 長信宮燈 | 陶鹰鼎 | 隋白釉龙柄双联传瓶 | 青花釉里红瓷仓 | 青铜神树 | 青铜立人像 | 鞍马出行图 | 韩熙载夜宴图 | 马王堆一号墓木棺椁 | 马王堆一号汉墓帛画 | 马王堆帛书周易 | 高逸图 | 鸭形玻璃注 | 黑漆朱绘六博具 | 齐王墓青铜方镜
景雲鐘,https://zh.wikipedia.org/wiki/%E6%99%AF%E9%9B%B2%E9%90%98,景雲鐘是唐代为景龍觀所鑄之青銅鐘，原名“景龙观钟”，開元年間改景龍觀為迎祥觀，故又稱“迎祥觀鐘”。後曾懸掛于西安鐘樓。因铸于唐睿宗景云二年（711年），今稱之為“景云钟”或“景雲銅鐘”。是中華人民共和國國家一級文物，禁止出國（境）展览文物之一。现藏陝西西安碑林博物馆钟亭。,710年代中国 | 711年 | 中国青铜钟 | 中文銘文 | 以年號命名的文物,唐,,西安碑林博物馆,,,https://upload.wikimedia.org/wikipedia/commons/thumb/6/61/Jingyun_bell.jpg/250px-Jingyun_bell.jpg,“五星出东方利中国”护膊 | 㝬簋 | 七孔玉刀 | 三星堆出土玉边璋 | 三星堆金杖 | 中山王铁足铜鼎 | 五代耀州窑青釉刻花提梁倒流壶 | 五牛圖 | 人物御龙帛画 | 人物龙凤帛画 | 人面鱼纹彩陶盆 | 伯矩鬲 | 何尊 | 八重宝函 | 兽首玛瑙杯 | 凤冠 (定陵) | 刘胜金缕玉衣 | 利簋 | 勘书图 | 北宋刻本《范仲淹文集》 | 卓歇图 | 双鸟朝阳纹牙雕 | 史墙盘 | 吉祥遍至口合本续 | 后母戊鼎 | 唐长沙窑青釉褐彩贴花人物纹壶 | 商周太阳神鸟金饰 | 四羊方尊 | 夏景山口待渡图 | 大克鼎 | 大玉戈 | 大盂鼎 | 大禾方鼎 | 大秦景教流行中国碑 | 天亡簋 | 太保鼎 | 子龙鼎 | 岳麓秦简 | 嵌绿松石象牙杯 | 常阳太尊石像 | 平复帖 | 張好好詩 | 彩漆木雕小座屏 | 彩绘人物故事漆屏 | 彩绘鹳鱼石斧图陶缸 | 彩陶八角星纹豆 | 挥扇仕女图 | 昭陵六骏 | 晉侯穌編鐘 | 曾侯乙墓外棺 | 曾侯乙编钟 | 曾侯乙青铜尊盘 | 朱然墓出土漆木屐 | 朱然墓出土贵族生活图漆盘 | 杀人祭柱场面贮贝器 | 步辇图 | 水晶杯 | 河姆渡出土朱漆碗 | 河姆渡出土陶灶 | 涅槃變相碑 | 淅川出土铜禁 | 淳化大鼎 | 清明上河圖 | 渔村小雪图 | 游春图 | 滇王之印 | 玉琮王 | 皇后之玺 | 直裾素紗襌衣 | 石鼓 (先秦) | 神兽纹玉樽 | 禁止出境展览文物 | 竹林七賢與榮啟期 | 红地对人兽树纹罽袍 | 红山文化女神像 | 红山文化玉龙 | 舞马衔杯仿皮囊式银壶 | 苦笋帖 | 莲鹤方壶 | 虢季子白盘 | 角形玉杯 | 诅盟场面贮贝器 | 识文彩绘盝顶长方形漆奁 | 越王勾践剑 | 趙佶草書千字文 | 逨盘 | 鑄客銅鼎 | 铜奔马 | 铜浮屠 | 铜车马 | 铜错金银四龙四凤方案 | 長信宮燈 | 陶鹰鼎 | 隋白釉龙柄双联传瓶 | 青花釉里红瓷仓 | 青铜神树 | 青铜立人像 | 鞍马出行图 | 韩熙载夜宴图 | 马王堆一号墓木棺椁 | 马王堆一号汉墓帛画 | 马王堆帛书周易 | 高逸图 | 鸭形玻璃注 | 黑漆朱绘六博具 | 齐王墓青铜方镜
柉禁,https://zh.wikipedia.org/wiki/%E6%9F%89%E7%A6%81,柉（fán）禁，又称夔（kuí）蝉纹禁、端方铜禁，1901年于陕西宝鸡斗鸡台出土的一件青铜夔蝉纹铜禁。柉禁是自有金石学之后出土的第一件铜禁，此前禁这一类器物只见于古书记载。现藏于美国纽约大都会艺术博物馆。,使用了两种注音方式的页面 | 含有注音符號的條目 | 含有漢語拼音的條目 | 大都會藝術博物館藏品 | 宝鸡文物,,,,,,,
子龙鼎,https://zh.wikipedia.org/wiki/%E5%AD%90%E9%BE%99%E9%BC%8E,子龙鼎，或称商子龙鼎，中国古代青铜器，年代断定为商末周初，国家一级文物，现藏于中国国家博物馆。子龙鼎内壁近口缘处刻有铭文“子龙”二字，并因此而得名。该鼎被中国国家文物局收录到了2013年8月19日发布《第三批禁止出境展览文物目录》中，属于禁止出境展览文物。,中國國家博物館藏品 | 中文銘文 | 商鼎 | 禁止出境展览文物 | 辉县市,商,可能为 河南 辉县,中国国家博物馆,,,https://upload.wikimedia.org/wikipedia/commons/thumb/d/dc/Zilong_Ding.jpg/250px-Zilong_Ding.jpg,“五星出东方利中国”护膊 | 㝬簋 | 七孔玉刀 | 三星堆出土玉边璋 | 三星堆金杖 | 中山王铁足铜鼎 | 五代耀州窑青釉刻花提梁倒流壶 | 五牛圖 | 人物御龙帛画 | 人物龙凤帛画 | 人面鱼纹彩陶盆 | 伯矩鬲 | 何尊 | 八重宝函 | 兽首玛瑙杯 | 凤冠 (定陵) | 刘胜金缕玉衣 | 利簋 | 勘书图 | 北宋刻本《范仲淹文集》 | 卓歇图 | 双鸟朝阳纹牙雕 | 史墙盘 | 吉祥遍至口合本续 | 后母戊鼎 | 唐长沙窑青釉褐彩贴花人物纹壶 | 商周太阳神鸟金饰 | 四羊方尊 | 夏景山口待渡图 | 大克鼎 | 大玉戈 | 大盂鼎 | 大禾方鼎 | 大秦景教流行中国碑 | 天亡簋 | 太保鼎 | 岳麓秦简 | 嵌绿松石象牙杯 | 常阳太尊石像 | 平复帖 | 張好好詩 | 彩漆木雕小座屏 | 彩绘人物故事漆屏 | 彩绘鹳鱼石斧图陶缸 | 彩陶八角星纹豆 | 挥扇仕女图 | 昭陵六骏 | 晉侯穌編鐘 | 景雲鐘 | 曾侯乙墓外棺 | 曾侯乙编钟 | 曾侯乙青铜尊盘 | 朱然墓出土漆木屐 | 朱然墓出土贵族生活图漆盘 | 杀人祭柱场面贮贝器 | 步辇图 | 水晶杯 | 河姆渡出土朱漆碗 | 河姆渡出土陶灶 | 涅槃變相碑 | 淅川出土铜禁 | 淳化大鼎 | 清明上河圖 | 渔村小雪图 | 游春图 | 滇王之印 | 玉琮王 | 皇后之玺 | 直裾素紗襌衣 | 石鼓 (先秦) | 神兽纹玉樽 | 禁止出境展览文物 | 竹林七賢與榮啟期 | 红地对人兽树纹罽袍 | 红山文化女神像 | 红山文化玉龙 | 舞马衔杯仿皮囊式银壶 | 苦笋帖 | 莲鹤方壶 | 虢季子白盘 | 角形玉杯 | 诅盟场面贮贝器 | 识文彩绘盝顶长方形漆奁 | 越王勾践剑 | 趙佶草書千字文 | 逨盘 | 鑄客銅鼎 | 铜奔马 | 铜浮屠 | 铜车马 | 铜错金银四龙四凤方案 | 長信宮燈 | 陶鹰鼎 | 隋白釉龙柄双联传瓶 | 青花釉里红瓷仓 | 青铜神树 | 青铜立人像 | 鞍马出行图 | 韩熙载夜宴图 | 马王堆一号墓木棺椁 | 马王堆一号汉墓帛画 | 马王堆帛书周易 | 高逸图 | 鸭形玻璃注 | 黑漆朱绘六博具 | 齐王墓青铜方镜
盠驹尊,https://zh.wikipedia.org/wiki/%E7%9B%A0%E9%A9%B9%E5%B0%8A,盠驹尊，又称盠青铜驹尊、青铜盠驹尊，中国西周中期青铜器，1955年陕西郿县李村西周铜器窖藏出土。该器作站立马驹形，腹腔中空，背部有长方形口，口上为兽钮小盖，腹侧饰涡纹。颈、胸部铸有铭文9行94字，器盖内铸有铭文3行11字。,中國國家博物館藏品 | 中文銘文 | 使用Unicode扩展汉字的条目 | 使用webfont的页面 | 宝鸡文物,,,,,,,晋侯𣂜壶 | 逨盘
马王堆帛书周易,https://zh.wikipedia.org/wiki/%E9%A9%AC%E7%8E%8B%E5%A0%86%E5%B8%9B%E4%B9%A6%E5%91%A8%E6%98%93,马王堆帛书周易，全称西汉马王堆汉墓帛书《周易》，又被称为帛书周易、帛易等，西汉古籍，是马王堆帛书的一部分，国家一级文物，1973年出土于湖南省长沙市马王堆汉墓，是一部书写在帛卷上的《周易》古籍。该书被中国国家文物局收录到了2013年8月19日发布的《第三批禁止出境展览文物目录》中，属于禁止出境展览文物。现藏于湖南省博物馆。,易经 | 有未列明来源语句的条目 | 湖南省博物馆藏品 | 禁止出境展览文物 | 西汉陪葬文物,西汉,湖南省 长沙市 （1973年）,湖南博物院,,,https://upload.wikimedia.org/wikipedia/commons/thumb/e/ed/Mawangdui_LaoTsu_Ms2.JPG/250px-Mawangdui_LaoTsu_Ms2.JPG,“五星出东方利中国”护膊 | 㝬簋 | 七孔玉刀 | 三星堆出土玉边璋 | 三星堆金杖 | 中山王铁足铜鼎 | 五代耀州窑青釉刻花提梁倒流壶 | 五牛圖 | 人物御龙帛画 | 人物龙凤帛画 | 人面鱼纹彩陶盆 | 伯矩鬲 | 何尊 | 八重宝函 | 兽首玛瑙杯 | 凤冠 (定陵) | 刘胜金缕玉衣 | 利簋 | 勘书图 | 北宋刻本《范仲淹文集》 | 卓歇图 | 双鸟朝阳纹牙雕 | 史墙盘 | 吉祥遍至口合本续 | 后母戊鼎 | 唐长沙窑青釉褐彩贴花人物纹壶 | 商周太阳神鸟金饰 | 四羊方尊 | 夏景山口待渡图 | 大克鼎 | 大玉戈 | 大盂鼎 | 大禾方鼎 | 大秦景教流行中国碑 | 天亡簋 | 太保鼎 | 子龙鼎 | 岳麓秦简 | 嵌绿松石象牙杯 | 常阳太尊石像 | 平复帖 | 張好好詩 | 彩漆木雕小座屏 | 彩绘人物故事漆屏 | 彩绘鹳鱼石斧图陶缸 | 彩陶八角星纹豆 | 挥扇仕女图 | 昭陵六骏 | 晉侯穌編鐘 | 景雲鐘 | 曾侯乙墓外棺 | 曾侯乙编钟 | 曾侯乙青铜尊盘 | 朱然墓出土漆木屐 | 朱然墓出土贵族生活图漆盘 | 杀人祭柱场面贮贝器 | 步辇图 | 水晶杯 | 河姆渡出土朱漆碗 | 河姆渡出土陶灶 | 涅槃變相碑 | 淅川出土铜禁 | 淳化大鼎 | 清明上河圖 | 渔村小雪图 | 游春图 | 滇王之印 | 玉琮王 | 皇后之玺 | 直裾素紗襌衣 | 石鼓 (先秦) | 神兽纹玉樽 | 禁止出境展览文物 | 竹林七賢與榮啟期 | 红地对人兽树纹罽袍 | 红山文化女神像 | 红山文化玉龙 | 舞马衔杯仿皮囊式银壶 | 苦笋帖 | 莲鹤方壶 | 虢季子白盘 | 角形玉杯 | 诅盟场面贮贝器 | 识文彩绘盝顶长方形漆奁 | 越王勾践剑 | 趙佶草書千字文 | 逨盘 | 鑄客銅鼎 | 铜奔马 | 铜浮屠 | 铜车马 | 铜错金银四龙四凤方案 | 長信宮燈 | 陶鹰鼎 | 隋白釉龙柄双联传瓶 | 青花釉里红瓷仓 | 青铜神树 | 青铜立人像 | 鞍马出行图 | 韩熙载夜宴图 | 马王堆一号墓木棺椁 | 马王堆一号汉墓帛画 | 高逸图 | 鸭形玻璃注 | 黑漆朱绘六博具 | 齐王墓青铜方镜
朱然墓出土漆木屐,https://zh.wikipedia.org/wiki/%E6%9C%B1%E7%84%B6%E5%A2%93%E5%87%BA%E5%9C%9F%E6%BC%86%E6%9C%A8%E5%B1%90,朱然墓出土漆木屐是目前中国最古老的漆木屐，至今已有1700多年，于1984年6月出土。 前有一个孔，用作栓绳子，后有两孔作成木屐的形态。在朱然墓漆木屐没有出土以前，一般认为漆木屐是日本人最早发明的，通过朱然墓漆木屐的发现，证实木屐在中国通过唐文化东传到日本，最后在日本逐渐使用。现藏于朱然家族墓地博物馆。,东吴文物 | 中国漆器 | 禁止出境展览文物 | 鞋 | 马鞍山文物,三国,安徽省 马鞍山市 （1984年）,朱然家族墓地博物馆,漆,,https://upload.wikimedia.org/wikipedia/commons/thumb/f/fb/Geta_Unearthed_from_the_Tomb_of_Zhu_Ran_2012-05.JPG/330px-Geta_Unearthed_from_the_Tomb_of_Zhu_Ran_2012-05.JPG,“五星出东方利中国”护膊 | 㝬簋 | 七孔玉刀 | 三星堆出土玉边璋 | 三星堆金杖 | 中山王铁足铜鼎 | 五代耀州窑青釉刻花提梁倒流壶 | 五牛圖 | 人物御龙帛画 | 人物龙凤帛画 | 人面鱼纹彩陶盆 | 伯矩鬲 | 何尊 | 八重宝函 | 兽首玛瑙杯 | 凤冠 (定陵) | 刘胜金缕玉衣 | 利簋 | 勘书图 | 北宋刻本《范仲淹文集》 | 卓歇图 | 双鸟朝阳纹牙雕 | 史墙盘 | 吉祥遍至口合本续 | 后母戊鼎 | 唐长沙窑青釉褐彩贴花人物纹壶 | 商周太阳神鸟金饰 | 四羊方尊 | 夏景山口待渡图 | 大克鼎 | 大玉戈 | 大盂鼎 | 大禾方鼎 | 大秦景教流行中国碑 | 天亡簋 | 太保鼎 | 子龙鼎 | 岳麓秦简 | 嵌绿松石象牙杯 | 常阳太尊石像 | 平复帖 | 張好好詩 | 彩漆木雕小座屏 | 彩绘人物故事漆屏 | 彩绘鹳鱼石斧图陶缸 | 彩陶八角星纹豆 | 挥扇仕女图 | 昭陵六骏 | 晉侯穌編鐘 | 景雲鐘 | 曾侯乙墓外棺 | 曾侯乙编钟 | 曾侯乙青铜尊盘 | 朱然墓出土贵族生活图漆盘 | 杀人祭柱场面贮贝器 | 步辇图 | 水晶杯 | 河姆渡出土朱漆碗 | 河姆渡出土陶灶 | 涅槃變相碑 | 淅川出土铜禁 | 淳化大鼎 | 清明上河圖 | 渔村小雪图 | 游春图 | 滇王之印 | 玉琮王 | 皇后之玺 | 直裾素紗襌衣 | 石鼓 (先秦) | 神兽纹玉樽 | 禁止出境展览文物 | 竹林七賢與榮啟期 | 红地对人兽树纹罽袍 | 红山文化女神像 | 红山文化玉龙 | 舞马衔杯仿皮囊式银壶 | 苦笋帖 | 莲鹤方壶 | 虢季子白盘 | 角形玉杯 | 诅盟场面贮贝器 | 识文彩绘盝顶长方形漆奁 | 越王勾践剑 | 趙佶草書千字文 | 逨盘 | 鑄客銅鼎 | 铜奔马 | 铜浮屠 | 铜车马 | 铜错金银四龙四凤方案 | 長信宮燈 | 陶鹰鼎 | 隋白釉龙柄双联传瓶 | 青花釉里红瓷仓 | 青铜神树 | 青铜立人像 | 鞍马出行图 | 韩熙载夜宴图 | 马王堆一号墓木棺椁 | 马王堆一号汉墓帛画 | 马王堆帛书周易 | 高逸图 | 鸭形玻璃注 | 黑漆朱绘六博具 | 齐王墓青铜方镜
红山文化女神像,https://zh.wikipedia.org/wiki/%E7%BA%A2%E5%B1%B1%E6%96%87%E5%8C%96%E5%A5%B3%E7%A5%9E%E5%83%8F,"红山文化女神像是一件出土于辽宁省凌源市牛河梁遗址的新石器时代晚期文物，是中国第一批禁止出境展览文物之一， 现收藏于辽宁省考古研究所。
头像出土于牛河梁遗址的女神庙址主室西侧，像高22.5厘米，宽23.5厘米，与真人头部大小相当。质地为黄土掺草。
因牛梁河遗址为典型的红山文化，故头像被称为红山文化女神像。",中国塑像 | 禁止出境展览文物 | 红山文化 | 自2016年8月缺少来源的条目 | 辽宁文物,新石器时代,辽宁省 凌源市 牛河梁遗址,牛河梁遗址博物馆,,,,“五星出东方利中国”护膊 | 㝬簋 | 七孔玉刀 | 三星堆出土玉边璋 | 三星堆金杖 | 中山王铁足铜鼎 | 五代耀州窑青釉刻花提梁倒流壶 | 五牛圖 | 人物御龙帛画 | 人物龙凤帛画 | 人面鱼纹彩陶盆 | 伯矩鬲 | 何尊 | 八重宝函 | 兽首玛瑙杯 | 凤冠 (定陵) | 刘胜金缕玉衣 | 利簋 | 勘书图 | 北宋刻本《范仲淹文集》 | 卓歇图 | 双鸟朝阳纹牙雕 | 史墙盘 | 吉祥遍至口合本续 | 后母戊鼎 | 唐长沙窑青釉褐彩贴花人物纹壶 | 商周太阳神鸟金饰 | 四羊方尊 | 夏景山口待渡图 | 大克鼎 | 大玉戈 | 大盂鼎 | 大禾方鼎 | 大秦景教流行中国碑 | 天亡簋 | 太保鼎 | 子龙鼎 | 岳麓秦简 | 嵌绿松石象牙杯 | 常阳太尊石像 | 平复帖 | 張好好詩 | 彩漆木雕小座屏 | 彩绘人物故事漆屏 | 彩绘鹳鱼石斧图陶缸 | 彩陶八角星纹豆 | 挥扇仕女图 | 昭陵六骏 | 晉侯穌編鐘 | 景雲鐘 | 曾侯乙墓外棺 | 曾侯乙编钟 | 曾侯乙青铜尊盘 | 朱然墓出土漆木屐 | 朱然墓出土贵族生活图漆盘 | 杀人祭柱场面贮贝器 | 步辇图 | 水晶杯 | 河姆渡出土朱漆碗 | 河姆渡出土陶灶 | 涅槃變相碑 | 淅川出土铜禁 | 淳化大鼎 | 清明上河圖 | 渔村小雪图 | 游春图 | 滇王之印 | 玉琮王 | 皇后之玺 | 直裾素紗襌衣 | 石鼓 (先秦) | 神兽纹玉樽 | 禁止出境展览文物 | 竹林七賢與榮啟期 | 红地对人兽树纹罽袍 | 红山文化玉龙 | 舞马衔杯仿皮囊式银壶 | 苦笋帖 | 莲鹤方壶 | 虢季子白盘 | 角形玉杯 | 诅盟场面贮贝器 | 识文彩绘盝顶长方形漆奁 | 越王勾践剑 | 趙佶草書千字文 | 逨盘 | 鑄客銅鼎 | 铜奔马 | 铜浮屠 | 铜车马 | 铜错金银四龙四凤方案 | 長信宮燈 | 陶鹰鼎 | 隋白釉龙柄双联传瓶 | 青花釉里红瓷仓 | 青铜神树 | 青铜立人像 | 鞍马出行图 | 韩熙载夜宴图 | 马王堆一号墓木棺椁 | 马王堆一号汉墓帛画 | 马王堆帛书周易 | 高逸图 | 鸭形玻璃注 | 黑漆朱绘六博具 | 齐王墓青铜方镜
弧腹平底彩陶罐,https://zh.wikipedia.org/wiki/%E5%BC%A7%E8%85%B9%E5%B9%B3%E5%BA%95%E5%BD%A9%E9%99%B6%E7%BD%90,弧腹平底彩陶罐，是一个新石器时代仰韶文化庙底沟类型的彩陶罐，藏于山西博物院。,中国一级文物 | 仰韶文化 | 山西博物院藏品 | 引文格式1错误：日期 | 运城文化,,,,陶,,,
伯矩鬲,https://zh.wikipedia.org/wiki/%E4%BC%AF%E7%9F%A9%E9%AC%B2,伯矩鬲（lì），或称牛头纹带盖伯矩鬲、牛头鬲，西周早期青铜器，国家一级文物，1974年出土于中国北京市房山区琉璃河镇黄土坡村的一座西周燕国贵族墓葬。该器虽属炊煮器鬲，但根据铭文，它是一件祭器，是伯矩铸造来祭祀自己的父亲戊的。该鬲被中国国家文物局收录到了2013年8月19日发布《第三批禁止出境展览文物目录》中，属于禁止出境展览文物。该鬲现藏于北京首都博物馆，房山琉璃河西周燕都遗址博物馆展有复制品。,中文銘文 | 使用了两种注音方式的页面 | 北京文物 | 含有注音符號的條目 | 含有漢語拼音的條目,西周,北京市 房山区 琉璃河（1974年）,首都博物馆,,,https://upload.wikimedia.org/wikipedia/commons/thumb/2/25/Bo_Ju_Li.jpg/250px-Bo_Ju_Li.jpg,“五星出东方利中国”护膊 | 㝬簋 | 七孔玉刀 | 三星堆出土玉边璋 | 三星堆金杖 | 中山王铁足铜鼎 | 五代耀州窑青釉刻花提梁倒流壶 | 五牛圖 | 人物御龙帛画 | 人物龙凤帛画 | 人面鱼纹彩陶盆 | 何尊 | 八重宝函 | 兽首玛瑙杯 | 凤冠 (定陵) | 刘胜金缕玉衣 | 利簋 | 勘书图 | 北宋刻本《范仲淹文集》 | 卓歇图 | 双鸟朝阳纹牙雕 | 史墙盘 | 吉祥遍至口合本续 | 后母戊鼎 | 唐长沙窑青釉褐彩贴花人物纹壶 | 商周太阳神鸟金饰 | 四羊方尊 | 夏景山口待渡图 | 大克鼎 | 大玉戈 | 大盂鼎 | 大禾方鼎 | 大秦景教流行中国碑 | 天亡簋 | 太保鼎 | 子龙鼎 | 岳麓秦简 | 嵌绿松石象牙杯 | 常阳太尊石像 | 平复帖 | 張好好詩 | 彩漆木雕小座屏 | 彩绘人物故事漆屏 | 彩绘鹳鱼石斧图陶缸 | 彩陶八角星纹豆 | 挥扇仕女图 | 昭陵六骏 | 晉侯穌編鐘 | 景雲鐘 | 曾侯乙墓外棺 | 曾侯乙编钟 | 曾侯乙青铜尊盘 | 朱然墓出土漆木屐 | 朱然墓出土贵族生活图漆盘 | 杀人祭柱场面贮贝器 | 步辇图 | 水晶杯 | 河姆渡出土朱漆碗 | 河姆渡出土陶灶 | 涅槃變相碑 | 淅川出土铜禁 | 淳化大鼎 | 清明上河圖 | 渔村小雪图 | 游春图 | 滇王之印 | 玉琮王 | 皇后之玺 | 直裾素紗襌衣 | 石鼓 (先秦) | 神兽纹玉樽 | 禁止出境展览文物 | 竹林七賢與榮啟期 | 红地对人兽树纹罽袍 | 红山文化女神像 | 红山文化玉龙 | 舞马衔杯仿皮囊式银壶 | 苦笋帖 | 莲鹤方壶 | 虢季子白盘 | 角形玉杯 | 诅盟场面贮贝器 | 识文彩绘盝顶长方形漆奁 | 越王勾践剑 | 趙佶草書千字文 | 逨盘 | 鑄客銅鼎 | 铜奔马 | 铜浮屠 | 铜车马 | 铜错金银四龙四凤方案 | 長信宮燈 | 陶鹰鼎 | 隋白釉龙柄双联传瓶 | 青花釉里红瓷仓 | 青铜神树 | 青铜立人像 | 鞍马出行图 | 韩熙载夜宴图 | 马王堆一号墓木棺椁 | 马王堆一号汉墓帛画 | 马王堆帛书周易 | 高逸图 | 鸭形玻璃注 | 黑漆朱绘六博具 | 齐王墓青铜方镜
苦笋帖,https://zh.wikipedia.org/wiki/%E8%8B%A6%E7%AC%8B%E5%B8%96,"《苦笋帖》，为唐朝僧人、书法家怀素的草书墨宝，,现藏于上海博物馆.纵24.8厘米,横12厘米,正文2行。是怀素给友人的手札墨迹，内容为：“苦笋及茗异常佳，乃可迳来，怀素上。” 。 为中华人民共和国第二批禁止出国境展览文物。


== 参考来源 ==",上海博物馆藏品 | 唐朝书法作品 | 唐朝文物 | 禁止出境展览文物 | 草書,唐,,上海博物馆,,,https://upload.wikimedia.org/wikipedia/commons/thumb/5/50/%E6%80%80%E7%B4%A0_%E8%8B%A6%E7%AC%8B%E5%B8%96.jpg/250px-%E6%80%80%E7%B4%A0_%E8%8B%A6%E7%AC%8B%E5%B8%96.jpg,“五星出东方利中国”护膊 | 㝬簋 | 七孔玉刀 | 三星堆出土玉边璋 | 三星堆金杖 | 中山王铁足铜鼎 | 五代耀州窑青釉刻花提梁倒流壶 | 五牛圖 | 人物御龙帛画 | 人物龙凤帛画 | 人面鱼纹彩陶盆 | 伯矩鬲 | 何尊 | 八重宝函 | 兽首玛瑙杯 | 凤冠 (定陵) | 刘胜金缕玉衣 | 利簋 | 勘书图 | 北宋刻本《范仲淹文集》 | 卓歇图 | 双鸟朝阳纹牙雕 | 史墙盘 | 吉祥遍至口合本续 | 后母戊鼎 | 唐长沙窑青釉褐彩贴花人物纹壶 | 商周太阳神鸟金饰 | 四羊方尊 | 夏景山口待渡图 | 大克鼎 | 大玉戈 | 大盂鼎 | 大禾方鼎 | 大秦景教流行中国碑 | 天亡簋 | 太保鼎 | 子龙鼎 | 岳麓秦简 | 嵌绿松石象牙杯 | 常阳太尊石像 | 平复帖 | 張好好詩 | 彩漆木雕小座屏 | 彩绘人物故事漆屏 | 彩绘鹳鱼石斧图陶缸 | 彩陶八角星纹豆 | 挥扇仕女图 | 昭陵六骏 | 晉侯穌編鐘 | 景雲鐘 | 曾侯乙墓外棺 | 曾侯乙编钟 | 曾侯乙青铜尊盘 | 朱然墓出土漆木屐 | 朱然墓出土贵族生活图漆盘 | 杀人祭柱场面贮贝器 | 步辇图 | 水晶杯 | 河姆渡出土朱漆碗 | 河姆渡出土陶灶 | 涅槃變相碑 | 淅川出土铜禁 | 淳化大鼎 | 清明上河圖 | 渔村小雪图 | 游春图 | 滇王之印 | 玉琮王 | 皇后之玺 | 直裾素紗襌衣 | 石鼓 (先秦) | 神兽纹玉樽 | 禁止出境展览文物 | 竹林七賢與榮啟期 | 红地对人兽树纹罽袍 | 红山文化女神像 | 红山文化玉龙 | 舞马衔杯仿皮囊式银壶 | 莲鹤方壶 | 虢季子白盘 | 角形玉杯 | 诅盟场面贮贝器 | 识文彩绘盝顶长方形漆奁 | 越王勾践剑 | 趙佶草書千字文 | 逨盘 | 鑄客銅鼎 | 铜奔马 | 铜浮屠 | 铜车马 | 铜错金银四龙四凤方案 | 長信宮燈 | 陶鹰鼎 | 隋白釉龙柄双联传瓶 | 青花釉里红瓷仓 | 青铜神树 | 青铜立人像 | 鞍马出行图 | 韩熙载夜宴图 | 马王堆一号墓木棺椁 | 马王堆一号汉墓帛画 | 马王堆帛书周易 | 高逸图 | 鸭形玻璃注 | 黑漆朱绘六博具 | 齐王墓青铜方镜
虎食人卣,https://zh.wikipedia.org/wiki/%E8%99%8E%E9%A3%9F%E4%BA%BA%E5%8D%A3,虎食人卣（yǒu），又称虎卣（yǒu），是商周时期的青铜酒器，屬於卣的一類。最早发现于湖南省宁乡县，最早出土的两个虎卣現位於日本和法国。中国民间收藏有六、七个，所有的器物在大小、器型、纹饰都有差别。现藏于日本的虎卣重量达到5.09公斤，通高35.7厘米，口缘直径10.4×9.0厘米；藏于法国的虎卣重量达到6.5公斤，长度是24厘米，高度是32厘米，宽度是19厘米。,使用了三种注音方式的页面 | 卣 | 含有注音符號的條目 | 含有漢語拼音的條目 | 商朝青铜器,,,,,,,
利簋,https://zh.wikipedia.org/wiki/%E5%88%A9%E7%B0%8B,利簋（guǐ），西周早期青銅器。為周武王時官吏利所作，故名。因其銘文中有“珷征商”字樣，又被稱為“武王征商簋”。1976年出土於陝西臨潼縣（今西安市临潼区），現藏中国国家博物馆。2002年入选禁止出国(境)展览文物名录。,1976年考古发现 | 中國國家博物館藏品 | 中文銘文 | 临潼区 | 使用了两种注音方式的页面,西周,陕西省 临潼县 （1976年）,中国国家博物馆,,,https://upload.wikimedia.org/wikipedia/commons/thumb/7/79/Li_Gui%2C_2016-09-09_01.jpg/250px-Li_Gui%2C_2016-09-09_01.jpg,“五星出东方利中国”护膊 | 㝬簋 | 七孔玉刀 | 三星堆出土玉边璋 | 三星堆金杖 | 中山王铁足铜鼎 | 五代耀州窑青釉刻花提梁倒流壶 | 五牛圖 | 人物御龙帛画 | 人物龙凤帛画 | 人面鱼纹彩陶盆 | 伯矩鬲 | 何尊 | 八重宝函 | 兽首玛瑙杯 | 凤冠 (定陵) | 刘胜金缕玉衣 | 勘书图 | 北宋刻本《范仲淹文集》 | 卓歇图 | 双鸟朝阳纹牙雕 | 史墙盘 | 吉祥遍至口合本续 | 后母戊鼎 | 唐长沙窑青釉褐彩贴花人物纹壶 | 商周太阳神鸟金饰 | 四羊方尊 | 夏景山口待渡图 | 大克鼎 | 大玉戈 | 大盂鼎 | 大禾方鼎 | 大秦景教流行中国碑 | 天亡簋 | 太保鼎 | 子龙鼎 | 岳麓秦简 | 嵌绿松石象牙杯 | 常阳太尊石像 | 平复帖 | 張好好詩 | 彩漆木雕小座屏 | 彩绘人物故事漆屏 | 彩绘鹳鱼石斧图陶缸 | 彩陶八角星纹豆 | 挥扇仕女图 | 昭陵六骏 | 晉侯穌編鐘 | 景雲鐘 | 曾侯乙墓外棺 | 曾侯乙编钟 | 曾侯乙青铜尊盘 | 朱然墓出土漆木屐 | 朱然墓出土贵族生活图漆盘 | 杀人祭柱场面贮贝器 | 步辇图 | 水晶杯 | 河姆渡出土朱漆碗 | 河姆渡出土陶灶 | 涅槃變相碑 | 淅川出土铜禁 | 淳化大鼎 | 清明上河圖 | 渔村小雪图 | 游春图 | 滇王之印 | 玉琮王 | 皇后之玺 | 直裾素紗襌衣 | 石鼓 (先秦) | 神兽纹玉樽 | 禁止出境展览文物 | 竹林七賢與榮啟期 | 红地对人兽树纹罽袍 | 红山文化女神像 | 红山文化玉龙 | 舞马衔杯仿皮囊式银壶 | 苦笋帖 | 莲鹤方壶 | 虢季子白盘 | 角形玉杯 | 诅盟场面贮贝器 | 识文彩绘盝顶长方形漆奁 | 越王勾践剑 | 趙佶草書千字文 | 逨盘 | 鑄客銅鼎 | 铜奔马 | 铜浮屠 | 铜车马 | 铜错金银四龙四凤方案 | 長信宮燈 | 陶鹰鼎 | 隋白釉龙柄双联传瓶 | 青花釉里红瓷仓 | 青铜神树 | 青铜立人像 | 鞍马出行图 | 韩熙载夜宴图 | 马王堆一号墓木棺椁 | 马王堆一号汉墓帛画 | 马王堆帛书周易 | 高逸图 | 鸭形玻璃注 | 黑漆朱绘六博具 | 齐王墓青铜方镜
三星堆跪坐人像,https://zh.wikipedia.org/wiki/%E4%B8%89%E6%98%9F%E5%A0%86%E8%B7%AA%E5%9D%90%E4%BA%BA%E5%83%8F,"青铜跪坐人像，是於中國四川省三星堆遗址出土的文物，距今已有3,000多年历史。高14.6厘米，形状若相扑运动员。",三星堆遗址 | 中国一级文物 | 全部小作品 | 古蜀文物 | 四川小作品,,,,,,,
河姆渡出土朱漆碗,https://zh.wikipedia.org/wiki/%E6%B2%B3%E5%A7%86%E6%B8%A1%E5%87%BA%E5%9C%9F%E6%9C%B1%E6%BC%86%E7%A2%97,"河姆渡出土朱漆碗是中国禁止出境展览文物之一，于1977年在浙江河姆渡新石器时代遗址第二期文化层231号探方出土。材质为木质，碗口径10.6×9.2厘米、高5.7厘米、底径7.6×7.2厘米。外壁均有一层朱红色涂料（大部剥落），经鉴定为该涂料生漆。此发现说明在史前时期河姆渡先民已用天然漆装饰生活器具。朱漆碗现藏于浙江省博物馆。


== 參考資料 ==",1977年考古发现 | 中国漆器 | 余姚市 | 宁波文物 | 河姆渡文化,,,,漆,,,“五星出东方利中国”护膊 | 㝬簋 | 七孔玉刀 | 三星堆出土玉边璋 | 三星堆金杖 | 中山王铁足铜鼎 | 五代耀州窑青釉刻花提梁倒流壶 | 五牛圖 | 人物御龙帛画 | 人物龙凤帛画 | 人面鱼纹彩陶盆 | 伯矩鬲 | 何尊 | 八重宝函 | 兽首玛瑙杯 | 凤冠 (定陵) | 刘胜金缕玉衣 | 利簋 | 勘书图 | 北宋刻本《范仲淹文集》 | 卓歇图 | 双鸟朝阳纹牙雕 | 史墙盘 | 吉祥遍至口合本续 | 后母戊鼎 | 唐长沙窑青釉褐彩贴花人物纹壶 | 商周太阳神鸟金饰 | 四羊方尊 | 夏景山口待渡图 | 大克鼎 | 大玉戈 | 大盂鼎 | 大禾方鼎 | 大秦景教流行中国碑 | 天亡簋 | 太保鼎 | 子龙鼎 | 岳麓秦简 | 嵌绿松石象牙杯 | 常阳太尊石像 | 平复帖 | 張好好詩 | 彩漆木雕小座屏 | 彩绘人物故事漆屏 | 彩绘鹳鱼石斧图陶缸 | 彩陶八角星纹豆 | 挥扇仕女图 | 昭陵六骏 | 晉侯穌編鐘 | 景雲鐘 | 曾侯乙墓外棺 | 曾侯乙编钟 | 曾侯乙青铜尊盘 | 朱然墓出土漆木屐 | 朱然墓出土贵族生活图漆盘 | 杀人祭柱场面贮贝器 | 步辇图 | 水晶杯 | 河姆渡出土陶灶 | 涅槃變相碑 | 淅川出土铜禁 | 淳化大鼎 | 清明上河圖 | 渔村小雪图 | 游春图 | 滇王之印 | 玉琮王 | 皇后之玺 | 直裾素紗襌衣 | 石鼓 (先秦) | 神兽纹玉樽 | 禁止出境展览文物 | 竹林七賢與榮啟期 | 红地对人兽树纹罽袍 | 红山文化女神像 | 红山文化玉龙 | 舞马衔杯仿皮囊式银壶 | 苦笋帖 | 莲鹤方壶 | 虢季子白盘 | 角形玉杯 | 诅盟场面贮贝器 | 识文彩绘盝顶长方形漆奁 | 越王勾践剑 | 趙佶草書千字文 | 逨盘 | 鑄客銅鼎 | 铜奔马 | 铜浮屠 | 铜车马 | 铜错金银四龙四凤方案 | 長信宮燈 | 陶鹰鼎 | 隋白釉龙柄双联传瓶 | 青花釉里红瓷仓 | 青铜神树 | 青铜立人像 | 鞍马出行图 | 韩熙载夜宴图 | 马王堆一号墓木棺椁 | 马王堆一号汉墓帛画 | 马王堆帛书周易 | 高逸图 | 鸭形玻璃注 | 黑漆朱绘六博具 | 齐王墓青铜方镜
诅盟场面贮贝器,https://zh.wikipedia.org/wiki/%E8%AF%85%E7%9B%9F%E5%9C%BA%E9%9D%A2%E8%B4%AE%E8%B4%9D%E5%99%A8,诅盟场面贮贝器，或称诅盟场面铜贮贝器、诅盟场面青铜贮贝器，中国西汉时期文物，1955年至1960年间于云南省昆明市晋宁区上蒜镇石寨村石寨山出土。该器为青铜铸造，通高53厘米，盖径32厘米，底径29.7厘米。出土时器内贮贝300余枚，器盖上铸圆雕立体人物127人，以干栏式建筑上的人物活动为中心，表现了滇王杀祭诅盟的典礼场面。2013年8月19日，诅盟场面贮贝器被国家文物局收录到公布的《第三批禁止出境展览文物目录》中，属于禁止出境展览文物。现藏于中国国家博物馆。,中國國家博物館藏品 | 含有缺少网址的网站引用的页面 | 昆明文物 | 条目有永久失效的外部链接 | 禁止出境展览文物,西汉,云南省 昆明市 晋宁区 上蒜镇 石寨村 石寨山,中国国家博物馆,,,https://upload.wikimedia.org/wikipedia/commons/thumb/6/66/Bronze_Cowrie_Container_with_Sacrificial_Ceremomy_Scene.jpg/250px-Bronze_Cowrie_Container_with_Sacrificial_Ceremomy_Scene.jpg,“五星出东方利中国”护膊 | 㝬簋 | 七孔玉刀 | 三星堆出土玉边璋 | 三星堆金杖 | 中山王铁足铜鼎 | 五代耀州窑青釉刻花提梁倒流壶 | 五牛圖 | 人物御龙帛画 | 人物龙凤帛画 | 人面鱼纹彩陶盆 | 伯矩鬲 | 何尊 | 八重宝函 | 兽首玛瑙杯 | 凤冠 (定陵) | 刘胜金缕玉衣 | 利簋 | 勘书图 | 北宋刻本《范仲淹文集》 | 卓歇图 | 双鸟朝阳纹牙雕 | 史墙盘 | 吉祥遍至口合本续 | 后母戊鼎 | 唐长沙窑青釉褐彩贴花人物纹壶 | 商周太阳神鸟金饰 | 四羊方尊 | 夏景山口待渡图 | 大克鼎 | 大玉戈 | 大盂鼎 | 大禾方鼎 | 大秦景教流行中国碑 | 天亡簋 | 太保鼎 | 子龙鼎 | 岳麓秦简 | 嵌绿松石象牙杯 | 常阳太尊石像 | 平复帖 | 張好好詩 | 彩漆木雕小座屏 | 彩绘人物故事漆屏 | 彩绘鹳鱼石斧图陶缸 | 彩陶八角星纹豆 | 挥扇仕女图 | 昭陵六骏 | 晉侯穌編鐘 | 景雲鐘 | 曾侯乙墓外棺 | 曾侯乙编钟 | 曾侯乙青铜尊盘 | 朱然墓出土漆木屐 | 朱然墓出土贵族生活图漆盘 | 杀人祭柱场面贮贝器 | 步辇图 | 水晶杯 | 河姆渡出土朱漆碗 | 河姆渡出土陶灶 | 涅槃變相碑 | 淅川出土铜禁 | 淳化大鼎 | 清明上河圖 | 渔村小雪图 | 游春图 | 滇王之印 | 玉琮王 | 皇后之玺 | 直裾素紗襌衣 | 石鼓 (先秦) | 神兽纹玉樽 | 禁止出境展览文物 | 竹林七賢與榮啟期 | 红地对人兽树纹罽袍 | 红山文化女神像 | 红山文化玉龙 | 舞马衔杯仿皮囊式银壶 | 苦笋帖 | 莲鹤方壶 | 虢季子白盘 | 角形玉杯 | 识文彩绘盝顶长方形漆奁 | 越王勾践剑 | 趙佶草書千字文 | 逨盘 | 鑄客銅鼎 | 铜奔马 | 铜浮屠 | 铜车马 | 铜错金银四龙四凤方案 | 長信宮燈 | 陶鹰鼎 | 隋白釉龙柄双联传瓶 | 青花釉里红瓷仓 | 青铜神树 | 青铜立人像 | 鞍马出行图 | 韩熙载夜宴图 | 马王堆一号墓木棺椁 | 马王堆一号汉墓帛画 | 马王堆帛书周易 | 高逸图 | 鸭形玻璃注 | 黑漆朱绘六博具 | 齐王墓青铜方镜
班簋,https://zh.wikipedia.org/wiki/%E7%8F%AD%E7%B0%8B,"班簋是西周中期的青铜酒器。班簋内有铭文190余字，铭文講述的是周天子讓毛伯接替虢公的官职，让其辅佐周王室，然後毛伯率軍討伐瘠戎，最終班师回朝。班簋的主人是毛班，有學者認為他是周穆王時代的人，也有人認為班簋的年代為周成王時期。
班簋出土時間未知，乾隆時就已由故宫收藏，《西清古鉴》第十三卷就提到了毛伯彝，即班簋。八国联军侵占北京时班簋流落至他處。1972年北京文物工作者在有色金属供应站从废铜中拣出班簋，修复後先由北京市文物局收藏。後來又被首都博物館收藏。


== 參考資料 ==",中文銘文 | 簋 | 西周青铜器 | 首都博物馆藏品,,,,,,,
乳钉纹角,https://zh.wikipedia.org/wiki/%E4%B9%B3%E9%92%89%E7%BA%B9%E8%A7%92,乳钉纹角，又称管流爵，为夏朝晚期的一个酒具，现藏于上海博物馆。,上海博物馆藏品 | 中国一级文物 | 二里头文化 | 夏朝青铜器,,,,,,,
康侯簋,https://zh.wikipedia.org/wiki/%E5%BA%B7%E4%BE%AF%E7%B0%8B,"康侯簋（ㄍㄨㄟˇ）（又称“沫司徒疑簋”）是一件西周青铜器，1931年出土于中国河南省鶴壁市淇濱區金山街道辛村卫国墓地，1977年入藏伦敦大英博物馆。
该青铜器制作于约公元前1100年至公元前1000年，器高21厘米。器形见《商周彝器通考》259页，器铭文见《殷周金文集成》4056页。其铭文记载了周成王征伐商邑的武庚叛乱返回后，“令康侯啚于卫”，也就是封建康叔于卫。",中文銘文 | 使用过时图像语法的页面 | 大英博物館的亞洲藏品 | 容器 | 流失海外的中国文物,,,,,高21.6厘米，直径42厘米,https://upload.wikimedia.org/wikipedia/commons/thumb/9/91/British_Museum_Kang_Hou_Gui_Front.jpg/250px-British_Museum_Kang_Hou_Gui_Front.jpg,
噩侯驭方鼎,https://zh.wikipedia.org/wiki/%E5%99%A9%E4%BE%AF%E9%A9%AD%E6%96%B9%E9%BC%8E,噩侯驭方鼎，又作鄂侯馭方鼎，是一件西周晚期青铜鼎，目前藏于上海博物馆若韵轩内，该鼎通高35厘米，口径30.2厘米，内有铭文86字。该鼎曾参与上海博物馆“汉淮传奇——噩国青铜器精粹展”。,上海博物馆藏品 | 中文銘文 | 南阳历史 | 含有访问日期但无网址的引用的页面 | 西周青铜器,西周,,,,通高35，口径30.2（单位：厘米）,,
梁山七器,https://zh.wikipedia.org/wiki/%E6%A2%81%E5%B1%B1%E4%B8%83%E5%99%A8,"梁山七器是于清朝咸丰年间（一说道光年间）山东寿张县梁山出土的七件西周青铜器。这些青铜器器型庄重，纹饰华丽，是商周青铜器中的精品。
梁山七器包括：小臣艅犀尊、大保簋、大史友甗、大保方鼎一、大保方鼎二、伯𡩜盉、伯𡩜鼎。大保方鼎一是中国馆藏的唯一一件“梁山七器”，收藏于天津博物馆。


== 注释 ==",中国七大 | 使用Unicode扩展汉字的条目 | 条目有永久失效的外部链接 | 泰安文物 | 清朝并称,,,,,,,太保鼎 | 小臣艅犀尊
渔村小雪图,https://zh.wikipedia.org/wiki/%E6%B8%94%E6%9D%91%E5%B0%8F%E9%9B%AA%E5%9B%BE,"《渔村小雪图》为北宋画家、驸马王诜（1048—1104）的山水画代表作之一，绢本设色，纵44.5厘米，横219.5厘米，现藏于北京故宫博物院。 
《渔村小雪图》描绘冬日雪后初晴的渔村山林景色，烟江云山、寒林幽谷中，忙碌的撒网渔民，与泊舟浅酌的文人雅士形成动静对比，体现画家对山林田园隐逸生活的向往。构图采用深远法，又以白粉和金粉，表现雪后初晴阳光照耀的耀眼。 
《渔村小雪图》在北宋由宣和内府收藏，著录于北宋《宣和画谱》，有宋徽宗的瘦金体题名“王诜渔村小雪”和内府藏印，画尾有“内府所藏王诜四卷中此为第一”。此画在明末流落民间，曾由王翚、年羹尧收藏，后没入内务府，乾隆题诗：“已觉冷风拂面浦，又如湿气...",11世纪画作 | 宋朝绘画作品 | 故宫博物院藏品 | 禁止出境展览文物,宋,,故宫博物院,,44.5 cm × 219.5 cm（17.5英寸 × 86.4英寸）,,“五星出东方利中国”护膊 | 㝬簋 | 七孔玉刀 | 三星堆出土玉边璋 | 三星堆金杖 | 中山王铁足铜鼎 | 五代耀州窑青釉刻花提梁倒流壶 | 五牛圖 | 人物御龙帛画 | 人物龙凤帛画 | 人面鱼纹彩陶盆 | 伯矩鬲 | 何尊 | 八重宝函 | 兽首玛瑙杯 | 凤冠 (定陵) | 刘胜金缕玉衣 | 利簋 | 勘书图 | 北宋刻本《范仲淹文集》 | 卓歇图 | 双鸟朝阳纹牙雕 | 史墙盘 | 吉祥遍至口合本续 | 后母戊鼎 | 唐长沙窑青釉褐彩贴花人物纹壶 | 商周太阳神鸟金饰 | 四羊方尊 | 夏景山口待渡图 | 大克鼎 | 大玉戈 | 大盂鼎 | 大禾方鼎 | 大秦景教流行中国碑 | 天亡簋 | 太保鼎 | 子龙鼎 | 岳麓秦简 | 嵌绿松石象牙杯 | 常阳太尊石像 | 平复帖 | 張好好詩 | 彩漆木雕小座屏 | 彩绘人物故事漆屏 | 彩绘鹳鱼石斧图陶缸 | 彩陶八角星纹豆 | 挥扇仕女图 | 昭陵六骏 | 晉侯穌編鐘 | 景雲鐘 | 曾侯乙墓外棺 | 曾侯乙编钟 | 曾侯乙青铜尊盘 | 朱然墓出土漆木屐 | 朱然墓出土贵族生活图漆盘 | 杀人祭柱场面贮贝器 | 步辇图 | 水晶杯 | 河姆渡出土朱漆碗 | 河姆渡出土陶灶 | 涅槃變相碑 | 淅川出土铜禁 | 淳化大鼎 | 清明上河圖 | 游春图 | 滇王之印 | 玉琮王 | 皇后之玺 | 直裾素紗襌衣 | 石鼓 (先秦) | 神兽纹玉樽 | 禁止出境展览文物 | 竹林七賢與榮啟期 | 红地对人兽树纹罽袍 | 红山文化女神像 | 红山文化玉龙 | 舞马衔杯仿皮囊式银壶 | 苦笋帖 | 莲鹤方壶 | 虢季子白盘 | 角形玉杯 | 诅盟场面贮贝器 | 识文彩绘盝顶长方形漆奁 | 越王勾践剑 | 趙佶草書千字文 | 逨盘 | 鑄客銅鼎 | 铜奔马 | 铜浮屠 | 铜车马 | 铜错金银四龙四凤方案 | 長信宮燈 | 陶鹰鼎 | 隋白釉龙柄双联传瓶 | 青花釉里红瓷仓 | 青铜神树 | 青铜立人像 | 鞍马出行图 | 韩熙载夜宴图 | 马王堆一号墓木棺椁 | 马王堆一号汉墓帛画 | 马王堆帛书周易 | 高逸图 | 鸭形玻璃注 | 黑漆朱绘六博具 | 齐王墓青铜方镜
杀人祭柱场面贮贝器,https://zh.wikipedia.org/wiki/%E6%9D%80%E4%BA%BA%E7%A5%AD%E6%9F%B1%E5%9C%BA%E9%9D%A2%E8%B4%AE%E8%B4%9D%E5%99%A8,杀人祭柱场面贮贝器，中国西汉时期文物，禁止出境展览文物，1955年于云南省昆明市晋宁区上蒜镇石寨村石寨山甲区一号墓出土。器身呈四耳铜鼓形，器盖上铸刻有古滇国杀人祭柱的祭祀场面。出土时器身稍有残缺，器内盛有贝币。现藏于云南省博物馆。,云南省博物馆藏品 | 含有缺少网址的网站引用的页面 | 昆明文物 | 条目有永久失效的外部链接 | 禁止出境展览文物,西汉,云南省 昆明市 晋宁区 上蒜镇 石寨村 石寨山,云南省博物馆,,,https://upload.wikimedia.org/wikipedia/commons/thumb/b/b0/%E6%9D%80%E4%BA%BA%E7%A5%AD%E6%9F%B1%E9%93%9C%E8%B4%AE%E8%B4%9D%E5%99%A8.jpg/250px-%E6%9D%80%E4%BA%BA%E7%A5%AD%E6%9F%B1%E9%93%9C%E8%B4%AE%E8%B4%9D%E5%99%A8.jpg,“五星出东方利中国”护膊 | 㝬簋 | 七孔玉刀 | 三星堆出土玉边璋 | 三星堆金杖 | 中山王铁足铜鼎 | 五代耀州窑青釉刻花提梁倒流壶 | 五牛圖 | 人物御龙帛画 | 人物龙凤帛画 | 人面鱼纹彩陶盆 | 伯矩鬲 | 何尊 | 八重宝函 | 兽首玛瑙杯 | 凤冠 (定陵) | 刘胜金缕玉衣 | 利簋 | 勘书图 | 北宋刻本《范仲淹文集》 | 卓歇图 | 双鸟朝阳纹牙雕 | 史墙盘 | 吉祥遍至口合本续 | 后母戊鼎 | 唐长沙窑青釉褐彩贴花人物纹壶 | 商周太阳神鸟金饰 | 四羊方尊 | 夏景山口待渡图 | 大克鼎 | 大玉戈 | 大盂鼎 | 大禾方鼎 | 大秦景教流行中国碑 | 天亡簋 | 太保鼎 | 子龙鼎 | 岳麓秦简 | 嵌绿松石象牙杯 | 常阳太尊石像 | 平复帖 | 張好好詩 | 彩漆木雕小座屏 | 彩绘人物故事漆屏 | 彩绘鹳鱼石斧图陶缸 | 彩陶八角星纹豆 | 挥扇仕女图 | 昭陵六骏 | 晉侯穌編鐘 | 景雲鐘 | 曾侯乙墓外棺 | 曾侯乙编钟 | 曾侯乙青铜尊盘 | 朱然墓出土漆木屐 | 朱然墓出土贵族生活图漆盘 | 步辇图 | 水晶杯 | 河姆渡出土朱漆碗 | 河姆渡出土陶灶 | 涅槃變相碑 | 淅川出土铜禁 | 淳化大鼎 | 清明上河圖 | 渔村小雪图 | 游春图 | 滇王之印 | 玉琮王 | 皇后之玺 | 直裾素紗襌衣 | 石鼓 (先秦) | 神兽纹玉樽 | 禁止出境展览文物 | 竹林七賢與榮啟期 | 红地对人兽树纹罽袍 | 红山文化女神像 | 红山文化玉龙 | 舞马衔杯仿皮囊式银壶 | 苦笋帖 | 莲鹤方壶 | 虢季子白盘 | 角形玉杯 | 诅盟场面贮贝器 | 识文彩绘盝顶长方形漆奁 | 越王勾践剑 | 趙佶草書千字文 | 逨盘 | 鑄客銅鼎 | 铜奔马 | 铜浮屠 | 铜车马 | 铜错金银四龙四凤方案 | 長信宮燈 | 陶鹰鼎 | 隋白釉龙柄双联传瓶 | 青花釉里红瓷仓 | 青铜神树 | 青铜立人像 | 鞍马出行图 | 韩熙载夜宴图 | 马王堆一号墓木棺椁 | 马王堆一号汉墓帛画 | 马王堆帛书周易 | 高逸图 | 鸭形玻璃注 | 黑漆朱绘六博具 | 齐王墓青铜方镜
神兽纹玉樽,https://zh.wikipedia.org/wiki/%E7%A5%9E%E5%85%BD%E7%BA%B9%E7%8E%89%E6%A8%BD,神兽纹玉樽，1991年出土于中国湖南省安乡县西晋荊州刺史刘弘墓，有认为其制作于东汉时期，是中华人民共和国禁止出境展览文物，现藏于湖南博物院。,中國玉器 | 安乡县 | 湖南省博物馆藏品 | 禁止出境展览文物,西晋,1991年 湖南 安乡 西晋 刘弘 墓,湖南博物院,玉,,https://upload.wikimedia.org/wikipedia/commons/thumb/d/d9/%E7%A5%9E%E5%85%BD%E7%BA%B9%E7%8E%89%E6%A8%BD%2C_2018-09-28.jpg/250px-%E7%A5%9E%E5%85%BD%E7%BA%B9%E7%8E%89%E6%A8%BD%2C_2018-09-28.jpg,“五星出东方利中国”护膊 | 㝬簋 | 七孔玉刀 | 三星堆出土玉边璋 | 三星堆金杖 | 中山王铁足铜鼎 | 五代耀州窑青釉刻花提梁倒流壶 | 五牛圖 | 人物御龙帛画 | 人物龙凤帛画 | 人面鱼纹彩陶盆 | 伯矩鬲 | 何尊 | 八重宝函 | 兽首玛瑙杯 | 凤冠 (定陵) | 刘胜金缕玉衣 | 利簋 | 勘书图 | 北宋刻本《范仲淹文集》 | 卓歇图 | 双鸟朝阳纹牙雕 | 史墙盘 | 吉祥遍至口合本续 | 后母戊鼎 | 唐长沙窑青釉褐彩贴花人物纹壶 | 商周太阳神鸟金饰 | 四羊方尊 | 夏景山口待渡图 | 大克鼎 | 大玉戈 | 大盂鼎 | 大禾方鼎 | 大秦景教流行中国碑 | 天亡簋 | 太保鼎 | 子龙鼎 | 岳麓秦简 | 嵌绿松石象牙杯 | 常阳太尊石像 | 平复帖 | 張好好詩 | 彩漆木雕小座屏 | 彩绘人物故事漆屏 | 彩绘鹳鱼石斧图陶缸 | 彩陶八角星纹豆 | 挥扇仕女图 | 昭陵六骏 | 晉侯穌編鐘 | 景雲鐘 | 曾侯乙墓外棺 | 曾侯乙编钟 | 曾侯乙青铜尊盘 | 朱然墓出土漆木屐 | 朱然墓出土贵族生活图漆盘 | 杀人祭柱场面贮贝器 | 步辇图 | 水晶杯 | 河姆渡出土朱漆碗 | 河姆渡出土陶灶 | 涅槃變相碑 | 淅川出土铜禁 | 淳化大鼎 | 清明上河圖 | 渔村小雪图 | 游春图 | 滇王之印 | 玉琮王 | 皇后之玺 | 直裾素紗襌衣 | 石鼓 (先秦) | 禁止出境展览文物 | 竹林七賢與榮啟期 | 红地对人兽树纹罽袍 | 红山文化女神像 | 红山文化玉龙 | 舞马衔杯仿皮囊式银壶 | 苦笋帖 | 莲鹤方壶 | 虢季子白盘 | 角形玉杯 | 诅盟场面贮贝器 | 识文彩绘盝顶长方形漆奁 | 越王勾践剑 | 趙佶草書千字文 | 逨盘 | 鑄客銅鼎 | 铜奔马 | 铜浮屠 | 铜车马 | 铜错金银四龙四凤方案 | 長信宮燈 | 陶鹰鼎 | 隋白釉龙柄双联传瓶 | 青花釉里红瓷仓 | 青铜神树 | 青铜立人像 | 鞍马出行图 | 韩熙载夜宴图 | 马王堆一号墓木棺椁 | 马王堆一号汉墓帛画 | 马王堆帛书周易 | 高逸图 | 鸭形玻璃注 | 黑漆朱绘六博具 | 齐王墓青铜方镜
母癸甗,https://zh.wikipedia.org/wiki/%E6%AF%8D%E7%99%B8%E7%94%97,母癸甗，为西周早期的青铜器，属于蒸饮器、礼器，现藏于上海博物馆。,上海博物馆藏品 | 中国一级文物 | 中文銘文 | 引文格式1错误：日期 | 西周青铜器,,,,,,,甲簋
四羊方尊,https://zh.wikipedia.org/wiki/%E5%9B%9B%E7%BE%8A%E6%96%B9%E5%B0%8A,"四羊方尊，商代青铜器，是商代方尊中现存最大的一件，其造型独特和工艺精美而堪称国宝。现藏于中国国家博物馆。
四羊方尊的出土地湖南省宁乡县，从二十世纪三十年代开始，出土了大批的青铜器，被称为「宁乡青铜器群」，四羊方尊便是宁乡青铜器群的代表，也是宁乡出土最早的青铜器。
“尊”是一种盛酒器。尊一般为圆形、鼓腹、大口，也有少数方形尊。“尊”，常与“彝”并称成组的青铜礼器，此类器物主要流行于商周时期。",1938年考古发现 | 中國國家博物館藏品 | 商朝青铜器 | 宁乡历史 | 尊,商,湖南省 宁乡县 月山铺,中国国家博物馆,,,https://upload.wikimedia.org/wikipedia/commons/thumb/4/40/20251026_Four-goat_Square_Zun_02.jpg/250px-20251026_Four-goat_Square_Zun_02.jpg,“五星出东方利中国”护膊 | 㝬簋 | 七孔玉刀 | 三星堆出土玉边璋 | 三星堆金杖 | 中山王铁足铜鼎 | 五代耀州窑青釉刻花提梁倒流壶 | 五牛圖 | 人物御龙帛画 | 人物龙凤帛画 | 人面鱼纹彩陶盆 | 伯矩鬲 | 何尊 | 八重宝函 | 兽首玛瑙杯 | 凤冠 (定陵) | 刘胜金缕玉衣 | 利簋 | 勘书图 | 北宋刻本《范仲淹文集》 | 卓歇图 | 双鸟朝阳纹牙雕 | 史墙盘 | 吉祥遍至口合本续 | 后母戊鼎 | 唐长沙窑青釉褐彩贴花人物纹壶 | 商周太阳神鸟金饰 | 夏景山口待渡图 | 大克鼎 | 大玉戈 | 大盂鼎 | 大禾方鼎 | 大秦景教流行中国碑 | 天亡簋 | 太保鼎 | 子龙鼎 | 小臣艅犀尊 | 岳麓秦简 | 嵌绿松石象牙杯 | 常阳太尊石像 | 平复帖 | 張好好詩 | 彩漆木雕小座屏 | 彩绘人物故事漆屏 | 彩绘鹳鱼石斧图陶缸 | 彩陶八角星纹豆 | 挥扇仕女图 | 昭陵六骏 | 晉侯穌編鐘 | 景雲鐘 | 曾侯乙墓外棺 | 曾侯乙编钟 | 曾侯乙青铜尊盘 | 朱然墓出土漆木屐 | 朱然墓出土贵族生活图漆盘 | 杀人祭柱场面贮贝器 | 步辇图 | 水晶杯 | 河姆渡出土朱漆碗 | 河姆渡出土陶灶 | 涅槃變相碑 | 淅川出土铜禁 | 淳化大鼎 | 清明上河圖 | 渔村小雪图 | 游春图 | 滇王之印 | 玉琮王 | 皇后之玺 | 直裾素紗襌衣 | 石鼓 (先秦) | 神兽纹玉樽 | 禁止出境展览文物 | 竹林七賢與榮啟期 | 红地对人兽树纹罽袍 | 红山文化女神像 | 红山文化玉龙 | 舞马衔杯仿皮囊式银壶 | 苦笋帖 | 莲鹤方壶 | 虢季子白盘 | 角形玉杯 | 诅盟场面贮贝器 | 识文彩绘盝顶长方形漆奁 | 越王勾践剑 | 趙佶草書千字文 | 逨盘 | 鑄客銅鼎 | 铜奔马 | 铜浮屠 | 铜车马 | 铜错金银四龙四凤方案 | 長信宮燈 | 陶鹰鼎 | 隋白釉龙柄双联传瓶 | 青花釉里红瓷仓 | 青铜神树 | 青铜立人像 | 鞍马出行图 | 韩熙载夜宴图 | 马王堆一号墓木棺椁 | 马王堆一号汉墓帛画 | 马王堆帛书周易 | 高逸图 | 鸭形玻璃注 | 黑漆朱绘六博具 | 齐王墓青铜方镜
淳化大鼎,https://zh.wikipedia.org/wiki/%E6%B7%B3%E5%8C%96%E5%A4%A7%E9%BC%8E,淳化大鼎，是目前已知的西周青铜鼎中最大最重者。1979年出土于陕西省咸阳市淳化县史家原，现藏淳化县博物馆。,咸阳文物 | 淳化县 | 禁止出境展览文物 | 西周青铜器 | 鼎,西周,陕西省 咸阳市 （1979年）,淳化县博物馆,,,,“五星出东方利中国”护膊 | 㝬簋 | 七孔玉刀 | 三星堆出土玉边璋 | 三星堆金杖 | 中山王铁足铜鼎 | 五代耀州窑青釉刻花提梁倒流壶 | 五牛圖 | 人物御龙帛画 | 人物龙凤帛画 | 人面鱼纹彩陶盆 | 伯矩鬲 | 何尊 | 八重宝函 | 兽首玛瑙杯 | 凤冠 (定陵) | 刘胜金缕玉衣 | 利簋 | 勘书图 | 北宋刻本《范仲淹文集》 | 卓歇图 | 双鸟朝阳纹牙雕 | 史墙盘 | 吉祥遍至口合本续 | 后母戊鼎 | 唐长沙窑青釉褐彩贴花人物纹壶 | 商周太阳神鸟金饰 | 四羊方尊 | 夏景山口待渡图 | 大克鼎 | 大玉戈 | 大盂鼎 | 大禾方鼎 | 大秦景教流行中国碑 | 天亡簋 | 太保鼎 | 子龙鼎 | 岳麓秦简 | 嵌绿松石象牙杯 | 常阳太尊石像 | 平复帖 | 張好好詩 | 彩漆木雕小座屏 | 彩绘人物故事漆屏 | 彩绘鹳鱼石斧图陶缸 | 彩陶八角星纹豆 | 挥扇仕女图 | 昭陵六骏 | 晉侯穌編鐘 | 景雲鐘 | 曾侯乙墓外棺 | 曾侯乙编钟 | 曾侯乙青铜尊盘 | 朱然墓出土漆木屐 | 朱然墓出土贵族生活图漆盘 | 杀人祭柱场面贮贝器 | 步辇图 | 水晶杯 | 河姆渡出土朱漆碗 | 河姆渡出土陶灶 | 涅槃變相碑 | 淅川出土铜禁 | 清明上河圖 | 渔村小雪图 | 游春图 | 滇王之印 | 玉琮王 | 皇后之玺 | 直裾素紗襌衣 | 石鼓 (先秦) | 神兽纹玉樽 | 禁止出境展览文物 | 竹林七賢與榮啟期 | 红地对人兽树纹罽袍 | 红山文化女神像 | 红山文化玉龙 | 舞马衔杯仿皮囊式银壶 | 苦笋帖 | 莲鹤方壶 | 虢季子白盘 | 角形玉杯 | 诅盟场面贮贝器 | 识文彩绘盝顶长方形漆奁 | 越王勾践剑 | 趙佶草書千字文 | 逨盘 | 鑄客銅鼎 | 铜奔马 | 铜浮屠 | 铜车马 | 铜错金银四龙四凤方案 | 長信宮燈 | 陶鹰鼎 | 隋白釉龙柄双联传瓶 | 青花釉里红瓷仓 | 青铜神树 | 青铜立人像 | 鞍马出行图 | 韩熙载夜宴图 | 马王堆一号墓木棺椁 | 马王堆一号汉墓帛画 | 马王堆帛书周易 | 高逸图 | 鸭形玻璃注 | 黑漆朱绘六博具 | 齐王墓青铜方镜
夏景山口待渡图,https://zh.wikipedia.org/wiki/%E5%A4%8F%E6%99%AF%E5%B1%B1%E5%8F%A3%E5%BE%85%E6%B8%A1%E5%9B%BE,"《夏景山口待渡图》为南唐画家董源（？-962年）所作的绢本设色山水画横幅长卷，纵50厘米，横320厘米，藏于辽宁省博物馆。
董源为南宗山水画祖，《夏景山口待渡图》与《潇湘图》、《夏山图》同为董源的代表作。这幅画属于米芾所说的“一片江南”画风，描绘江南夏日“云雾显晦，溪桥渔浦，洲渚掩映”的山水景色，温润而舒缓，节奏疏密有致。画作使用自创的“披麻皴”技法，表现林间光影斑驳跳动的景象。
《夏景山口待渡图》宋、元、清由内府收藏，载入《宣和画谱》。1924年溥仪出逃时携带。现藏于辽宁省博物馆。
2012年6月11日，《夏景山口待渡图》列入国家文物局发布的《第二批禁止出国（境）展览文物目录（书画类）》。
...",五代十国绘画作品 | 山水畫 | 禁止出境展览文物 | 遼寧省博物館藏品,,,辽宁省博物馆,,50 cm × 320 cm（20英寸 × 130英寸）,https://upload.wikimedia.org/wikipedia/commons/thumb/3/3b/Dong_Yuan._Jiangnan_Summer_View._50%D1%85320%D1%81%D0%BC._Liaoning_Provincial_Museum.jpg/250px-Dong_Yuan._Jiangnan_Summer_View._50%D1%85320%D1%81%D0%BC._Liaoning_Provincial_Museum.jpg,“五星出东方利中国”护膊 | 㝬簋 | 七孔玉刀 | 三星堆出土玉边璋 | 三星堆金杖 | 中山王铁足铜鼎 | 五代耀州窑青釉刻花提梁倒流壶 | 五牛圖 | 人物御龙帛画 | 人物龙凤帛画 | 人面鱼纹彩陶盆 | 伯矩鬲 | 何尊 | 八重宝函 | 兽首玛瑙杯 | 凤冠 (定陵) | 刘胜金缕玉衣 | 利簋 | 勘书图 | 北宋刻本《范仲淹文集》 | 卓歇图 | 双鸟朝阳纹牙雕 | 史墙盘 | 吉祥遍至口合本续 | 后母戊鼎 | 唐长沙窑青釉褐彩贴花人物纹壶 | 商周太阳神鸟金饰 | 四羊方尊 | 大克鼎 | 大玉戈 | 大盂鼎 | 大禾方鼎 | 大秦景教流行中国碑 | 天亡簋 | 太保鼎 | 子龙鼎 | 岳麓秦简 | 嵌绿松石象牙杯 | 常阳太尊石像 | 平复帖 | 張好好詩 | 彩漆木雕小座屏 | 彩绘人物故事漆屏 | 彩绘鹳鱼石斧图陶缸 | 彩陶八角星纹豆 | 挥扇仕女图 | 昭陵六骏 | 晉侯穌編鐘 | 景雲鐘 | 曾侯乙墓外棺 | 曾侯乙编钟 | 曾侯乙青铜尊盘 | 朱然墓出土漆木屐 | 朱然墓出土贵族生活图漆盘 | 杀人祭柱场面贮贝器 | 步辇图 | 水晶杯 | 河姆渡出土朱漆碗 | 河姆渡出土陶灶 | 涅槃變相碑 | 淅川出土铜禁 | 淳化大鼎 | 清明上河圖 | 渔村小雪图 | 游春图 | 滇王之印 | 玉琮王 | 皇后之玺 | 直裾素紗襌衣 | 石鼓 (先秦) | 神兽纹玉樽 | 禁止出境展览文物 | 竹林七賢與榮啟期 | 红地对人兽树纹罽袍 | 红山文化女神像 | 红山文化玉龙 | 舞马衔杯仿皮囊式银壶 | 苦笋帖 | 莲鹤方壶 | 虢季子白盘 | 角形玉杯 | 诅盟场面贮贝器 | 识文彩绘盝顶长方形漆奁 | 越王勾践剑 | 趙佶草書千字文 | 逨盘 | 鑄客銅鼎 | 铜奔马 | 铜浮屠 | 铜车马 | 铜错金银四龙四凤方案 | 長信宮燈 | 陶鹰鼎 | 隋白釉龙柄双联传瓶 | 青花釉里红瓷仓 | 青铜神树 | 青铜立人像 | 鞍马出行图 | 韩熙载夜宴图 | 马王堆一号墓木棺椁 | 马王堆一号汉墓帛画 | 马王堆帛书周易 | 高逸图 | 鸭形玻璃注 | 黑漆朱绘六博具 | 齐王墓青铜方镜
识文彩绘盝顶长方形漆奁,https://zh.wikipedia.org/wiki/%E8%AF%86%E6%96%87%E5%BD%A9%E7%BB%98%E7%9B%9D%E9%A1%B6%E9%95%BF%E6%96%B9%E5%BD%A2%E6%BC%86%E5%A5%81,"识文彩绘盝（lù）顶长方形漆奁（lián）是中華人民共和國禁止出国（境）展览文物之一，1973年出土於湖南省长沙市东郊东屯渡乡（今芙蓉区马王堆街道），是马王堆汉墓三号墓的随葬品，現藏于湖南博物院。
奁在現代多稱為化妝箱、首飾箱。",使用了两种注音方式的页面 | 含有注音符號的條目 | 含有漢語拼音的條目 | 湖南省博物馆藏品 | 禁止出境展览文物,西汉,湖南省 长沙市 （1973年）,湖南博物院,漆,,https://upload.wikimedia.org/wikipedia/commons/thumb/5/54/%E8%AF%86%E6%96%87%E5%BD%A9%E7%BB%98%E7%9B%9D%E9%A1%B6%E9%95%BF%E6%96%B9%E5%BD%A2%E6%BC%86%E5%A5%81%2C_2018-09-28.jpg/330px-%E8%AF%86%E6%96%87%E5%BD%A9%E7%BB%98%E7%9B%9D%E9%A1%B6%E9%95%BF%E6%96%B9%E5%BD%A2%E6%BC%86%E5%A5%81%2C_2018-09-28.jpg,“五星出东方利中国”护膊 | 㝬簋 | 七孔玉刀 | 三星堆出土玉边璋 | 三星堆金杖 | 中山王铁足铜鼎 | 五代耀州窑青釉刻花提梁倒流壶 | 五牛圖 | 人物御龙帛画 | 人物龙凤帛画 | 人面鱼纹彩陶盆 | 伯矩鬲 | 何尊 | 八重宝函 | 兽首玛瑙杯 | 凤冠 (定陵) | 刘胜金缕玉衣 | 利簋 | 勘书图 | 北宋刻本《范仲淹文集》 | 卓歇图 | 双鸟朝阳纹牙雕 | 史墙盘 | 吉祥遍至口合本续 | 后母戊鼎 | 唐长沙窑青釉褐彩贴花人物纹壶 | 商周太阳神鸟金饰 | 四羊方尊 | 夏景山口待渡图 | 大克鼎 | 大玉戈 | 大盂鼎 | 大禾方鼎 | 大秦景教流行中国碑 | 天亡簋 | 太保鼎 | 子龙鼎 | 岳麓秦简 | 嵌绿松石象牙杯 | 常阳太尊石像 | 平复帖 | 張好好詩 | 彩漆木雕小座屏 | 彩绘人物故事漆屏 | 彩绘鹳鱼石斧图陶缸 | 彩陶八角星纹豆 | 挥扇仕女图 | 昭陵六骏 | 晉侯穌編鐘 | 景雲鐘 | 曾侯乙墓外棺 | 曾侯乙编钟 | 曾侯乙青铜尊盘 | 朱然墓出土漆木屐 | 朱然墓出土贵族生活图漆盘 | 杀人祭柱场面贮贝器 | 步辇图 | 水晶杯 | 河姆渡出土朱漆碗 | 河姆渡出土陶灶 | 涅槃變相碑 | 淅川出土铜禁 | 淳化大鼎 | 清明上河圖 | 渔村小雪图 | 游春图 | 滇王之印 | 玉琮王 | 皇后之玺 | 直裾素紗襌衣 | 石鼓 (先秦) | 神兽纹玉樽 | 禁止出境展览文物 | 竹林七賢與榮啟期 | 红地对人兽树纹罽袍 | 红山文化女神像 | 红山文化玉龙 | 舞马衔杯仿皮囊式银壶 | 苦笋帖 | 莲鹤方壶 | 虢季子白盘 | 角形玉杯 | 诅盟场面贮贝器 | 越王勾践剑 | 趙佶草書千字文 | 逨盘 | 鑄客銅鼎 | 铜奔马 | 铜浮屠 | 铜车马 | 铜错金银四龙四凤方案 | 長信宮燈 | 陶鹰鼎 | 隋白釉龙柄双联传瓶 | 青花釉里红瓷仓 | 青铜神树 | 青铜立人像 | 鞍马出行图 | 韩熙载夜宴图 | 马王堆一号墓木棺椁 | 马王堆一号汉墓帛画 | 马王堆帛书周易 | 高逸图 | 鸭形玻璃注 | 黑漆朱绘六博具 | 齐王墓青铜方镜
犧尊,https://zh.wikipedia.org/wiki/%E7%8A%A7%E5%B0%8A,犧尊，又稱獻尊，為中國古代牛形盛酒禮器，其背部開孔以納酒，囗部有流以傾酒，與象尊、著尊、壺尊、大尊、山尊等並稱六尊。,中国一级文物 | 中国酒文化 | 中國古代禮器 | 中華民國重要古物 | 尊,,,,,,,
勘书图,https://zh.wikipedia.org/wiki/%E5%8B%98%E4%B9%A6%E5%9B%BE,《勘书图》，又名《挑耳图》，由五代十国南唐画家王齐翰创作的绢本设色画。纵28.4厘米，横65.7厘米，现收藏于南京大学。属于禁止出境展览文物。,五代十国绘画作品 | 安国旧藏 | 禁止出境展览文物,,,,,,,“五星出东方利中国”护膊 | 㝬簋 | 七孔玉刀 | 三星堆出土玉边璋 | 三星堆金杖 | 中山王铁足铜鼎 | 五代耀州窑青釉刻花提梁倒流壶 | 五牛圖 | 人物御龙帛画 | 人物龙凤帛画 | 人面鱼纹彩陶盆 | 伯矩鬲 | 何尊 | 八重宝函 | 兽首玛瑙杯 | 凤冠 (定陵) | 刘胜金缕玉衣 | 利簋 | 北宋刻本《范仲淹文集》 | 卓歇图 | 双鸟朝阳纹牙雕 | 史墙盘 | 吉祥遍至口合本续 | 后母戊鼎 | 唐长沙窑青釉褐彩贴花人物纹壶 | 商周太阳神鸟金饰 | 四羊方尊 | 夏景山口待渡图 | 大克鼎 | 大玉戈 | 大盂鼎 | 大禾方鼎 | 大秦景教流行中国碑 | 天亡簋 | 太保鼎 | 子龙鼎 | 岳麓秦简 | 嵌绿松石象牙杯 | 常阳太尊石像 | 平复帖 | 張好好詩 | 彩漆木雕小座屏 | 彩绘人物故事漆屏 | 彩绘鹳鱼石斧图陶缸 | 彩陶八角星纹豆 | 挥扇仕女图 | 昭陵六骏 | 晉侯穌編鐘 | 景雲鐘 | 曾侯乙墓外棺 | 曾侯乙编钟 | 曾侯乙青铜尊盘 | 朱然墓出土漆木屐 | 朱然墓出土贵族生活图漆盘 | 杀人祭柱场面贮贝器 | 步辇图 | 水晶杯 | 河姆渡出土朱漆碗 | 河姆渡出土陶灶 | 涅槃變相碑 | 淅川出土铜禁 | 淳化大鼎 | 清明上河圖 | 渔村小雪图 | 游春图 | 滇王之印 | 玉琮王 | 皇后之玺 | 直裾素紗襌衣 | 石鼓 (先秦) | 神兽纹玉樽 | 禁止出境展览文物 | 竹林七賢與榮啟期 | 红地对人兽树纹罽袍 | 红山文化女神像 | 红山文化玉龙 | 舞马衔杯仿皮囊式银壶 | 苦笋帖 | 莲鹤方壶 | 虢季子白盘 | 角形玉杯 | 诅盟场面贮贝器 | 识文彩绘盝顶长方形漆奁 | 越王勾践剑 | 趙佶草書千字文 | 逨盘 | 鑄客銅鼎 | 铜奔马 | 铜浮屠 | 铜车马 | 铜错金银四龙四凤方案 | 長信宮燈 | 陶鹰鼎 | 隋白釉龙柄双联传瓶 | 青花釉里红瓷仓 | 青铜神树 | 青铜立人像 | 鞍马出行图 | 韩熙载夜宴图 | 马王堆一号墓木棺椁 | 马王堆一号汉墓帛画 | 马王堆帛书周易 | 高逸图 | 鸭形玻璃注 | 黑漆朱绘六博具 | 齐王墓青铜方镜
滇王之印,https://zh.wikipedia.org/wiki/%E6%BB%87%E7%8E%8B%E4%B9%8B%E5%8D%B0,滇王之印，或称西汉“滇王之印”金印，是1956年12月云南省博物馆从云南省昆明市晋宁区上蒜镇石寨村石寨山发掘的西汉时期古滇国王印，现藏于中国国家博物馆。汉武帝时期征服古滇国后，滇王降汉，汉武帝在该地设益州郡，封滇国国王为滇王，并赐滇王之印。该印为纯金铸造，重89.5克，印面为方形，边长2.3厘米，高1.8厘米。上有蛇纽，蛇昂首，蛇身盘血，背有鳞纹。,1956年考古发现 | 中国印章 | 中国金器 | 中國國家博物館藏品 | 中文銘文,西汉,云南省 昆明市 晋宁区 上蒜镇 石寨村 石寨山,中国国家博物馆,,,https://upload.wikimedia.org/wikipedia/commons/thumb/1/1e/Gold_Seal_for_King_of_Dian_Kingdom.jpg/250px-Gold_Seal_for_King_of_Dian_Kingdom.jpg,“五星出东方利中国”护膊 | 㝬簋 | 七孔玉刀 | 三星堆出土玉边璋 | 三星堆金杖 | 中山王铁足铜鼎 | 五代耀州窑青釉刻花提梁倒流壶 | 五牛圖 | 人物御龙帛画 | 人物龙凤帛画 | 人面鱼纹彩陶盆 | 伯矩鬲 | 何尊 | 八重宝函 | 兽首玛瑙杯 | 凤冠 (定陵) | 刘胜金缕玉衣 | 利簋 | 勘书图 | 北宋刻本《范仲淹文集》 | 卓歇图 | 双鸟朝阳纹牙雕 | 史墙盘 | 吉祥遍至口合本续 | 后母戊鼎 | 唐长沙窑青釉褐彩贴花人物纹壶 | 商周太阳神鸟金饰 | 四羊方尊 | 夏景山口待渡图 | 大克鼎 | 大玉戈 | 大盂鼎 | 大禾方鼎 | 大秦景教流行中国碑 | 天亡簋 | 太保鼎 | 子龙鼎 | 岳麓秦简 | 嵌绿松石象牙杯 | 常阳太尊石像 | 平复帖 | 張好好詩 | 彩漆木雕小座屏 | 彩绘人物故事漆屏 | 彩绘鹳鱼石斧图陶缸 | 彩陶八角星纹豆 | 挥扇仕女图 | 昭陵六骏 | 晉侯穌編鐘 | 景雲鐘 | 曾侯乙墓外棺 | 曾侯乙编钟 | 曾侯乙青铜尊盘 | 朱然墓出土漆木屐 | 朱然墓出土贵族生活图漆盘 | 杀人祭柱场面贮贝器 | 步辇图 | 水晶杯 | 汉归义羌长印 | 河姆渡出土朱漆碗 | 河姆渡出土陶灶 | 涅槃變相碑 | 淅川出土铜禁 | 淳化大鼎 | 清明上河圖 | 渔村小雪图 | 游春图 | 玉琮王 | 皇后之玺 | 直裾素紗襌衣 | 石鼓 (先秦) | 神兽纹玉樽 | 禁止出境展览文物 | 竹林七賢與榮啟期 | 红地对人兽树纹罽袍 | 红山文化女神像 | 红山文化玉龙 | 舞马衔杯仿皮囊式银壶 | 苦笋帖 | 莲鹤方壶 | 虢季子白盘 | 角形玉杯 | 诅盟场面贮贝器 | 识文彩绘盝顶长方形漆奁 | 越王勾践剑 | 趙佶草書千字文 | 逨盘 | 鑄客銅鼎 | 铜奔马 | 铜浮屠 | 铜车马 | 铜错金银四龙四凤方案 | 長信宮燈 | 陶鹰鼎 | 隋白釉龙柄双联传瓶 | 青花釉里红瓷仓 | 青铜神树 | 青铜立人像 | 鞍马出行图 | 韩熙载夜宴图 | 马王堆一号墓木棺椁 | 马王堆一号汉墓帛画 | 马王堆帛书周易 | 高逸图 | 鸭形玻璃注 | 黑漆朱绘六博具 | 齐王墓青铜方镜
兽面纹龙首提梁卣,https://zh.wikipedia.org/wiki/%E5%85%BD%E9%9D%A2%E7%BA%B9%E9%BE%99%E9%A6%96%E6%8F%90%E6%A2%81%E5%8D%A3,兽面纹龙首提梁卣（yǒu），是商周时期的一件铜器文物，藏于山西博物院。,中国一级文物 | 使用了三种注音方式的页面 | 含有注音符號的條目 | 含有漢語拼音的條目 | 山西博物院藏品,,,,,,,
何尊,https://zh.wikipedia.org/wiki/%E4%BD%95%E5%B0%8A,何尊，西周早期青銅酒器，是一位名叫“何”的宗室贵族祭祀所用的尊，作於周成王五年，是西周已知最早的有明確紀年的青铜器。1963年出土於陕西省宝鸡市贾村，現藏寶雞青銅器博物院。何尊是中華人民共和國國家一級文物，首批禁止出國（境）展覽文物之一。内底有铭文122字，為研究西周初年的历史提供了史料。何尊是“中国”一詞已知的最早出处。从何尊的铭文得知，最初的“中国”是指“洛阳”，因为铭文中“宅于成周”和“宅兹中国”所表达的是一个意思，“成周”指的就是“洛阳”，所以“中国”也指的是“洛阳”，铭文记载了周成王迁都于洛邑，这里便是“天下的中心”。,1965年考古发现 | 中文銘文 | 宝鸡文物 | 宝鸡青铜器博物院藏品 | 尊,西周,陕西省 宝鸡市 （1963年）,宝鸡青铜器博物院,,,https://upload.wikimedia.org/wikipedia/commons/thumb/d/d0/He_Zun.jpg/250px-He_Zun.jpg,“五星出东方利中国”护膊 | 㝬簋 | 七孔玉刀 | 三星堆出土玉边璋 | 三星堆金杖 | 中山王铁足铜鼎 | 五代耀州窑青釉刻花提梁倒流壶 | 五牛圖 | 人物御龙帛画 | 人物龙凤帛画 | 人面鱼纹彩陶盆 | 伯矩鬲 | 八重宝函 | 兽首玛瑙杯 | 凤冠 (定陵) | 刘胜金缕玉衣 | 利簋 | 勘书图 | 北宋刻本《范仲淹文集》 | 卓歇图 | 双鸟朝阳纹牙雕 | 史墙盘 | 吉祥遍至口合本续 | 后母戊鼎 | 唐长沙窑青釉褐彩贴花人物纹壶 | 商周太阳神鸟金饰 | 四羊方尊 | 夏景山口待渡图 | 大克鼎 | 大玉戈 | 大盂鼎 | 大禾方鼎 | 大秦景教流行中国碑 | 天亡簋 | 太保鼎 | 子龙鼎 | 岳麓秦简 | 嵌绿松石象牙杯 | 常阳太尊石像 | 平复帖 | 張好好詩 | 彩漆木雕小座屏 | 彩绘人物故事漆屏 | 彩绘鹳鱼石斧图陶缸 | 彩陶八角星纹豆 | 挥扇仕女图 | 昭陵六骏 | 晉侯穌編鐘 | 景雲鐘 | 曾侯乙墓外棺 | 曾侯乙编钟 | 曾侯乙青铜尊盘 | 朱然墓出土漆木屐 | 朱然墓出土贵族生活图漆盘 | 杀人祭柱场面贮贝器 | 步辇图 | 水晶杯 | 河姆渡出土朱漆碗 | 河姆渡出土陶灶 | 涅槃變相碑 | 淅川出土铜禁 | 淳化大鼎 | 清明上河圖 | 渔村小雪图 | 游春图 | 滇王之印 | 玉琮王 | 皇后之玺 | 直裾素紗襌衣 | 石鼓 (先秦) | 神兽纹玉樽 | 禁止出境展览文物 | 竹林七賢與榮啟期 | 红地对人兽树纹罽袍 | 红山文化女神像 | 红山文化玉龙 | 舞马衔杯仿皮囊式银壶 | 苦笋帖 | 莲鹤方壶 | 虢季子白盘 | 角形玉杯 | 诅盟场面贮贝器 | 识文彩绘盝顶长方形漆奁 | 越王勾践剑 | 趙佶草書千字文 | 逨盘 | 鑄客銅鼎 | 铜奔马 | 铜浮屠 | 铜车马 | 铜错金银四龙四凤方案 | 長信宮燈 | 陶鹰鼎 | 隋白釉龙柄双联传瓶 | 青花釉里红瓷仓 | 青铜神树 | 青铜立人像 | 鞍马出行图 | 韩熙载夜宴图 | 马王堆一号墓木棺椁 | 马王堆一号汉墓帛画 | 马王堆帛书周易 | 高逸图 | 鸭形玻璃注 | 黑漆朱绘六博具 | 齐王墓青铜方镜
韩熙载夜宴图,https://zh.wikipedia.org/wiki/%E9%9F%A9%E7%86%99%E8%BD%BD%E5%A4%9C%E5%AE%B4%E5%9B%BE,《韩熙载夜宴图》，據宋《宣和画谱》所載為五代十国南唐画家顾闳中的作品，現存此本摹於南宋，元代汤垕《画鉴》、清代孙承泽《庚子消夏记》、顾复《平生壮观》、《石渠宝笈初编》等书皆著錄。清末流出宫外，1945年，张大千以500兩黃金的鉅款購得，现藏于北京故宫博物院。據記載，南唐的周文矩亦作《韓熙載夜宴圖》，元朝時兩作俱在，現今僅存顧本傳世。另有唐寅摹本，现收藏於重庆中国三峡博物馆。,CS1英语来源 (en) | 中國十大傳世名畫 | 人物畫 | 使用ISBN魔术链接的页面 | 南唐背景作品,,,故宫博物院,,28.7 cm × 333.5 cm（11.3英寸 × 131.3英寸）,https://upload.wikimedia.org/wikipedia/commons/thumb/e/eb/Gu_Hongzhong%27s_Night_Revels%2C_Detail_1.jpg/500px-Gu_Hongzhong%27s_Night_Revels%2C_Detail_1.jpg,“五星出东方利中国”护膊 | 㝬簋 | 七孔玉刀 | 三星堆出土玉边璋 | 三星堆金杖 | 中山王铁足铜鼎 | 五代耀州窑青釉刻花提梁倒流壶 | 五牛圖 | 人物御龙帛画 | 人物龙凤帛画 | 人面鱼纹彩陶盆 | 伯矩鬲 | 何尊 | 八重宝函 | 兽首玛瑙杯 | 凤冠 (定陵) | 刘胜金缕玉衣 | 利簋 | 勘书图 | 北宋刻本《范仲淹文集》 | 卓歇图 | 双鸟朝阳纹牙雕 | 史墙盘 | 吉祥遍至口合本续 | 后母戊鼎 | 唐长沙窑青釉褐彩贴花人物纹壶 | 商周太阳神鸟金饰 | 四羊方尊 | 夏景山口待渡图 | 大克鼎 | 大玉戈 | 大盂鼎 | 大禾方鼎 | 大秦景教流行中国碑 | 天亡簋 | 太保鼎 | 子龙鼎 | 岳麓秦简 | 嵌绿松石象牙杯 | 常阳太尊石像 | 平复帖 | 張好好詩 | 彩漆木雕小座屏 | 彩绘人物故事漆屏 | 彩绘鹳鱼石斧图陶缸 | 彩陶八角星纹豆 | 挥扇仕女图 | 昭陵六骏 | 晉侯穌編鐘 | 景雲鐘 | 曾侯乙墓外棺 | 曾侯乙编钟 | 曾侯乙青铜尊盘 | 朱然墓出土漆木屐 | 朱然墓出土贵族生活图漆盘 | 杀人祭柱场面贮贝器 | 步辇图 | 水晶杯 | 河姆渡出土朱漆碗 | 河姆渡出土陶灶 | 涅槃變相碑 | 淅川出土铜禁 | 淳化大鼎 | 清明上河圖 | 渔村小雪图 | 游春图 | 滇王之印 | 玉琮王 | 皇后之玺 | 直裾素紗襌衣 | 石鼓 (先秦) | 神兽纹玉樽 | 禁止出境展览文物 | 竹林七賢與榮啟期 | 红地对人兽树纹罽袍 | 红山文化女神像 | 红山文化玉龙 | 舞马衔杯仿皮囊式银壶 | 苦笋帖 | 莲鹤方壶 | 虢季子白盘 | 角形玉杯 | 诅盟场面贮贝器 | 识文彩绘盝顶长方形漆奁 | 越王勾践剑 | 趙佶草書千字文 | 逨盘 | 鑄客銅鼎 | 铜奔马 | 铜浮屠 | 铜车马 | 铜错金银四龙四凤方案 | 長信宮燈 | 陶鹰鼎 | 隋白釉龙柄双联传瓶 | 青花釉里红瓷仓 | 青铜神树 | 青铜立人像 | 鞍马出行图 | 马王堆一号墓木棺椁 | 马王堆一号汉墓帛画 | 马王堆帛书周易 | 高逸图 | 鸭形玻璃注 | 黑漆朱绘六博具 | 齐王墓青铜方镜
错金银云纹青铜犀尊,https://zh.wikipedia.org/wiki/%E9%94%99%E9%87%91%E9%93%B6%E4%BA%91%E7%BA%B9%E9%9D%92%E9%93%9C%E7%8A%80%E5%B0%8A,错金银云纹青铜犀尊，西汉文物，苏门答腊犀形状青铜鸟兽尊，通体饰错金银云纹。该文物高34.1厘米，长58.1厘米，1963年陕西省兴平县出土，国家一级文物，现藏于中国国家博物馆。,中国一级文物 | 中國國家博物館藏品 | 兴平市 | 双角犀属 | 咸阳文物,,,,青铜,,https://upload.wikimedia.org/wikipedia/commons/thumb/f/f3/Western_Han_Bronze_Rhino_Zun_%289832137375%29.jpg/250px-Western_Han_Bronze_Rhino_Zun_%289832137375%29.jpg,小臣艅犀尊
天亡簋,https://zh.wikipedia.org/wiki/%E5%A4%A9%E4%BA%A1%E7%B0%8B,天亡簋（guǐ），又名大豊簋、朕簋、退簋，是一件铸造于西周初年的四耳方座青铜簋，与利簋同为西周初期时代最早、最有代表性的青铜器。清代道光年间出土于陕西岐山，现藏于北京中国国家博物馆。腹内底部有铭文8行78字，内容与周初的重大历史事件有关。2013年8月19日列入《第三批禁止出境展览文物目录》。,中國國家博物館藏品 | 中文銘文 | 使用了两种注音方式的页面 | 含有注音符號的條目 | 含有漢語拼音的條目,西周,陕西 岐山,中国国家博物馆,,,https://upload.wikimedia.org/wikipedia/commons/thumb/6/6c/Tianwang_Gui%2C_2016-09-09_01.jpg/250px-Tianwang_Gui%2C_2016-09-09_01.jpg,“五星出东方利中国”护膊 | 㝬簋 | 七孔玉刀 | 三星堆出土玉边璋 | 三星堆金杖 | 中山王铁足铜鼎 | 五代耀州窑青釉刻花提梁倒流壶 | 五牛圖 | 人物御龙帛画 | 人物龙凤帛画 | 人面鱼纹彩陶盆 | 伯矩鬲 | 何尊 | 八重宝函 | 兽首玛瑙杯 | 凤冠 (定陵) | 刘胜金缕玉衣 | 利簋 | 勘书图 | 北宋刻本《范仲淹文集》 | 卓歇图 | 双鸟朝阳纹牙雕 | 史墙盘 | 吉祥遍至口合本续 | 后母戊鼎 | 唐长沙窑青釉褐彩贴花人物纹壶 | 商周太阳神鸟金饰 | 四羊方尊 | 夏景山口待渡图 | 大克鼎 | 大玉戈 | 大盂鼎 | 大禾方鼎 | 大秦景教流行中国碑 | 太保鼎 | 子龙鼎 | 岳麓秦简 | 嵌绿松石象牙杯 | 常阳太尊石像 | 平复帖 | 張好好詩 | 彩漆木雕小座屏 | 彩绘人物故事漆屏 | 彩绘鹳鱼石斧图陶缸 | 彩陶八角星纹豆 | 挥扇仕女图 | 昭陵六骏 | 晉侯穌編鐘 | 景雲鐘 | 曾侯乙墓外棺 | 曾侯乙编钟 | 曾侯乙青铜尊盘 | 朱然墓出土漆木屐 | 朱然墓出土贵族生活图漆盘 | 杀人祭柱场面贮贝器 | 步辇图 | 毛公鼎 | 水晶杯 | 河姆渡出土朱漆碗 | 河姆渡出土陶灶 | 涅槃變相碑 | 淅川出土铜禁 | 淳化大鼎 | 清明上河圖 | 渔村小雪图 | 游春图 | 滇王之印 | 玉琮王 | 皇后之玺 | 直裾素紗襌衣 | 石鼓 (先秦) | 神兽纹玉樽 | 禁止出境展览文物 | 竹林七賢與榮啟期 | 红地对人兽树纹罽袍 | 红山文化女神像 | 红山文化玉龙 | 舞马衔杯仿皮囊式银壶 | 苦笋帖 | 莲鹤方壶 | 虢季子白盘 | 角形玉杯 | 诅盟场面贮贝器 | 识文彩绘盝顶长方形漆奁 | 越王勾践剑 | 趙佶草書千字文 | 逨盘 | 鑄客銅鼎 | 铜奔马 | 铜浮屠 | 铜车马 | 铜错金银四龙四凤方案 | 長信宮燈 | 陶鹰鼎 | 隋白釉龙柄双联传瓶 | 青花釉里红瓷仓 | 青铜神树 | 青铜立人像 | 鞍马出行图 | 韩熙载夜宴图 | 马王堆一号墓木棺椁 | 马王堆一号汉墓帛画 | 马王堆帛书周易 | 高逸图 | 鸭形玻璃注 | 黑漆朱绘六博具 | 齐王墓青铜方镜
鞍马出行图,https://zh.wikipedia.org/wiki/%E9%9E%8D%E9%A9%AC%E5%87%BA%E8%A1%8C%E5%9B%BE,"《鞍马出行图》是北齐墓道壁画，1979年出土于山西省太原市娄睿墓。是中华人民共和国禁止出国（境）展览文物之一。现藏山西博物院。
墓主娄睿是北齐太后婁昭君哥哥的兒子。
壁画位于墓道西壁中栏，以长卷式展开。画面构图新颖，层次分明，人物生动，表情逼真，技法娴熟，具有浓厚的生活气息，堪称中国美术史上的杰作。",中国壁画作品 | 中国画作品 | 北朝文物 | 北朝绘画作品 | 北齐,北齐,山西省 太原市 （1979年）,山西博物院,,,https://upload.wikimedia.org/wikipedia/commons/thumb/1/1a/Riders_on_Horseback%2C_Northern_Qi_Dynasty.jpg/250px-Riders_on_Horseback%2C_Northern_Qi_Dynasty.jpg,“五星出东方利中国”护膊 | 㝬簋 | 七孔玉刀 | 三星堆出土玉边璋 | 三星堆金杖 | 中山王铁足铜鼎 | 五代耀州窑青釉刻花提梁倒流壶 | 五牛圖 | 人物御龙帛画 | 人物龙凤帛画 | 人面鱼纹彩陶盆 | 伯矩鬲 | 何尊 | 八重宝函 | 兽首玛瑙杯 | 凤冠 (定陵) | 刘胜金缕玉衣 | 利簋 | 勘书图 | 北宋刻本《范仲淹文集》 | 卓歇图 | 双鸟朝阳纹牙雕 | 史墙盘 | 吉祥遍至口合本续 | 后母戊鼎 | 唐长沙窑青釉褐彩贴花人物纹壶 | 商周太阳神鸟金饰 | 四羊方尊 | 夏景山口待渡图 | 大克鼎 | 大玉戈 | 大盂鼎 | 大禾方鼎 | 大秦景教流行中国碑 | 天亡簋 | 太保鼎 | 子龙鼎 | 岳麓秦简 | 嵌绿松石象牙杯 | 常阳太尊石像 | 平复帖 | 張好好詩 | 彩漆木雕小座屏 | 彩绘人物故事漆屏 | 彩绘鹳鱼石斧图陶缸 | 彩陶八角星纹豆 | 挥扇仕女图 | 昭陵六骏 | 晉侯穌編鐘 | 景雲鐘 | 曾侯乙墓外棺 | 曾侯乙编钟 | 曾侯乙青铜尊盘 | 朱然墓出土漆木屐 | 朱然墓出土贵族生活图漆盘 | 杀人祭柱场面贮贝器 | 步辇图 | 水晶杯 | 河姆渡出土朱漆碗 | 河姆渡出土陶灶 | 涅槃變相碑 | 淅川出土铜禁 | 淳化大鼎 | 清明上河圖 | 渔村小雪图 | 游春图 | 滇王之印 | 玉琮王 | 皇后之玺 | 直裾素紗襌衣 | 石鼓 (先秦) | 神兽纹玉樽 | 禁止出境展览文物 | 竹林七賢與榮啟期 | 红地对人兽树纹罽袍 | 红山文化女神像 | 红山文化玉龙 | 舞马衔杯仿皮囊式银壶 | 苦笋帖 | 莲鹤方壶 | 虢季子白盘 | 角形玉杯 | 诅盟场面贮贝器 | 识文彩绘盝顶长方形漆奁 | 越王勾践剑 | 趙佶草書千字文 | 逨盘 | 鑄客銅鼎 | 铜奔马 | 铜浮屠 | 铜车马 | 铜错金银四龙四凤方案 | 長信宮燈 | 陶鹰鼎 | 隋白釉龙柄双联传瓶 | 青花釉里红瓷仓 | 青铜神树 | 青铜立人像 | 韩熙载夜宴图 | 马王堆一号墓木棺椁 | 马王堆一号汉墓帛画 | 马王堆帛书周易 | 高逸图 | 鸭形玻璃注 | 黑漆朱绘六博具 | 齐王墓青铜方镜
见日之光,https://zh.wikipedia.org/wiki/%E8%A7%81%E6%97%A5%E4%B9%8B%E5%85%89,见日之光铜镜，是上海博物馆古代青铜器馆的馆藏珍品之一，具有透光设置。,上海博物馆藏品 | 中国一级文物 | 引文格式1错误：日期,,,,,,,
北宋刻本《范仲淹文集》,https://zh.wikipedia.org/wiki/%E5%8C%97%E5%AE%8B%E5%88%BB%E6%9C%AC%E3%80%8A%E8%8C%83%E4%BB%B2%E6%B7%B9%E6%96%87%E9%9B%86%E3%80%8B,"北宋刻本《范文正公文集》，是北宋政治家、文學家、軍事家范仲淹的著作合集於北宋時期的刻本，共二十卷，並且是目前流存于世的《范文正公文集》刻本中年代最早的。現藏於中國國家圖書館。為中華人民共和國第三批禁止出境展覽文物，亦在第一批國家珍貴古籍名錄中。
由於現存的《范文正公文集》（以下簡稱《文集》）古代刻本，均是根據元朝天曆元年（即公元1328年）刊刻的歲寒堂刻本，再修版重印或據以校刻的。因此這一北宋時的刻本作為目前現存年代最早的《文集》刻本，儘管可能仍不是《文集》最早的初刊本，但對於還原《文集》與范仲淹作品的本來樣貌，以及對研究范仲淹生平乃至宋代文學與古書版本學，都有重要的意義。",中国国家图书馆藏品 | 引文格式1维护：冗余文本 | 禁止出境展览文物 | 范仲淹,北宋,,,纸,,,“五星出东方利中国”护膊 | 㝬簋 | 七孔玉刀 | 三星堆出土玉边璋 | 三星堆金杖 | 中山王铁足铜鼎 | 五代耀州窑青釉刻花提梁倒流壶 | 五牛圖 | 人物御龙帛画 | 人物龙凤帛画 | 人面鱼纹彩陶盆 | 伯矩鬲 | 何尊 | 八重宝函 | 兽首玛瑙杯 | 凤冠 (定陵) | 刘胜金缕玉衣 | 利簋 | 勘书图 | 卓歇图 | 双鸟朝阳纹牙雕 | 史墙盘 | 吉祥遍至口合本续 | 后母戊鼎 | 唐长沙窑青釉褐彩贴花人物纹壶 | 商周太阳神鸟金饰 | 四羊方尊 | 夏景山口待渡图 | 大克鼎 | 大玉戈 | 大盂鼎 | 大禾方鼎 | 大秦景教流行中国碑 | 天亡簋 | 太保鼎 | 子龙鼎 | 岳麓秦简 | 嵌绿松石象牙杯 | 常阳太尊石像 | 平复帖 | 張好好詩 | 彩漆木雕小座屏 | 彩绘人物故事漆屏 | 彩绘鹳鱼石斧图陶缸 | 彩陶八角星纹豆 | 挥扇仕女图 | 昭陵六骏 | 晉侯穌編鐘 | 景雲鐘 | 曾侯乙墓外棺 | 曾侯乙编钟 | 曾侯乙青铜尊盘 | 朱然墓出土漆木屐 | 朱然墓出土贵族生活图漆盘 | 杀人祭柱场面贮贝器 | 步辇图 | 水晶杯 | 河姆渡出土朱漆碗 | 河姆渡出土陶灶 | 涅槃變相碑 | 淅川出土铜禁 | 淳化大鼎 | 清明上河圖 | 渔村小雪图 | 游春图 | 滇王之印 | 玉琮王 | 皇后之玺 | 直裾素紗襌衣 | 石鼓 (先秦) | 神兽纹玉樽 | 禁止出境展览文物 | 竹林七賢與榮啟期 | 红地对人兽树纹罽袍 | 红山文化女神像 | 红山文化玉龙 | 舞马衔杯仿皮囊式银壶 | 苦笋帖 | 莲鹤方壶 | 虢季子白盘 | 角形玉杯 | 诅盟场面贮贝器 | 识文彩绘盝顶长方形漆奁 | 越王勾践剑 | 趙佶草書千字文 | 逨盘 | 鑄客銅鼎 | 铜奔马 | 铜浮屠 | 铜车马 | 铜错金银四龙四凤方案 | 長信宮燈 | 陶鹰鼎 | 隋白釉龙柄双联传瓶 | 青花釉里红瓷仓 | 青铜神树 | 青铜立人像 | 鞍马出行图 | 韩熙载夜宴图 | 马王堆一号墓木棺椁 | 马王堆一号汉墓帛画 | 马王堆帛书周易 | 高逸图 | 鸭形玻璃注 | 黑漆朱绘六博具 | 齐王墓青铜方镜
曶鼎,https://zh.wikipedia.org/wiki/%E6%9B%B6%E9%BC%8E,曶（hū）鼎，西周中期青铜器，清朝时由毕沅得于陕西西安，该鼎高2尺，围4尺，深9寸，款足作牛首形。原器已遗失，仅铭文拓片传世。铭文共24行，行最多17字，共计四百余字，记录了与制器人曶相关的三件事。,中文銘文 | 使用了三种注音方式的页面 | 含有注音符號的條目 | 含有漢語拼音的條目 | 维基共享资源分类链接由本地定义,,,,,,,
大盂鼎,https://zh.wikipedia.org/wiki/%E5%A4%A7%E7%9B%82%E9%BC%8E,"大盂鼎，又稱盂鼎或廿三祀盂鼎，是中华人民共和国国家一级文物，在清道光初年出土于陕西省岐山县，岐山是古代周朝的发源地。
大盂鼎铸造于周康王二十三年（約前1003年），鼎高102厘米，重153.5公斤，腹内侧铸有19行铭文，分2段，共291字。铭文的内容是有关一个名叫盂的贵族为颂扬周康王的赏赐、训告和伟绩，铸鼎以铭记。
大盂鼎不僅与大克鼎、毛公鼎并称为「海內青铜器三宝」，亦与毛公鼎、散氏盤、虢季子白盤并称为「晚清四大国宝」。",1849年考古发现 | 中國國家博物館藏品 | 中文銘文 | 宝鸡文物 | 岐山县,西周,陕西 岐山 （ 清 道光 初年）,中国国家博物馆,,,https://upload.wikimedia.org/wikipedia/commons/thumb/9/99/Yu_Bronze_Ding_of_Western_Zhou_Dynasty.jpg/250px-Yu_Bronze_Ding_of_Western_Zhou_Dynasty.jpg,“五星出东方利中国”护膊 | 㝬簋 | 七孔玉刀 | 三星堆出土玉边璋 | 三星堆金杖 | 中山王铁足铜鼎 | 五代耀州窑青釉刻花提梁倒流壶 | 五牛圖 | 人物御龙帛画 | 人物龙凤帛画 | 人面鱼纹彩陶盆 | 伯矩鬲 | 何尊 | 八重宝函 | 兽首玛瑙杯 | 凤冠 (定陵) | 刘胜金缕玉衣 | 利簋 | 勘书图 | 北宋刻本《范仲淹文集》 | 卓歇图 | 双鸟朝阳纹牙雕 | 史墙盘 | 吉祥遍至口合本续 | 后母戊鼎 | 唐长沙窑青釉褐彩贴花人物纹壶 | 商周太阳神鸟金饰 | 四羊方尊 | 夏景山口待渡图 | 大克鼎 | 大玉戈 | 大禾方鼎 | 大秦景教流行中国碑 | 天亡簋 | 太保鼎 | 子龙鼎 | 小盂鼎 | 岳麓秦简 | 嵌绿松石象牙杯 | 常阳太尊石像 | 平复帖 | 張好好詩 | 彩漆木雕小座屏 | 彩绘人物故事漆屏 | 彩绘鹳鱼石斧图陶缸 | 彩陶八角星纹豆 | 挥扇仕女图 | 散氏盤 | 昭陵六骏 | 晉侯穌編鐘 | 景雲鐘 | 曾侯乙墓外棺 | 曾侯乙编钟 | 曾侯乙青铜尊盘 | 朱然墓出土漆木屐 | 朱然墓出土贵族生活图漆盘 | 杀人祭柱场面贮贝器 | 步辇图 | 毛公鼎 | 水晶杯 | 河姆渡出土朱漆碗 | 河姆渡出土陶灶 | 涅槃變相碑 | 淅川出土铜禁 | 淳化大鼎 | 清明上河圖 | 渔村小雪图 | 游春图 | 滇王之印 | 玉琮王 | 皇后之玺 | 直裾素紗襌衣 | 石鼓 (先秦) | 神兽纹玉樽 | 禁止出境展览文物 | 竹林七賢與榮啟期 | 红地对人兽树纹罽袍 | 红山文化女神像 | 红山文化玉龙 | 舞马衔杯仿皮囊式银壶 | 苦笋帖 | 莲鹤方壶 | 虢季子白盘 | 角形玉杯 | 诅盟场面贮贝器 | 识文彩绘盝顶长方形漆奁 | 越王勾践剑 | 趙佶草書千字文 | 逨盘 | 鑄客銅鼎 | 铜奔马 | 铜浮屠 | 铜车马 | 铜错金银四龙四凤方案 | 長信宮燈 | 陶鹰鼎 | 隋白釉龙柄双联传瓶 | 青花釉里红瓷仓 | 青铜神树 | 青铜立人像 | 鞍马出行图 | 韩熙载夜宴图 | 马王堆一号墓木棺椁 | 马王堆一号汉墓帛画 | 马王堆帛书周易 | 高逸图 | 鸭形玻璃注 | 黑漆朱绘六博具 | 齐王墓青铜方镜
网格纹鼎,https://zh.wikipedia.org/wiki/%E7%BD%91%E6%A0%BC%E7%BA%B9%E9%BC%8E,网格纹鼎，是迄今为止中国考古发现的最早的青铜鼎，现藏于二里头夏都遗址博物馆。,中国一级文物 | 二里头遗址 | 夏朝青铜器 | 引文格式1错误：日期,,,,,,,
兮甲盤,https://zh.wikipedia.org/wiki/%E5%85%AE%E7%94%B2%E7%9B%A4,兮甲盤為西周晩期一青銅禮器，又称兮田盘、兮伯盘，是南宋宮廷舊藏中唯一傳世的西周青銅器，也是中国国宝级文物。現為刘益谦私人收藏。,中文銘文 | 前823年 | 条目有永久失效的外部链接 | 盘 (青铜器) | 自2018年5月带有失效链接的条目,,,杭州,,11.7 cm × 47 cm（4.6英寸 × 19英寸）,https://upload.wikimedia.org/wikipedia/commons/thumb/e/e5/%E6%BD%8D%E5%9D%8A%E5%8D%9A%E7%89%A9%E9%A6%86%E8%97%8F%E8%A5%BF%E5%91%A8%E5%85%AE%E7%94%B2%E7%9B%98%E5%A4%8D%E5%88%B6%E5%93%81.jpg/330px-%E6%BD%8D%E5%9D%8A%E5%8D%9A%E7%89%A9%E9%A6%86%E8%97%8F%E8%A5%BF%E5%91%A8%E5%85%AE%E7%94%B2%E7%9B%98%E5%A4%8D%E5%88%B6%E5%93%81.jpg,毛公鼎 | 虢季子白盘
兽首玛瑙杯,https://zh.wikipedia.org/wiki/%E5%85%BD%E9%A6%96%E7%8E%9B%E7%91%99%E6%9D%AF,兽首玛瑙杯，1970年于陕西省西安市何家村唐代窖藏出土的一件玛瑙酒具，高6.5厘米，长15.6厘米，口径5.9厘米，现藏于陕西历史博物馆，是唐代的一件俏色玉雕精品。2002年被列入中华人民共和国禁止出国(境)展览文物名单。,1970年考古发现 | 中國傳統酒具 | 中國玉器 | 唐朝文物 | 禁止出境展览文物,唐,陕西省 西安市 （1970年）,陕西历史博物馆,玛瑙,,https://upload.wikimedia.org/wikipedia/commons/thumb/e/ee/%E5%94%90-%E7%8E%9B%E7%91%99%E5%85%BD%E9%A6%96%E6%9D%AF.jpg/250px-%E5%94%90-%E7%8E%9B%E7%91%99%E5%85%BD%E9%A6%96%E6%9D%AF.jpg,“五星出东方利中国”护膊 | 㝬簋 | 七孔玉刀 | 三星堆出土玉边璋 | 三星堆金杖 | 中山王铁足铜鼎 | 五代耀州窑青釉刻花提梁倒流壶 | 五牛圖 | 人物御龙帛画 | 人物龙凤帛画 | 人面鱼纹彩陶盆 | 伯矩鬲 | 何尊 | 八重宝函 | 凤冠 (定陵) | 刘胜金缕玉衣 | 利簋 | 勘书图 | 北宋刻本《范仲淹文集》 | 卓歇图 | 双鸟朝阳纹牙雕 | 史墙盘 | 吉祥遍至口合本续 | 后母戊鼎 | 唐长沙窑青釉褐彩贴花人物纹壶 | 商周太阳神鸟金饰 | 四羊方尊 | 夏景山口待渡图 | 大克鼎 | 大玉戈 | 大盂鼎 | 大禾方鼎 | 大秦景教流行中国碑 | 天亡簋 | 太保鼎 | 子龙鼎 | 岳麓秦简 | 嵌绿松石象牙杯 | 常阳太尊石像 | 平复帖 | 張好好詩 | 彩漆木雕小座屏 | 彩绘人物故事漆屏 | 彩绘鹳鱼石斧图陶缸 | 彩陶八角星纹豆 | 挥扇仕女图 | 昭陵六骏 | 晉侯穌編鐘 | 景雲鐘 | 曾侯乙墓外棺 | 曾侯乙编钟 | 曾侯乙青铜尊盘 | 朱然墓出土漆木屐 | 朱然墓出土贵族生活图漆盘 | 杀人祭柱场面贮贝器 | 步辇图 | 水晶杯 | 河姆渡出土朱漆碗 | 河姆渡出土陶灶 | 涅槃變相碑 | 淅川出土铜禁 | 淳化大鼎 | 清明上河圖 | 渔村小雪图 | 游春图 | 滇王之印 | 玉琮王 | 皇后之玺 | 直裾素紗襌衣 | 石鼓 (先秦) | 神兽纹玉樽 | 禁止出境展览文物 | 竹林七賢與榮啟期 | 红地对人兽树纹罽袍 | 红山文化女神像 | 红山文化玉龙 | 舞马衔杯仿皮囊式银壶 | 苦笋帖 | 莲鹤方壶 | 虢季子白盘 | 角形玉杯 | 诅盟场面贮贝器 | 识文彩绘盝顶长方形漆奁 | 越王勾践剑 | 趙佶草書千字文 | 逨盘 | 鑄客銅鼎 | 铜奔马 | 铜浮屠 | 铜车马 | 铜错金银四龙四凤方案 | 長信宮燈 | 陶鹰鼎 | 隋白釉龙柄双联传瓶 | 青花釉里红瓷仓 | 青铜神树 | 青铜立人像 | 鞍马出行图 | 韩熙载夜宴图 | 马王堆一号墓木棺椁 | 马王堆一号汉墓帛画 | 马王堆帛书周易 | 高逸图 | 鸭形玻璃注 | 黑漆朱绘六博具 | 齐王墓青铜方镜
大玉戈,https://zh.wikipedia.org/wiki/%E5%A4%A7%E7%8E%89%E6%88%88,大玉戈是商前期的玉质仪仗器，长94厘米，宽14厘米，厚度仅为1厘米。1974年出土于湖北省武汉市黄陂区盘龙城李家嘴三号墓，2002年被列入中华人民共和国禁止出国（境）展览文物名单。现藏湖北省博物馆。,1974年考古发现 | 中國玉器 | 商朝文物 | 湖北省博物館藏品 | 禁止出境展览文物,商,湖北省 武汉市 黄陂区 （1974年）,湖北省博物馆,,,https://upload.wikimedia.org/wikipedia/commons/thumb/f/ff/%E5%A4%A7%E7%8E%89%E6%88%88%2C_2015-04-06.jpg/250px-%E5%A4%A7%E7%8E%89%E6%88%88%2C_2015-04-06.jpg,“五星出东方利中国”护膊 | 㝬簋 | 七孔玉刀 | 三星堆出土玉边璋 | 三星堆金杖 | 中山王铁足铜鼎 | 五代耀州窑青釉刻花提梁倒流壶 | 五牛圖 | 人物御龙帛画 | 人物龙凤帛画 | 人面鱼纹彩陶盆 | 伯矩鬲 | 何尊 | 八重宝函 | 兽首玛瑙杯 | 凤冠 (定陵) | 刘胜金缕玉衣 | 利簋 | 勘书图 | 北宋刻本《范仲淹文集》 | 卓歇图 | 双鸟朝阳纹牙雕 | 史墙盘 | 吉祥遍至口合本续 | 后母戊鼎 | 唐长沙窑青釉褐彩贴花人物纹壶 | 商周太阳神鸟金饰 | 四羊方尊 | 夏景山口待渡图 | 大克鼎 | 大盂鼎 | 大禾方鼎 | 大秦景教流行中国碑 | 天亡簋 | 太保鼎 | 子龙鼎 | 岳麓秦简 | 嵌绿松石象牙杯 | 常阳太尊石像 | 平复帖 | 張好好詩 | 彩漆木雕小座屏 | 彩绘人物故事漆屏 | 彩绘鹳鱼石斧图陶缸 | 彩陶八角星纹豆 | 挥扇仕女图 | 昭陵六骏 | 晉侯穌編鐘 | 景雲鐘 | 曾侯乙墓外棺 | 曾侯乙编钟 | 曾侯乙青铜尊盘 | 朱然墓出土漆木屐 | 朱然墓出土贵族生活图漆盘 | 杀人祭柱场面贮贝器 | 步辇图 | 水晶杯 | 河姆渡出土朱漆碗 | 河姆渡出土陶灶 | 涅槃變相碑 | 淅川出土铜禁 | 淳化大鼎 | 清明上河圖 | 渔村小雪图 | 游春图 | 滇王之印 | 玉琮王 | 皇后之玺 | 直裾素紗襌衣 | 石鼓 (先秦) | 神兽纹玉樽 | 禁止出境展览文物 | 竹林七賢與榮啟期 | 红地对人兽树纹罽袍 | 红山文化女神像 | 红山文化玉龙 | 舞马衔杯仿皮囊式银壶 | 苦笋帖 | 莲鹤方壶 | 虢季子白盘 | 角形玉杯 | 诅盟场面贮贝器 | 识文彩绘盝顶长方形漆奁 | 越王勾践剑 | 趙佶草書千字文 | 逨盘 | 鑄客銅鼎 | 铜奔马 | 铜浮屠 | 铜车马 | 铜错金银四龙四凤方案 | 長信宮燈 | 陶鹰鼎 | 隋白釉龙柄双联传瓶 | 青花釉里红瓷仓 | 青铜神树 | 青铜立人像 | 鞍马出行图 | 韩熙载夜宴图 | 马王堆一号墓木棺椁 | 马王堆一号汉墓帛画 | 马王堆帛书周易 | 高逸图 | 鸭形玻璃注 | 黑漆朱绘六博具 | 齐王墓青铜方镜
“五星出东方利中国”护膊,https://zh.wikipedia.org/wiki/%E2%80%9C%E4%BA%94%E6%98%9F%E5%87%BA%E4%B8%9C%E6%96%B9%E5%88%A9%E4%B8%AD%E5%9B%BD%E2%80%9D%E6%8A%A4%E8%86%8A,"“五星出东方利中国”护膊是1995年出土于中国新疆维吾尔自治区和田地区民丰县尼雅遗址的汉代到魏晋时期的蜀锦，为国家一级文物、首批禁止出国（境）展览文物。现藏于新疆维吾尔自治区博物馆。“五星出东方利中国”护膊是汉锦的代表之一，是已出土汉锦中密度最高的织锦。
“五星出东方利中国”护膊主体由面锦、内衬构成，为长18.5厘米，宽12.5厘米圆角长方形，另有白绢系带。其面锦为五重平纹经锦，有蓝地白字“五星出东方利中国”，另有云气纹、鸟兽纹等纹饰。“五星出东方利中国”是古时中国星占学占辞用语。与同时同地出土的“诛（讨）南羌”织锦可能为同一织锦经剪裁得到的不同物品，所载内容可能与赵充国讨伐西羌的史实有关，但...",1995年考古发现 | 三国文物 | 东汉陪葬文物 | 使用多个图像且自动缩放的页面 | 和田文物,东汉,新疆 和田地区 民丰县 （1995年）,新疆维吾尔自治区博物馆,,,https://upload.wikimedia.org/wikipedia/commons/thumb/3/35/Five_Stars_Rising_in_the_East_Benefiting_for_the_Central_Plains_armband_%2820230921114337%29.jpg/250px-Five_Stars_Rising_in_the_East_Benefiting_for_the_Central_Plains_armband_%2820230921114337%29.jpg,㝬簋 | 七孔玉刀 | 三星堆出土玉边璋 | 三星堆金杖 | 中山王铁足铜鼎 | 五代耀州窑青釉刻花提梁倒流壶 | 五牛圖 | 人物御龙帛画 | 人物龙凤帛画 | 人面鱼纹彩陶盆 | 伯矩鬲 | 何尊 | 八重宝函 | 兽首玛瑙杯 | 凤冠 (定陵) | 刘胜金缕玉衣 | 利簋 | 勘书图 | 北宋刻本《范仲淹文集》 | 卓歇图 | 双鸟朝阳纹牙雕 | 史墙盘 | 吉祥遍至口合本续 | 后母戊鼎 | 唐长沙窑青釉褐彩贴花人物纹壶 | 商周十供 | 商周太阳神鸟金饰 | 四羊方尊 | 夏景山口待渡图 | 大克鼎 | 大玉戈 | 大理国银鎏金镶珠金翅鸟 | 大盂鼎 | 大禾方鼎 | 大秦景教流行中国碑 | 天亡簋 | 太保鼎 | 妇好鸮尊 | 子龙鼎 | 岳麓秦简 | 嵌绿松石象牙杯 | 常阳太尊石像 | 平复帖 | 張好好詩 | 彩漆木雕小座屏 | 彩绘人物故事漆屏 | 彩绘鹳鱼石斧图陶缸 | 彩陶八角星纹豆 | 挥扇仕女图 | 昭陵六骏 | 晉侯穌編鐘 | 景雲鐘 | 曾侯乙墓外棺 | 曾侯乙编钟 | 曾侯乙青铜尊盘 | 朱然墓出土漆木屐 | 朱然墓出土贵族生活图漆盘 | 杀人祭柱场面贮贝器 | 步辇图 | 水晶杯 | 河姆渡出土朱漆碗 | 河姆渡出土陶灶 | 涅槃變相碑 | 淅川出土铜禁 | 淳化大鼎 | 清明上河圖 | 渔村小雪图 | 游春图 | 滇王之印 | 玉琮王 | 皇后之玺 | 皿方罍 | 直裾素紗襌衣 | 石鼓 (先秦) | 神兽纹玉樽 | 禁止出境展览文物 | 竹林七賢與榮啟期 | 红地对人兽树纹罽袍 | 红山文化女神像 | 红山文化玉龙 | 聂耳小提琴 | 舞马衔杯仿皮囊式银壶 | 苦笋帖 | 莲鹤方壶 | 虢季子白盘 | 角形玉杯 | 诅盟场面贮贝器 | 识文彩绘盝顶长方形漆奁 | 越王勾践剑 | 趙佶草書千字文 | 逨盘 | 鑄客銅鼎 | 铜奔马 | 铜浮屠 | 铜车马 | 铜错金银四龙四凤方案 | 長信宮燈 | 陶鹰鼎 | 隋白釉龙柄双联传瓶 | 青花釉里红瓷仓 | 青铜神树 | 青铜立人像 | 鞍马出行图 | 韩熙载夜宴图 | 马王堆一号墓木棺椁 | 马王堆一号汉墓帛画 | 马王堆帛书周易 | 高逸图 | 鸭形玻璃注 | 黑漆朱绘六博具 | 齐王墓青铜方镜
清明上河圖,https://zh.wikipedia.org/wiki/%E6%B8%85%E6%98%8E%E4%B8%8A%E6%B2%B3%E5%9C%96,"《清明上河圖》是宋代名畫家張擇端的一幅手卷，並在隨後的幾個世紀中被多次複製。它展示了北宋時期首都汴京（今河南省开封市）的人民日常生活和景觀。該作品通常被認為是慶祝清明節的節日氛圍和世俗喧囂，畫卷從右到左閱讀，並采用散点透视的構圖，以連續的場景展示了社會各個層次的人們的生活方式，從富裕到貧困，以及農村和城市的經濟活動，並提供了時期的服裝和建築一瞥。該畫被認為是所有中國畫作中最著名的作品。
作為藝術創作，《清明上河圖》因對於各種景物形態的精確描繪使其負有盛名。後代藝術家製作了數百個複製品、副本和甚至偽造品，每個都遵循了原始作品的整體構圖和主題，但在細節和技巧上有所不同。多個世紀以來，宋代原作一直被...",CS1英语来源 (en) | 中國十大傳世名畫 | 北宋背景作品 | 北宋艺术作品 | 國立故宮博物院國寶類藏品,,,故宫博物院,,24.8 cm × 528 cm（9.8英寸 × 208英寸）,https://upload.wikimedia.org/wikipedia/commons/thumb/d/d2/Bianjing_city_gate.JPG/330px-Bianjing_city_gate.JPG,“五星出东方利中国”护膊 | 㝬簋 | 七孔玉刀 | 三星堆出土玉边璋 | 三星堆金杖 | 中山王铁足铜鼎 | 五代耀州窑青釉刻花提梁倒流壶 | 五牛圖 | 人物御龙帛画 | 人物龙凤帛画 | 人面鱼纹彩陶盆 | 伯矩鬲 | 何尊 | 八重宝函 | 兽首玛瑙杯 | 凤冠 (定陵) | 刘胜金缕玉衣 | 利簋 | 勘书图 | 北宋刻本《范仲淹文集》 | 卓歇图 | 双鸟朝阳纹牙雕 | 史墙盘 | 吉祥遍至口合本续 | 后母戊鼎 | 唐长沙窑青釉褐彩贴花人物纹壶 | 商周太阳神鸟金饰 | 四羊方尊 | 夏景山口待渡图 | 大克鼎 | 大玉戈 | 大盂鼎 | 大禾方鼎 | 大秦景教流行中国碑 | 天亡簋 | 太保鼎 | 子龙鼎 | 岳麓秦简 | 嵌绿松石象牙杯 | 常阳太尊石像 | 平复帖 | 張好好詩 | 彩漆木雕小座屏 | 彩绘人物故事漆屏 | 彩绘鹳鱼石斧图陶缸 | 彩陶八角星纹豆 | 挥扇仕女图 | 昭陵六骏 | 晉侯穌編鐘 | 景雲鐘 | 曾侯乙墓外棺 | 曾侯乙编钟 | 曾侯乙青铜尊盘 | 朱然墓出土漆木屐 | 朱然墓出土贵族生活图漆盘 | 杀人祭柱场面贮贝器 | 步辇图 | 水晶杯 | 河姆渡出土朱漆碗 | 河姆渡出土陶灶 | 涅槃變相碑 | 淅川出土铜禁 | 淳化大鼎 | 渔村小雪图 | 游春图 | 滇王之印 | 玉琮王 | 皇后之玺 | 直裾素紗襌衣 | 石鼓 (先秦) | 神兽纹玉樽 | 禁止出境展览文物 | 竹林七賢與榮啟期 | 红地对人兽树纹罽袍 | 红山文化女神像 | 红山文化玉龙 | 舞马衔杯仿皮囊式银壶 | 苦笋帖 | 莲鹤方壶 | 虢季子白盘 | 角形玉杯 | 诅盟场面贮贝器 | 识文彩绘盝顶长方形漆奁 | 越王勾践剑 | 趙佶草書千字文 | 逨盘 | 鑄客銅鼎 | 铜奔马 | 铜浮屠 | 铜车马 | 铜错金银四龙四凤方案 | 長信宮燈 | 陶鹰鼎 | 隋白釉龙柄双联传瓶 | 青花釉里红瓷仓 | 青铜神树 | 青铜立人像 | 鞍马出行图 | 韩熙载夜宴图 | 马王堆一号墓木棺椁 | 马王堆一号汉墓帛画 | 马王堆帛书周易 | 高逸图 | 鸭形玻璃注 | 黑漆朱绘六博具 | 齐王墓青铜方镜
汉归义羌长印,https://zh.wikipedia.org/wiki/%E6%B1%89%E5%BD%92%E4%B9%89%E7%BE%8C%E9%95%BF%E5%8D%B0,"汉归义羌长印是中国国家博物馆所收藏的一级文物，一枚汉朝对归附朝廷的羌人部落首领颁发的印章。
1953年（一說1959年）时，在新疆维吾尔自治区沙雅县的乌什喀特古城遗址（今属新和县）发现出土。此印為銅質，高約3.5釐米，印章底面四邊形，每邊長2.3釐米，印面用陰刻有“漢歸義羌長”五個篆文。",中国一级文物 | 中国印章 | 中國國家博物館藏品 | 中文銘文 | 新和县,,,,,,,一级文物 | 滇王之印 | 皇后之玺
凤冠 (定陵),https://zh.wikipedia.org/wiki/%E5%87%A4%E5%86%A0_(%E5%AE%9A%E9%99%B5),"凤冠，此处特指1957年从北京市昌平县十三陵之一的定陵出土的四件凤冠，即：三龙二凤冠、九龙九凤冠、十二龙九凤冠和六龙三凤冠，隶属于明朝神宗的孝端、孝靖两位皇后，各2顶。其中三龙二凤冠现藏于故宫博物院，九龙九凤冠现藏于中国国家博物馆，十二龙九凤冠与六龙三凤冠则藏于明十三陵博物馆。
现藏于中国国家博物馆的九龙九凤冠是中华人民共和国禁止出国（境）展览文物之一。",中國國家博物館藏品 | 全部小作品 | 故宫博物院藏品 | 明十三陵 | 明朝文物,明,北京市 昌平县 （1957年）,中国国家博物馆,,,https://upload.wikimedia.org/wikipedia/commons/thumb/2/2b/20251026_Phoenix_Coronet_for_Empress_Xiaoduan.jpg/250px-20251026_Phoenix_Coronet_for_Empress_Xiaoduan.jpg,“五星出东方利中国”护膊 | 㝬簋 | 七孔玉刀 | 三星堆出土玉边璋 | 三星堆金杖 | 中山王铁足铜鼎 | 五代耀州窑青釉刻花提梁倒流壶 | 五牛圖 | 人物御龙帛画 | 人物龙凤帛画 | 人面鱼纹彩陶盆 | 伯矩鬲 | 何尊 | 八重宝函 | 兽首玛瑙杯 | 刘胜金缕玉衣 | 利簋 | 勘书图 | 北宋刻本《范仲淹文集》 | 卓歇图 | 双鸟朝阳纹牙雕 | 史墙盘 | 吉祥遍至口合本续 | 后母戊鼎 | 唐长沙窑青釉褐彩贴花人物纹壶 | 商周太阳神鸟金饰 | 四羊方尊 | 夏景山口待渡图 | 大克鼎 | 大玉戈 | 大盂鼎 | 大禾方鼎 | 大秦景教流行中国碑 | 天亡簋 | 太保鼎 | 子龙鼎 | 岳麓秦简 | 嵌绿松石象牙杯 | 常阳太尊石像 | 平复帖 | 張好好詩 | 彩漆木雕小座屏 | 彩绘人物故事漆屏 | 彩绘鹳鱼石斧图陶缸 | 彩陶八角星纹豆 | 挥扇仕女图 | 昭陵六骏 | 晉侯穌編鐘 | 景雲鐘 | 曾侯乙墓外棺 | 曾侯乙编钟 | 曾侯乙青铜尊盘 | 朱然墓出土漆木屐 | 朱然墓出土贵族生活图漆盘 | 杀人祭柱场面贮贝器 | 步辇图 | 水晶杯 | 河姆渡出土朱漆碗 | 河姆渡出土陶灶 | 涅槃變相碑 | 淅川出土铜禁 | 淳化大鼎 | 清明上河圖 | 渔村小雪图 | 游春图 | 滇王之印 | 玉琮王 | 皇后之玺 | 直裾素紗襌衣 | 石鼓 (先秦) | 神兽纹玉樽 | 禁止出境展览文物 | 竹林七賢與榮啟期 | 红地对人兽树纹罽袍 | 红山文化女神像 | 红山文化玉龙 | 舞马衔杯仿皮囊式银壶 | 苦笋帖 | 莲鹤方壶 | 虢季子白盘 | 角形玉杯 | 诅盟场面贮贝器 | 识文彩绘盝顶长方形漆奁 | 越王勾践剑 | 趙佶草書千字文 | 逨盘 | 鑄客銅鼎 | 铜奔马 | 铜浮屠 | 铜车马 | 铜错金银四龙四凤方案 | 長信宮燈 | 陶鹰鼎 | 隋白釉龙柄双联传瓶 | 青花釉里红瓷仓 | 青铜神树 | 青铜立人像 | 鞍马出行图 | 韩熙载夜宴图 | 马王堆一号墓木棺椁 | 马王堆一号汉墓帛画 | 马王堆帛书周易 | 高逸图 | 鸭形玻璃注 | 黑漆朱绘六博具 | 齐王墓青铜方镜
云雷鸟兽纹铜棺,https://zh.wikipedia.org/wiki/%E4%BA%91%E9%9B%B7%E9%B8%9F%E5%85%BD%E7%BA%B9%E9%93%9C%E6%A3%BA,云雷鸟兽纹铜棺，又名大波那铜棺，长200厘米、宽62厘米、高64厘米，出土自中华人民共和国云南省祥云大波那村木椁铜棺墓，是滇国青铜器的代表作，也是中华人民共和国唯一的青铜时期战国完整的铜棺，现为云南省博物馆藏。,中国一级文物 | 云南省博物馆藏品 | 大理白族自治州文物 | 引文格式1错误：日期 | 祥云县历史,,,,,,,
灵鹫纹锦袍,https://zh.wikipedia.org/wiki/%E7%81%B5%E9%B9%AB%E7%BA%B9%E9%94%A6%E8%A2%8D,灵鹫纹锦袍也称球路双鸟锦、米黄地灵鹫纹锦、盘雕锦袍是出土于新疆阿拉尔盆地，现藏于故宫博物院的北宋时期织物真品。,含有过时参数的引用的页面 | 禁止出境展览文物,北宋,新疆维吾尔自治区 阿拉尔盆地 （1953年）,故宫博物院,,,,“五星出东方利中国”护膊 | 㝬簋 | 七孔玉刀 | 三星堆出土玉边璋 | 三星堆金杖 | 中山王铁足铜鼎 | 五代耀州窑青釉刻花提梁倒流壶 | 五牛圖 | 人物御龙帛画 | 人物龙凤帛画 | 人面鱼纹彩陶盆 | 伯矩鬲 | 何尊 | 八重宝函 | 兽首玛瑙杯 | 凤冠 (定陵) | 刘胜金缕玉衣 | 利簋 | 勘书图 | 北宋刻本《范仲淹文集》 | 卓歇图 | 双鸟朝阳纹牙雕 | 史墙盘 | 吉祥遍至口合本续 | 后母戊鼎 | 唐长沙窑青釉褐彩贴花人物纹壶 | 商周太阳神鸟金饰 | 四羊方尊 | 夏景山口待渡图 | 大克鼎 | 大玉戈 | 大盂鼎 | 大禾方鼎 | 大秦景教流行中国碑 | 天亡簋 | 太保鼎 | 子龙鼎 | 岳麓秦简 | 嵌绿松石象牙杯 | 常阳太尊石像 | 平复帖 | 張好好詩 | 彩漆木雕小座屏 | 彩绘人物故事漆屏 | 彩绘鹳鱼石斧图陶缸 | 彩陶八角星纹豆 | 挥扇仕女图 | 昭陵六骏 | 晉侯穌編鐘 | 景雲鐘 | 曾侯乙墓外棺 | 曾侯乙编钟 | 曾侯乙青铜尊盘 | 朱然墓出土漆木屐 | 朱然墓出土贵族生活图漆盘 | 杀人祭柱场面贮贝器 | 步辇图 | 水晶杯 | 河姆渡出土朱漆碗 | 河姆渡出土陶灶 | 涅槃變相碑 | 淅川出土铜禁 | 淳化大鼎 | 清明上河圖 | 渔村小雪图 | 游春图 | 滇王之印 | 玉琮王 | 皇后之玺 | 直裾素紗襌衣 | 石鼓 (先秦) | 神兽纹玉樽 | 禁止出境展览文物 | 竹林七賢與榮啟期 | 红地对人兽树纹罽袍 | 红山文化女神像 | 红山文化玉龙 | 舞马衔杯仿皮囊式银壶 | 苦笋帖 | 莲鹤方壶 | 虢季子白盘 | 角形玉杯 | 诅盟场面贮贝器 | 识文彩绘盝顶长方形漆奁 | 越王勾践剑 | 趙佶草書千字文 | 逨盘 | 鑄客銅鼎 | 铜奔马 | 铜浮屠 | 铜车马 | 铜错金银四龙四凤方案 | 長信宮燈 | 陶鹰鼎 | 隋白釉龙柄双联传瓶 | 青花釉里红瓷仓 | 青铜神树 | 青铜立人像 | 鞍马出行图 | 韩熙载夜宴图 | 马王堆一号墓木棺椁 | 马王堆一号汉墓帛画 | 马王堆帛书周易 | 高逸图 | 鸭形玻璃注 | 黑漆朱绘六博具 | 齐王墓青铜方镜
西周象尊,https://zh.wikipedia.org/wiki/%E8%A5%BF%E5%91%A8%E8%B1%A1%E5%B0%8A,西周象尊，又称鸟纹象尊、鸟纹象形尊、象尊，西周青铜象形鸟兽尊，1974年出土于陕西省宝鸡市茹家庄一号墓，国家一级文物，现藏于宝鸡青铜器博物院。,中国一级文物 | 宝鸡文物 | 宝鸡青铜器博物院藏品 | 西周青铜器 | 象尊,,,,,,https://upload.wikimedia.org/wikipedia/commons/thumb/5/5d/Elephant_Zun.jpg/250px-Elephant_Zun.jpg,卡蒙多象尊 | 商夔纹象尊 | 醴陵象尊
王臣簋,https://zh.wikipedia.org/wiki/%E7%8E%8B%E8%87%A3%E7%B0%8B,王臣簋，西周中期青銅器，1977年出土於陝西澄城縣南串業村的西周墓葬。簋蓋和內底有相同內容的銘文，記述周王賞賜王臣的事件，因而得名。,中文銘文 | 澄城县 | 簋 | 西周青铜器,,,,,,,
張好好詩,https://zh.wikipedia.org/wiki/%E5%BC%B5%E5%A5%BD%E5%A5%BD%E8%A9%A9,"《张好好诗》是唐朝诗人杜牧的书法作品，此卷書體為行書，紙本，長28.2公分，總寬162公分。
張好好，江西洪州乐籍，是唐朝歌妓。色藝双全，十三歲流落風塵，以善歌舞来乐籍中，为官吏所倾倒。大和三年（829年）杜牧在南昌沈传师的江西观察使幕府任职时與張好好相识。杜牧對她的不幸寄以無限同情。大和九年（835年），杜牧被朝廷徵為监察御史，赴长安任职。年八月在东都洛阳上任。在这里他遇到了宣州市的故人张好好，写下了著名的《张好好诗》，诗中描述她在“吴娃”的扶引下羞怯登场，“盼盼乍垂袖，一声雏凤呼”。
《宣和书谱》评杜牧书法：“气格雄健，与文章相表裡”。《张好好诗》是杜牧唯一的传世墨迹，卷前有宋徽宗书签“唐...",中国一级文物 | 中國古代歌妓主角題材作品 | 使用ISBN魔术链接的页面 | 唐朝书法作品 | 唐朝背景作品,,,,,,,“五星出东方利中国”护膊 | 㝬簋 | 七孔玉刀 | 三星堆出土玉边璋 | 三星堆金杖 | 中山王铁足铜鼎 | 五代耀州窑青釉刻花提梁倒流壶 | 五牛圖 | 人物御龙帛画 | 人物龙凤帛画 | 人面鱼纹彩陶盆 | 伯矩鬲 | 何尊 | 八重宝函 | 兽首玛瑙杯 | 凤冠 (定陵) | 刘胜金缕玉衣 | 利簋 | 勘书图 | 北宋刻本《范仲淹文集》 | 卓歇图 | 双鸟朝阳纹牙雕 | 史墙盘 | 吉祥遍至口合本续 | 后母戊鼎 | 唐长沙窑青釉褐彩贴花人物纹壶 | 商周太阳神鸟金饰 | 四羊方尊 | 夏景山口待渡图 | 大克鼎 | 大玉戈 | 大盂鼎 | 大禾方鼎 | 大秦景教流行中国碑 | 天亡簋 | 太保鼎 | 子龙鼎 | 岳麓秦简 | 嵌绿松石象牙杯 | 常阳太尊石像 | 平复帖 | 彩漆木雕小座屏 | 彩绘人物故事漆屏 | 彩绘鹳鱼石斧图陶缸 | 彩陶八角星纹豆 | 挥扇仕女图 | 昭陵六骏 | 晉侯穌編鐘 | 景雲鐘 | 曾侯乙墓外棺 | 曾侯乙编钟 | 曾侯乙青铜尊盘 | 朱然墓出土漆木屐 | 朱然墓出土贵族生活图漆盘 | 杀人祭柱场面贮贝器 | 步辇图 | 水晶杯 | 河姆渡出土朱漆碗 | 河姆渡出土陶灶 | 涅槃變相碑 | 淅川出土铜禁 | 淳化大鼎 | 清明上河圖 | 渔村小雪图 | 游春图 | 滇王之印 | 玉琮王 | 皇后之玺 | 直裾素紗襌衣 | 石鼓 (先秦) | 神兽纹玉樽 | 禁止出境展览文物 | 竹林七賢與榮啟期 | 红地对人兽树纹罽袍 | 红山文化女神像 | 红山文化玉龙 | 舞马衔杯仿皮囊式银壶 | 苦笋帖 | 莲鹤方壶 | 虢季子白盘 | 角形玉杯 | 诅盟场面贮贝器 | 识文彩绘盝顶长方形漆奁 | 越王勾践剑 | 趙佶草書千字文 | 逨盘 | 鑄客銅鼎 | 铜奔马 | 铜浮屠 | 铜车马 | 铜错金银四龙四凤方案 | 長信宮燈 | 陶鹰鼎 | 隋白釉龙柄双联传瓶 | 青花釉里红瓷仓 | 青铜神树 | 青铜立人像 | 鞍马出行图 | 韩熙载夜宴图 | 马王堆一号墓木棺椁 | 马王堆一号汉墓帛画 | 马王堆帛书周易 | 高逸图 | 鸭形玻璃注 | 黑漆朱绘六博具 | 齐王墓青铜方镜
商周太阳神鸟金饰,https://zh.wikipedia.org/wiki/%E5%95%86%E5%91%A8%E5%A4%AA%E9%98%B3%E7%A5%9E%E9%B8%9F%E9%87%91%E9%A5%B0,太阳神鸟金饰（亦稱“四鸟绕日”金饰），是2001年出土于四川省成都市金沙遗址的一张金箔，属古蜀時期（相當於商代晚期）作品，是中华人民共和国国家一级文物，第三批禁止出境展览的文物之一。整个金饰呈一圆环形状，外径为12.5厘米，内径5.29厘米，厚度0.02厘米，重量20克。金饰上有复杂的镂空图案，分内外两层，内层为周围等距分布有十二条旋转的齿状光芒；外层图案围绕着内层图案，由四只相同的朝逆时针飞行的鸟组成。四只鸟首足前后相接，朝同一方向飞行，与内层漩涡旋转方向相反。图案通常解释为：四只鸟代表春夏秋冬四季轮回，内层12道光纹代表一年十二个月的周而复始。也可能与“金乌负日”的传说有关。对其进行成分分...,2001年考古发现 | 中国城市代表物 | 使用过时图像语法的页面 | 古蜀文物 | 含有英語的條目,商,,,,外径12.53，内径5.29，厚0.02（单位：厘米）,https://upload.wikimedia.org/wikipedia/commons/thumb/6/6e/%E9%87%91%E6%B2%99%E9%81%97%E5%9D%80%E5%A4%AA%E9%98%B3%E7%A5%9E%E9%B8%9F_2018.jpg/330px-%E9%87%91%E6%B2%99%E9%81%97%E5%9D%80%E5%A4%AA%E9%98%B3%E7%A5%9E%E9%B8%9F_2018.jpg,“五星出东方利中国”护膊 | 㝬簋 | 七孔玉刀 | 三星堆出土玉边璋 | 三星堆金杖 | 中山王铁足铜鼎 | 五代耀州窑青釉刻花提梁倒流壶 | 五牛圖 | 人物御龙帛画 | 人物龙凤帛画 | 人面鱼纹彩陶盆 | 伯矩鬲 | 何尊 | 八重宝函 | 兽首玛瑙杯 | 凤冠 (定陵) | 刘胜金缕玉衣 | 利簋 | 勘书图 | 北宋刻本《范仲淹文集》 | 卓歇图 | 双鸟朝阳纹牙雕 | 史墙盘 | 吉祥遍至口合本续 | 后母戊鼎 | 唐长沙窑青釉褐彩贴花人物纹壶 | 四羊方尊 | 夏景山口待渡图 | 大克鼎 | 大玉戈 | 大盂鼎 | 大禾方鼎 | 大秦景教流行中国碑 | 天亡簋 | 太保鼎 | 子龙鼎 | 岳麓秦简 | 嵌绿松石象牙杯 | 常阳太尊石像 | 平复帖 | 張好好詩 | 彩漆木雕小座屏 | 彩绘人物故事漆屏 | 彩绘鹳鱼石斧图陶缸 | 彩陶八角星纹豆 | 挥扇仕女图 | 昭陵六骏 | 晉侯穌編鐘 | 景雲鐘 | 曾侯乙墓外棺 | 曾侯乙编钟 | 曾侯乙青铜尊盘 | 朱然墓出土漆木屐 | 朱然墓出土贵族生活图漆盘 | 杀人祭柱场面贮贝器 | 步辇图 | 水晶杯 | 河姆渡出土朱漆碗 | 河姆渡出土陶灶 | 涅槃變相碑 | 淅川出土铜禁 | 淳化大鼎 | 清明上河圖 | 渔村小雪图 | 游春图 | 滇王之印 | 玉琮王 | 皇后之玺 | 直裾素紗襌衣 | 石鼓 (先秦) | 神兽纹玉樽 | 禁止出境展览文物 | 竹林七賢與榮啟期 | 红地对人兽树纹罽袍 | 红山文化女神像 | 红山文化玉龙 | 舞马衔杯仿皮囊式银壶 | 苦笋帖 | 莲鹤方壶 | 虢季子白盘 | 角形玉杯 | 诅盟场面贮贝器 | 识文彩绘盝顶长方形漆奁 | 越王勾践剑 | 趙佶草書千字文 | 逨盘 | 鑄客銅鼎 | 铜奔马 | 铜浮屠 | 铜车马 | 铜错金银四龙四凤方案 | 長信宮燈 | 陶鹰鼎 | 隋白釉龙柄双联传瓶 | 青花釉里红瓷仓 | 青铜神树 | 青铜立人像 | 鞍马出行图 | 韩熙载夜宴图 | 马王堆一号墓木棺椁 | 马王堆一号汉墓帛画 | 马王堆帛书周易 | 高逸图 | 鸭形玻璃注 | 黑漆朱绘六博具 | 齐王墓青铜方镜
彩绘鹳鱼石斧图陶缸,https://zh.wikipedia.org/wiki/%E5%BD%A9%E7%BB%98%E9%B9%B3%E9%B1%BC%E7%9F%B3%E6%96%A7%E5%9B%BE%E9%99%B6%E7%BC%B8,"彩绘鹳鱼石斧图陶缸是中国新石器时代仰韶文化的遗物，1978年出土于河南省临汝县（今河南省汝州市）阎村。现藏中国国家博物馆，為中國禁止出境展覽文物。
夹砂红陶质，敞口、圆唇、深腹，通高47厘米、口径32.7厘米。以白色为底，黑线勾勒轮廓，在陶缸外壁绘出鹳鸟衔鱼、石斧竖立一旁的画面，线条粗重、结实，风格粗犷、质朴，是远古时期罕见的珍品。",1978年考古发现 | 中国陶器 | 中國國家博物館藏品 | 仰韶文化 | 汝州市文物,新石器时代,河南省 临汝县 （1978年）,中国国家博物馆,,,https://upload.wikimedia.org/wikipedia/commons/thumb/f/f2/Miaodigou_urn%2CYangshao_culture.jpg/250px-Miaodigou_urn%2CYangshao_culture.jpg,“五星出东方利中国”护膊 | 㝬簋 | 七孔玉刀 | 三星堆出土玉边璋 | 三星堆金杖 | 中山王铁足铜鼎 | 五代耀州窑青釉刻花提梁倒流壶 | 五牛圖 | 人物御龙帛画 | 人物龙凤帛画 | 人面鱼纹彩陶盆 | 伯矩鬲 | 何尊 | 八重宝函 | 兽首玛瑙杯 | 凤冠 (定陵) | 刘胜金缕玉衣 | 利簋 | 勘书图 | 北宋刻本《范仲淹文集》 | 卓歇图 | 双鸟朝阳纹牙雕 | 史墙盘 | 吉祥遍至口合本续 | 后母戊鼎 | 唐长沙窑青釉褐彩贴花人物纹壶 | 商周太阳神鸟金饰 | 四羊方尊 | 夏景山口待渡图 | 大克鼎 | 大玉戈 | 大盂鼎 | 大禾方鼎 | 大秦景教流行中国碑 | 天亡簋 | 太保鼎 | 子龙鼎 | 岳麓秦简 | 嵌绿松石象牙杯 | 常阳太尊石像 | 平复帖 | 張好好詩 | 彩漆木雕小座屏 | 彩绘人物故事漆屏 | 彩陶八角星纹豆 | 挥扇仕女图 | 昭陵六骏 | 晉侯穌編鐘 | 景雲鐘 | 曾侯乙墓外棺 | 曾侯乙编钟 | 曾侯乙青铜尊盘 | 朱然墓出土漆木屐 | 朱然墓出土贵族生活图漆盘 | 杀人祭柱场面贮贝器 | 步辇图 | 水晶杯 | 河姆渡出土朱漆碗 | 河姆渡出土陶灶 | 涅槃變相碑 | 淅川出土铜禁 | 淳化大鼎 | 清明上河圖 | 渔村小雪图 | 游春图 | 滇王之印 | 玉琮王 | 皇后之玺 | 直裾素紗襌衣 | 石鼓 (先秦) | 神兽纹玉樽 | 禁止出境展览文物 | 竹林七賢與榮啟期 | 红地对人兽树纹罽袍 | 红山文化女神像 | 红山文化玉龙 | 舞马衔杯仿皮囊式银壶 | 苦笋帖 | 莲鹤方壶 | 虢季子白盘 | 角形玉杯 | 诅盟场面贮贝器 | 识文彩绘盝顶长方形漆奁 | 越王勾践剑 | 趙佶草書千字文 | 逨盘 | 鑄客銅鼎 | 铜奔马 | 铜浮屠 | 铜车马 | 铜错金银四龙四凤方案 | 長信宮燈 | 陶鹰鼎 | 隋白釉龙柄双联传瓶 | 青花釉里红瓷仓 | 青铜神树 | 青铜立人像 | 鞍马出行图 | 韩熙载夜宴图 | 马王堆一号墓木棺椁 | 马王堆一号汉墓帛画 | 马王堆帛书周易 | 高逸图 | 鸭形玻璃注 | 黑漆朱绘六博具 | 齐王墓青铜方镜
霸伯簋,https://zh.wikipedia.org/wiki/%E9%9C%B8%E4%BC%AF%E7%B0%8B,"霸伯簋是三件西周穆王时期所制造器皿的统称。三件器皿出土于山西翼城大河口M1107墓，属于霸伯。器皿形制类似、铭文基本相同，编号分别是M1107:8、M1107:35、M1107:40。
M1107:35——霸伯簋或称霸伯山簋。此器得名于其铭文所写“山簋”，是中国发掘出的第一个同类型器皿，根据山西省考古研究所推测，“山”字既可以是用于描述此器皿的用途，也可用于描述其形制。",中国陪葬品 | 中文銘文 | 临汾文物 | 拒绝当选首页新条目推荐栏目的条目 | 簋,,,,,,,
广南羽人船纹铜鼓,https://zh.wikipedia.org/wiki/%E5%B9%BF%E5%8D%97%E7%BE%BD%E4%BA%BA%E8%88%B9%E7%BA%B9%E9%93%9C%E9%BC%93,广南羽人船纹铜鼓，又称广南鼓，是西汉时期滇国青铜器的代表作，现为云南省博物馆藏。,中国一级文物 | 云南省博物馆藏品 | 广南文物 | 引文格式1错误：日期 | 滇国,,,,,,,
蛇首扁柄斗,https://zh.wikipedia.org/wiki/%E8%9B%87%E9%A6%96%E6%89%81%E6%9F%84%E6%96%97,蛇首扁柄斗，是一件商朝时期的青铜挹注器文物，现藏于山西博物院。,中国一级文物 | 山西博物院藏品 | 引文格式1错误：日期 | 方国,,,,,,,
𰒦簋,https://zh.wikipedia.org/wiki/%F0%B0%92%A6%E7%B0%8B,簋，是一件铸造于西周中期的青铜簋，1975年出土于陕西省扶风县庄白村，现藏于扶风县博物馆。造型和装饰颇见匠心，双耳作鸟形圆雕，器身和器盖各饰对称大鸟纹。盖和腹内各有铭文11行134字，为现存商周青铜簋中铭文字数最多，内容涉及周与淮夷的战争。,中文銘文 | 使用Unicode扩展汉字的条目 | 含有注音符號的條目 | 含有漢語拼音的條目 | 宝鸡文物,,,,,,https://upload.wikimedia.org/wikipedia/commons/thumb/2/22/Dong_Gui.jpg/250px-Dong_Gui.jpg,班簋
昭陵六骏,https://zh.wikipedia.org/wiki/%E6%98%AD%E9%99%B5%E5%85%AD%E9%AA%8F,昭陵六骏是指陕西醴泉唐太宗李世民陵墓昭陵北面祭坛东西两侧的六块骏马青石浮雕石刻。每块石刻宽约205厘米、高170厘米，厚30厘米、重约2.5吨。“昭陵六骏”造型优美，雕刻线条流畅，刀工精细、圆润，是珍贵的古代石刻艺术珍品。六骏是李世民在唐朝建立前先后骑过的战马，分别名为拳毛騧、什伐赤、白蹄乌、特勒骠、青骓、飒露紫。为纪念这六匹战马，李世民令工艺家阎立德和其弟画家阎立本，用浮雕描绘六匹战马列置于陵前。,中国六大 | 中国雕塑作品 | 使用多个图像且自动缩放的页面 | 含有瑞典語的條目 | 咸阳文物,唐,,西安碑林博物馆,,,https://upload.wikimedia.org/wikipedia/commons/thumb/3/34/%E6%98%AD%E9%99%B5%E5%85%AD%E9%AA%8F-%E8%A5%BF%E5%AE%89%E7%A2%91%E6%9E%97%E7%9F%B3%E5%88%BB%E8%89%BA%E6%9C%AF%E5%AE%A4_2023-09-29_01.jpg/250px-%E6%98%AD%E9%99%B5%E5%85%AD%E9%AA%8F-%E8%A5%BF%E5%AE%89%E7%A2%91%E6%9E%97%E7%9F%B3%E5%88%BB%E8%89%BA%E6%9C%AF%E5%AE%A4_2023-09-29_01.jpg,“五星出东方利中国”护膊 | 㝬簋 | 七孔玉刀 | 三星堆出土玉边璋 | 三星堆金杖 | 中山王铁足铜鼎 | 五代耀州窑青釉刻花提梁倒流壶 | 五牛圖 | 人物御龙帛画 | 人物龙凤帛画 | 人面鱼纹彩陶盆 | 伯矩鬲 | 何尊 | 八重宝函 | 兽首玛瑙杯 | 凤冠 (定陵) | 刘胜金缕玉衣 | 利簋 | 勘书图 | 北宋刻本《范仲淹文集》 | 卓歇图 | 双鸟朝阳纹牙雕 | 史墙盘 | 吉祥遍至口合本续 | 后母戊鼎 | 唐长沙窑青釉褐彩贴花人物纹壶 | 商周太阳神鸟金饰 | 四羊方尊 | 夏景山口待渡图 | 大克鼎 | 大玉戈 | 大盂鼎 | 大禾方鼎 | 大秦景教流行中国碑 | 天亡簋 | 太保鼎 | 子龙鼎 | 岳麓秦简 | 嵌绿松石象牙杯 | 常阳太尊石像 | 平复帖 | 張好好詩 | 彩漆木雕小座屏 | 彩绘人物故事漆屏 | 彩绘鹳鱼石斧图陶缸 | 彩陶八角星纹豆 | 挥扇仕女图 | 晉侯穌編鐘 | 景雲鐘 | 曾侯乙墓外棺 | 曾侯乙编钟 | 曾侯乙青铜尊盘 | 朱然墓出土漆木屐 | 朱然墓出土贵族生活图漆盘 | 杀人祭柱场面贮贝器 | 步辇图 | 水晶杯 | 河姆渡出土朱漆碗 | 河姆渡出土陶灶 | 涅槃變相碑 | 淅川出土铜禁 | 淳化大鼎 | 清明上河圖 | 渔村小雪图 | 游春图 | 滇王之印 | 玉琮王 | 皇后之玺 | 直裾素紗襌衣 | 石鼓 (先秦) | 神兽纹玉樽 | 禁止出境展览文物 | 竹林七賢與榮啟期 | 红地对人兽树纹罽袍 | 红山文化女神像 | 红山文化玉龙 | 舞马衔杯仿皮囊式银壶 | 苦笋帖 | 莲鹤方壶 | 虢季子白盘 | 角形玉杯 | 诅盟场面贮贝器 | 识文彩绘盝顶长方形漆奁 | 越王勾践剑 | 趙佶草書千字文 | 逨盘 | 鑄客銅鼎 | 铜奔马 | 铜浮屠 | 铜车马 | 铜错金银四龙四凤方案 | 長信宮燈 | 陶鹰鼎 | 隋白釉龙柄双联传瓶 | 青花釉里红瓷仓 | 青铜神树 | 青铜立人像 | 鞍马出行图 | 韩熙载夜宴图 | 马王堆一号墓木棺椁 | 马王堆一号汉墓帛画 | 马王堆帛书周易 | 高逸图 | 鸭形玻璃注 | 黑漆朱绘六博具 | 齐王墓青铜方镜
角形玉杯,https://zh.wikipedia.org/wiki/%E8%A7%92%E5%BD%A2%E7%8E%89%E6%9D%AF,角形玉杯，是中國西漢時期的玉器精品，1983年6月出土于廣東省廣州市越秀區象崗西漢南越王墓。现藏广州市越秀區解放北路西汉南越王博物馆。,中國傳統酒具 | 中國玉器 | 南越文王墓出土文物 | 禁止出境展览文物,西汉,广东省 广州市 （1983年）,西汉南越王博物馆,,,https://upload.wikimedia.org/wikipedia/commons/thumb/e/e0/Jade_Drinking_Vessel_at_Nanyue_King_Museum.jpg/330px-Jade_Drinking_Vessel_at_Nanyue_King_Museum.jpg,“五星出东方利中国”护膊 | 㝬簋 | 七孔玉刀 | 三星堆出土玉边璋 | 三星堆金杖 | 中山王铁足铜鼎 | 五代耀州窑青釉刻花提梁倒流壶 | 五牛圖 | 人物御龙帛画 | 人物龙凤帛画 | 人面鱼纹彩陶盆 | 伯矩鬲 | 何尊 | 八重宝函 | 兽首玛瑙杯 | 凤冠 (定陵) | 刘胜金缕玉衣 | 利簋 | 勘书图 | 北宋刻本《范仲淹文集》 | 卓歇图 | 双鸟朝阳纹牙雕 | 史墙盘 | 吉祥遍至口合本续 | 后母戊鼎 | 唐长沙窑青釉褐彩贴花人物纹壶 | 商周太阳神鸟金饰 | 四羊方尊 | 夏景山口待渡图 | 大克鼎 | 大玉戈 | 大盂鼎 | 大禾方鼎 | 大秦景教流行中国碑 | 天亡簋 | 太保鼎 | 子龙鼎 | 岳麓秦简 | 嵌绿松石象牙杯 | 常阳太尊石像 | 平复帖 | 張好好詩 | 彩漆木雕小座屏 | 彩绘人物故事漆屏 | 彩绘鹳鱼石斧图陶缸 | 彩陶八角星纹豆 | 挥扇仕女图 | 昭陵六骏 | 晉侯穌編鐘 | 景雲鐘 | 曾侯乙墓外棺 | 曾侯乙编钟 | 曾侯乙青铜尊盘 | 朱然墓出土漆木屐 | 朱然墓出土贵族生活图漆盘 | 杀人祭柱场面贮贝器 | 步辇图 | 水晶杯 | 河姆渡出土朱漆碗 | 河姆渡出土陶灶 | 涅槃變相碑 | 淅川出土铜禁 | 淳化大鼎 | 清明上河圖 | 渔村小雪图 | 游春图 | 滇王之印 | 玉琮王 | 皇后之玺 | 直裾素紗襌衣 | 石鼓 (先秦) | 神兽纹玉樽 | 禁止出境展览文物 | 竹林七賢與榮啟期 | 红地对人兽树纹罽袍 | 红山文化女神像 | 红山文化玉龙 | 舞马衔杯仿皮囊式银壶 | 苦笋帖 | 莲鹤方壶 | 虢季子白盘 | 诅盟场面贮贝器 | 识文彩绘盝顶长方形漆奁 | 越王勾践剑 | 趙佶草書千字文 | 逨盘 | 鑄客銅鼎 | 铜奔马 | 铜浮屠 | 铜车马 | 铜错金银四龙四凤方案 | 長信宮燈 | 陶鹰鼎 | 隋白釉龙柄双联传瓶 | 青花釉里红瓷仓 | 青铜神树 | 青铜立人像 | 鞍马出行图 | 韩熙载夜宴图 | 马王堆一号墓木棺椁 | 马王堆一号汉墓帛画 | 马王堆帛书周易 | 高逸图 | 鸭形玻璃注 | 黑漆朱绘六博具 | 齐王墓青铜方镜
彩绘人物故事漆屏,https://zh.wikipedia.org/wiki/%E5%BD%A9%E7%BB%98%E4%BA%BA%E7%89%A9%E6%95%85%E4%BA%8B%E6%BC%86%E5%B1%8F,彩绘人物故事漆屏是中国北魏时期的艺术珍品，1965年11月出土于山西省大同市的司马金龙墓，是中华人民共和国国家一级文物，2002年被列入禁止出国（境）展览文物名单。现藏大同市博物馆。,中国漆器 | 使用ISBN魔术链接的页面 | 北魏文物 | 大同文物 | 屏風,北魏,山西省 大同市 （1965年）,大同市博物馆,,,https://upload.wikimedia.org/wikipedia/commons/thumb/d/dd/Lacquer_painting_over_wood2%2C_Northern_Wei.jpg/120px-Lacquer_painting_over_wood2%2C_Northern_Wei.jpg,“五星出东方利中国”护膊 | 㝬簋 | 七孔玉刀 | 三星堆出土玉边璋 | 三星堆金杖 | 中山王铁足铜鼎 | 五代耀州窑青釉刻花提梁倒流壶 | 五牛圖 | 人物御龙帛画 | 人物龙凤帛画 | 人面鱼纹彩陶盆 | 伯矩鬲 | 何尊 | 八重宝函 | 兽首玛瑙杯 | 凤冠 (定陵) | 刘胜金缕玉衣 | 利簋 | 勘书图 | 北宋刻本《范仲淹文集》 | 卓歇图 | 双鸟朝阳纹牙雕 | 史墙盘 | 吉祥遍至口合本续 | 后母戊鼎 | 唐长沙窑青釉褐彩贴花人物纹壶 | 商周十供 | 商周太阳神鸟金饰 | 四羊方尊 | 夏景山口待渡图 | 大克鼎 | 大玉戈 | 大理国银鎏金镶珠金翅鸟 | 大盂鼎 | 大禾方鼎 | 大秦景教流行中国碑 | 天亡簋 | 太保鼎 | 妇好鸮尊 | 子龙鼎 | 岳麓秦简 | 嵌绿松石象牙杯 | 常阳太尊石像 | 平复帖 | 張好好詩 | 彩漆木雕小座屏 | 彩绘鹳鱼石斧图陶缸 | 彩陶八角星纹豆 | 挥扇仕女图 | 昭陵六骏 | 晉侯穌編鐘 | 景雲鐘 | 曾侯乙墓外棺 | 曾侯乙编钟 | 曾侯乙青铜尊盘 | 朱然墓出土漆木屐 | 朱然墓出土贵族生活图漆盘 | 杀人祭柱场面贮贝器 | 步辇图 | 水晶杯 | 河姆渡出土朱漆碗 | 河姆渡出土陶灶 | 涅槃變相碑 | 淅川出土铜禁 | 淳化大鼎 | 清明上河圖 | 渔村小雪图 | 游春图 | 滇王之印 | 玉琮王 | 皇后之玺 | 皿方罍 | 直裾素紗襌衣 | 石鼓 (先秦) | 神兽纹玉樽 | 禁止出境展览文物 | 竹林七賢與榮啟期 | 红地对人兽树纹罽袍 | 红山文化女神像 | 红山文化玉龙 | 聂耳小提琴 | 舞马衔杯仿皮囊式银壶 | 苦笋帖 | 莲鹤方壶 | 虢季子白盘 | 角形玉杯 | 诅盟场面贮贝器 | 识文彩绘盝顶长方形漆奁 | 越王勾践剑 | 趙佶草書千字文 | 逨盘 | 鑄客銅鼎 | 铜奔马 | 铜浮屠 | 铜车马 | 铜错金银四龙四凤方案 | 長信宮燈 | 陶鹰鼎 | 隋白釉龙柄双联传瓶 | 青花釉里红瓷仓 | 青铜神树 | 青铜立人像 | 鞍马出行图 | 韩熙载夜宴图 | 马王堆一号墓木棺椁 | 马王堆一号汉墓帛画 | 马王堆帛书周易 | 高逸图 | 鸭形玻璃注 | 黑漆朱绘六博具 | 齐王墓青铜方镜
虎噬牛铜枕,https://zh.wikipedia.org/wiki/%E8%99%8E%E5%99%AC%E7%89%9B%E9%93%9C%E6%9E%95,虎噬牛铜枕，又称猛虎袭牛铜枕是西汉早期青铜器装饰雕刻。是滇国青铜器的代表作，现为云南省博物馆藏。,中国一级文物 | 云南省博物馆藏品 | 引文格式1错误：日期 | 玉溪文物,,,,,,,
隋白釉龙柄双联传瓶,https://zh.wikipedia.org/wiki/%E9%9A%8B%E7%99%BD%E9%87%89%E9%BE%99%E6%9F%84%E5%8F%8C%E8%81%94%E4%BC%A0%E7%93%B6,"天津博物馆馆藏文物隋白釉龙柄双联传瓶，为中国一级文物，列入第三批禁止出境展览文物。
瓶高18.5厘米，口径5.2厘米，底径2.5厘米，腹径11厘米。盘口，单颈，双腹相连，连接处有两个环形系。肩左右两侧各塑一条修长的龙形柄，龙头探入瓶口内，似在贪婪地吸吮着瓶中的玉液琼浆。双龙柄为手工捏塑而成，手法简单干练，形象却生动逼真。双平底刻有铭文：“此传瓶，有並。”由此得知，这个瓶子的名称应为传瓶。


== 參考文獻 ==",天津博物館藏品 | 条目有永久失效的外部链接 | 禁止出境展览文物 | 自2018年9月带有失效链接的条目 | 隋朝文物,隋,,天津博物馆,,,https://upload.wikimedia.org/wikipedia/commons/thumb/1/12/%E7%99%BD%E9%87%89%E9%BE%99%E6%9F%84%E5%8F%8C%E8%81%94%E4%BC%A0%E7%93%B6.png/250px-%E7%99%BD%E9%87%89%E9%BE%99%E6%9F%84%E5%8F%8C%E8%81%94%E4%BC%A0%E7%93%B6.png,“五星出东方利中国”护膊 | 㝬簋 | 七孔玉刀 | 三星堆出土玉边璋 | 三星堆金杖 | 中山王铁足铜鼎 | 五代耀州窑青釉刻花提梁倒流壶 | 五牛圖 | 人物御龙帛画 | 人物龙凤帛画 | 人面鱼纹彩陶盆 | 伯矩鬲 | 何尊 | 八重宝函 | 兽首玛瑙杯 | 凤冠 (定陵) | 刘胜金缕玉衣 | 利簋 | 勘书图 | 北宋刻本《范仲淹文集》 | 卓歇图 | 双鸟朝阳纹牙雕 | 史墙盘 | 吉祥遍至口合本续 | 后母戊鼎 | 唐长沙窑青釉褐彩贴花人物纹壶 | 商周太阳神鸟金饰 | 四羊方尊 | 夏景山口待渡图 | 大克鼎 | 大玉戈 | 大盂鼎 | 大禾方鼎 | 大秦景教流行中国碑 | 天亡簋 | 太保鼎 | 子龙鼎 | 岳麓秦简 | 嵌绿松石象牙杯 | 常阳太尊石像 | 平复帖 | 張好好詩 | 彩漆木雕小座屏 | 彩绘人物故事漆屏 | 彩绘鹳鱼石斧图陶缸 | 彩陶八角星纹豆 | 挥扇仕女图 | 昭陵六骏 | 晉侯穌編鐘 | 景雲鐘 | 曾侯乙墓外棺 | 曾侯乙编钟 | 曾侯乙青铜尊盘 | 朱然墓出土漆木屐 | 朱然墓出土贵族生活图漆盘 | 杀人祭柱场面贮贝器 | 步辇图 | 水晶杯 | 河姆渡出土朱漆碗 | 河姆渡出土陶灶 | 涅槃變相碑 | 淅川出土铜禁 | 淳化大鼎 | 清明上河圖 | 渔村小雪图 | 游春图 | 滇王之印 | 玉琮王 | 皇后之玺 | 直裾素紗襌衣 | 石鼓 (先秦) | 神兽纹玉樽 | 禁止出境展览文物 | 竹林七賢與榮啟期 | 红地对人兽树纹罽袍 | 红山文化女神像 | 红山文化玉龙 | 舞马衔杯仿皮囊式银壶 | 苦笋帖 | 莲鹤方壶 | 虢季子白盘 | 角形玉杯 | 诅盟场面贮贝器 | 识文彩绘盝顶长方形漆奁 | 越王勾践剑 | 趙佶草書千字文 | 逨盘 | 鑄客銅鼎 | 铜奔马 | 铜浮屠 | 铜车马 | 铜错金银四龙四凤方案 | 長信宮燈 | 陶鹰鼎 | 青花釉里红瓷仓 | 青铜神树 | 青铜立人像 | 鞍马出行图 | 韩熙载夜宴图 | 马王堆一号墓木棺椁 | 马王堆一号汉墓帛画 | 马王堆帛书周易 | 高逸图 | 鸭形玻璃注 | 黑漆朱绘六博具 | 齐王墓青铜方镜
曾侯乙青铜尊盘,https://zh.wikipedia.org/wiki/%E6%9B%BE%E4%BE%AF%E4%B9%99%E9%9D%92%E9%93%9C%E5%B0%8A%E7%9B%98,曾侯乙青铜尊盘，通称青铜尊盘，是1978年出土于中國湖北省随县曾侯乙墓的一件战国早期青铜器。分为上面的尊和下面的盘两部分，整套器物纹饰繁缛且有很多镂空装饰，以失蜡法铸造，现藏於湖北省博物馆。,中文銘文 | 尊 | 战国青铜器 | 曾侯乙墓出土文物 | 湖北省博物館藏品,战国,中國 湖北省 随县 （1978年）,湖北省博物馆,青铜,,https://upload.wikimedia.org/wikipedia/commons/thumb/6/61/%E6%9B%BE%E4%BE%AF%E4%B9%99%E9%9D%92%E9%93%9C%E5%B0%8A%E7%9B%98%EF%BC%8C2015-04-06_02.jpg/250px-%E6%9B%BE%E4%BE%AF%E4%B9%99%E9%9D%92%E9%93%9C%E5%B0%8A%E7%9B%98%EF%BC%8C2015-04-06_02.jpg,“五星出东方利中国”护膊 | 㝬簋 | 七孔玉刀 | 三星堆出土玉边璋 | 三星堆金杖 | 中山王铁足铜鼎 | 五代耀州窑青釉刻花提梁倒流壶 | 五牛圖 | 人物御龙帛画 | 人物龙凤帛画 | 人面鱼纹彩陶盆 | 伯矩鬲 | 何尊 | 八重宝函 | 兽首玛瑙杯 | 凤冠 (定陵) | 刘胜金缕玉衣 | 利簋 | 勘书图 | 北宋刻本《范仲淹文集》 | 卓歇图 | 双鸟朝阳纹牙雕 | 史墙盘 | 吉祥遍至口合本续 | 后母戊鼎 | 唐长沙窑青釉褐彩贴花人物纹壶 | 商周太阳神鸟金饰 | 四羊方尊 | 夏景山口待渡图 | 大克鼎 | 大玉戈 | 大盂鼎 | 大禾方鼎 | 大秦景教流行中国碑 | 天亡簋 | 太保鼎 | 子龙鼎 | 岳麓秦简 | 嵌绿松石象牙杯 | 常阳太尊石像 | 平复帖 | 張好好詩 | 彩漆木雕小座屏 | 彩绘人物故事漆屏 | 彩绘鹳鱼石斧图陶缸 | 彩陶八角星纹豆 | 挥扇仕女图 | 昭陵六骏 | 晉侯穌編鐘 | 景雲鐘 | 曾侯乙墓外棺 | 曾侯乙编钟 | 朱然墓出土漆木屐 | 朱然墓出土贵族生活图漆盘 | 杀人祭柱场面贮贝器 | 步辇图 | 水晶杯 | 河姆渡出土朱漆碗 | 河姆渡出土陶灶 | 涅槃變相碑 | 淅川出土铜禁 | 淳化大鼎 | 清明上河圖 | 渔村小雪图 | 游春图 | 滇王之印 | 玉琮王 | 皇后之玺 | 直裾素紗襌衣 | 石鼓 (先秦) | 神兽纹玉樽 | 禁止出境展览文物 | 竹林七賢與榮啟期 | 红地对人兽树纹罽袍 | 红山文化女神像 | 红山文化玉龙 | 舞马衔杯仿皮囊式银壶 | 苦笋帖 | 莲鹤方壶 | 虢季子白盘 | 角形玉杯 | 诅盟场面贮贝器 | 识文彩绘盝顶长方形漆奁 | 越王勾践剑 | 趙佶草書千字文 | 逨盘 | 鑄客銅鼎 | 铜奔马 | 铜浮屠 | 铜车马 | 铜错金银四龙四凤方案 | 長信宮燈 | 陶鹰鼎 | 隋白釉龙柄双联传瓶 | 青花釉里红瓷仓 | 青铜神树 | 青铜立人像 | 鞍马出行图 | 韩熙载夜宴图 | 马王堆一号墓木棺椁 | 马王堆一号汉墓帛画 | 马王堆帛书周易 | 高逸图 | 鸭形玻璃注 | 黑漆朱绘六博具 | 齐王墓青铜方镜
晉侯穌編鐘,https://zh.wikipedia.org/wiki/%E6%99%89%E4%BE%AF%E7%A9%8C%E7%B7%A8%E9%90%98,晉侯穌編鐘是西周的青銅樂器，鑄於前9世纪中叶，具體年份有爭議，有厲王三十三年、宣王三十三年、宣王十三年等諸說。现多傾向為厲王三十三年。屬于晉獻侯，出土于山西省曲沃縣晉侯墓葬。全套共16件，其中14件為盜墓者盜掘，後由上海博物館從香港的古玩市場購得，现藏上海博物馆；2件為考古發掘出土，現藏山西博物院。,上海博物馆藏品 | 中文銘文 | 临汾文物 | 山西博物院藏品 | 晉國,西周,山西省 曲沃縣 1990年代,上海博物馆 山西博物院,青铜,,https://upload.wikimedia.org/wikipedia/commons/thumb/a/aa/Jinhousu_Bianzhong.JPG/250px-Jinhousu_Bianzhong.JPG,“五星出东方利中国”护膊 | 㝬簋 | 七孔玉刀 | 三星堆出土玉边璋 | 三星堆金杖 | 中山王铁足铜鼎 | 五代耀州窑青釉刻花提梁倒流壶 | 五牛圖 | 人物御龙帛画 | 人物龙凤帛画 | 人面鱼纹彩陶盆 | 伯矩鬲 | 何尊 | 八重宝函 | 兽首玛瑙杯 | 凤冠 (定陵) | 刘胜金缕玉衣 | 利簋 | 勘书图 | 北宋刻本《范仲淹文集》 | 卓歇图 | 双鸟朝阳纹牙雕 | 史墙盘 | 吉祥遍至口合本续 | 后母戊鼎 | 唐长沙窑青釉褐彩贴花人物纹壶 | 商周太阳神鸟金饰 | 四羊方尊 | 夏景山口待渡图 | 大克鼎 | 大玉戈 | 大盂鼎 | 大禾方鼎 | 大秦景教流行中国碑 | 天亡簋 | 太保鼎 | 子龙鼎 | 岳麓秦简 | 嵌绿松石象牙杯 | 常阳太尊石像 | 平复帖 | 張好好詩 | 彩漆木雕小座屏 | 彩绘人物故事漆屏 | 彩绘鹳鱼石斧图陶缸 | 彩陶八角星纹豆 | 挥扇仕女图 | 昭陵六骏 | 景雲鐘 | 曾侯乙墓外棺 | 曾侯乙编钟 | 曾侯乙青铜尊盘 | 朱然墓出土漆木屐 | 朱然墓出土贵族生活图漆盘 | 杀人祭柱场面贮贝器 | 步辇图 | 水晶杯 | 河姆渡出土朱漆碗 | 河姆渡出土陶灶 | 涅槃變相碑 | 淅川出土铜禁 | 淳化大鼎 | 清明上河圖 | 渔村小雪图 | 游春图 | 滇王之印 | 玉琮王 | 皇后之玺 | 直裾素紗襌衣 | 石鼓 (先秦) | 神兽纹玉樽 | 禁止出境展览文物 | 竹林七賢與榮啟期 | 红地对人兽树纹罽袍 | 红山文化女神像 | 红山文化玉龙 | 舞马衔杯仿皮囊式银壶 | 苦笋帖 | 莲鹤方壶 | 虢季子白盘 | 角形玉杯 | 诅盟场面贮贝器 | 识文彩绘盝顶长方形漆奁 | 越王勾践剑 | 趙佶草書千字文 | 逨盘 | 鑄客銅鼎 | 铜奔马 | 铜浮屠 | 铜车马 | 铜错金银四龙四凤方案 | 長信宮燈 | 陶鹰鼎 | 隋白釉龙柄双联传瓶 | 青花釉里红瓷仓 | 青铜神树 | 青铜立人像 | 鞍马出行图 | 韩熙载夜宴图 | 马王堆一号墓木棺椁 | 马王堆一号汉墓帛画 | 马王堆帛书周易 | 高逸图 | 鸭形玻璃注 | 黑漆朱绘六博具 | 齐王墓青铜方镜
中山舰,https://zh.wikipedia.org/wiki/%E4%B8%AD%E5%B1%B1%E8%88%B0,中山艦（1912年－1938年），是一艘鐵甲艦，為永翔級炮艦2號艦，艦長65.837米，寬8.8米，其排水量不足千噸，但中國近代史上很多重要事件發生在這艘軍艦上。,1912年下水 | 1988年考古发现 | 三菱重工業長崎造船所建造的船舶 | 中国一级文物 | 中国博物馆船,,,,,65.837米; 8.8米,https://upload.wikimedia.org/wikipedia/commons/thumb/7/72/Flag_of_the_Republic_of_China.svg/40px-Flag_of_the_Republic_of_China.svg.png,
淅川出土铜禁,https://zh.wikipedia.org/wiki/%E6%B7%85%E5%B7%9D%E5%87%BA%E5%9C%9F%E9%93%9C%E7%A6%81,淅川出土铜禁，又称云纹铜禁，是从中國河南省淅川县的楚墓中出土的文物，现收藏于河南博物院。禁是承放酒具的案台。铜禁于1978年在河南省淅川县下寺2号楚墓（子庚墓）出土。为春秋时期的器物。出土时的云纹铜禁是数百块碎片，整整装了两个麻袋，后由青铜器修复专家王长青花费四年时间修复成功。目前出土的云纹铜禁全国共７件，其中河南博物院珍藏的这件体积最大、时间最早。目前，淅川出土铜禁为中华人民共和国国家一级文物，也是禁止出境展览的文物之一。,1978年考古发现 | 春秋青铜器 | 楚国文物 | 河南博物院藏品 | 淅川縣文物,春秋,中國 河南省 淅川县 （1978年）,河南博物院,铜,,https://upload.wikimedia.org/wikipedia/commons/thumb/9/99/Bronze_jin_from_Henan.jpg/250px-Bronze_jin_from_Henan.jpg,“五星出东方利中国”护膊 | 㝬簋 | 七孔玉刀 | 三星堆出土玉边璋 | 三星堆金杖 | 中山王铁足铜鼎 | 五代耀州窑青釉刻花提梁倒流壶 | 五牛圖 | 人物御龙帛画 | 人物龙凤帛画 | 人面鱼纹彩陶盆 | 伯矩鬲 | 何尊 | 八重宝函 | 兽首玛瑙杯 | 凤冠 (定陵) | 刘胜金缕玉衣 | 利簋 | 勘书图 | 北宋刻本《范仲淹文集》 | 卓歇图 | 双鸟朝阳纹牙雕 | 史墙盘 | 吉祥遍至口合本续 | 后母戊鼎 | 唐长沙窑青釉褐彩贴花人物纹壶 | 商周十供 | 商周太阳神鸟金饰 | 四羊方尊 | 夏景山口待渡图 | 大克鼎 | 大玉戈 | 大理国银鎏金镶珠金翅鸟 | 大盂鼎 | 大禾方鼎 | 大秦景教流行中国碑 | 天亡簋 | 太保鼎 | 妇好鸮尊 | 子龙鼎 | 岳麓秦简 | 嵌绿松石象牙杯 | 常阳太尊石像 | 平复帖 | 張好好詩 | 彩漆木雕小座屏 | 彩绘人物故事漆屏 | 彩绘鹳鱼石斧图陶缸 | 彩陶八角星纹豆 | 挥扇仕女图 | 昭陵六骏 | 晉侯穌編鐘 | 景雲鐘 | 曾侯乙墓外棺 | 曾侯乙编钟 | 曾侯乙青铜尊盘 | 朱然墓出土漆木屐 | 朱然墓出土贵族生活图漆盘 | 杀人祭柱场面贮贝器 | 步辇图 | 水晶杯 | 河姆渡出土朱漆碗 | 河姆渡出土陶灶 | 涅槃變相碑 | 淳化大鼎 | 清明上河圖 | 渔村小雪图 | 游春图 | 滇王之印 | 玉琮王 | 皇后之玺 | 皿方罍 | 直裾素紗襌衣 | 石鼓 (先秦) | 神兽纹玉樽 | 禁止出境展览文物 | 竹林七賢與榮啟期 | 红地对人兽树纹罽袍 | 红山文化女神像 | 红山文化玉龙 | 聂耳小提琴 | 舞马衔杯仿皮囊式银壶 | 苦笋帖 | 莲鹤方壶 | 虢季子白盘 | 角形玉杯 | 诅盟场面贮贝器 | 识文彩绘盝顶长方形漆奁 | 越王勾践剑 | 趙佶草書千字文 | 逨盘 | 鑄客銅鼎 | 铜奔马 | 铜浮屠 | 铜车马 | 铜错金银四龙四凤方案 | 長信宮燈 | 陶鹰鼎 | 隋白釉龙柄双联传瓶 | 青花釉里红瓷仓 | 青铜神树 | 青铜立人像 | 鞍马出行图 | 韩熙载夜宴图 | 马王堆一号墓木棺椁 | 马王堆一号汉墓帛画 | 马王堆帛书周易 | 高逸图 | 鸭形玻璃注 | 黑漆朱绘六博具 | 齐王墓青铜方镜
玉琮王,https://zh.wikipedia.org/wiki/%E7%8E%89%E7%90%AE%E7%8E%8B,玉琮（cóng）王是1986年在浙江省余杭县反山12号墓出土的玉琮，为礼器或財富象征，是新石器時代良渚文化的玉琮之首，故称“玉琮王”。现藏浙江省博物馆。,1986年考古发现 | 中國玉器 | 余杭区 | 使用了三种注音方式的页面 | 含有注音符號的條目,新石器时代,浙江省 余杭县 （1986年）,浙江省博物馆,玉,,https://upload.wikimedia.org/wikipedia/commons/thumb/b/b7/Jade_Cong_King%2C_2018-06-09_01.jpg/250px-Jade_Cong_King%2C_2018-06-09_01.jpg,“五星出东方利中国”护膊 | 㝬簋 | 七孔玉刀 | 三星堆出土玉边璋 | 三星堆金杖 | 中山王铁足铜鼎 | 五代耀州窑青釉刻花提梁倒流壶 | 五牛圖 | 人物御龙帛画 | 人物龙凤帛画 | 人面鱼纹彩陶盆 | 伯矩鬲 | 何尊 | 八重宝函 | 兽首玛瑙杯 | 凤冠 (定陵) | 刘胜金缕玉衣 | 利簋 | 勘书图 | 北宋刻本《范仲淹文集》 | 卓歇图 | 双鸟朝阳纹牙雕 | 史墙盘 | 吉祥遍至口合本续 | 后母戊鼎 | 唐长沙窑青釉褐彩贴花人物纹壶 | 商周太阳神鸟金饰 | 四羊方尊 | 夏景山口待渡图 | 大克鼎 | 大玉戈 | 大盂鼎 | 大禾方鼎 | 大秦景教流行中国碑 | 天亡簋 | 太保鼎 | 子龙鼎 | 岳麓秦简 | 嵌绿松石象牙杯 | 常阳太尊石像 | 平复帖 | 張好好詩 | 彩漆木雕小座屏 | 彩绘人物故事漆屏 | 彩绘鹳鱼石斧图陶缸 | 彩陶八角星纹豆 | 挥扇仕女图 | 昭陵六骏 | 晉侯穌編鐘 | 景雲鐘 | 曾侯乙墓外棺 | 曾侯乙编钟 | 曾侯乙青铜尊盘 | 朱然墓出土漆木屐 | 朱然墓出土贵族生活图漆盘 | 杀人祭柱场面贮贝器 | 步辇图 | 水晶杯 | 河姆渡出土朱漆碗 | 河姆渡出土陶灶 | 涅槃變相碑 | 淅川出土铜禁 | 淳化大鼎 | 清明上河圖 | 渔村小雪图 | 游春图 | 滇王之印 | 皇后之玺 | 直裾素紗襌衣 | 石鼓 (先秦) | 神兽纹玉樽 | 禁止出境展览文物 | 竹林七賢與榮啟期 | 红地对人兽树纹罽袍 | 红山文化女神像 | 红山文化玉龙 | 舞马衔杯仿皮囊式银壶 | 苦笋帖 | 莲鹤方壶 | 虢季子白盘 | 角形玉杯 | 诅盟场面贮贝器 | 识文彩绘盝顶长方形漆奁 | 越王勾践剑 | 趙佶草書千字文 | 逨盘 | 鑄客銅鼎 | 铜奔马 | 铜浮屠 | 铜车马 | 铜错金银四龙四凤方案 | 長信宮燈 | 陶鹰鼎 | 隋白釉龙柄双联传瓶 | 青花釉里红瓷仓 | 青铜神树 | 青铜立人像 | 鞍马出行图 | 韩熙载夜宴图 | 马王堆一号墓木棺椁 | 马王堆一号汉墓帛画 | 马王堆帛书周易 | 高逸图 | 鸭形玻璃注 | 黑漆朱绘六博具 | 齐王墓青铜方镜
商周十供,https://zh.wikipedia.org/wiki/%E5%95%86%E5%91%A8%E5%8D%81%E4%BE%9B,商周十供亦称“商周十器”，是十件商周时期的青铜器，距今三千年左右。1771年，乾隆帝为表对孔子崇敬，赐给孔府用于国祭。包括商代的“木工册”鼎（也叫木（工）鼎）、“册父乙”卣（yǒu）（也叫父已卣、册卣）、兽面纹觚（也叫亚弓觚、亚尊），周代的牺尊、“伯彝”（簋（guǐ））（也叫伯簋）、窃曲纹簋（也叫蟠夔（pán kuí）敦）、夔龙纹簠（fǔ）（也叫宝簠）、饕餮（tāo tiè）（纹）甗（yǎn）、夔（kuí）凤（纹）豆、（四足）方鼎（也叫四足鬲）。孔府敬藏“十供”多年，现移至新建成的孔子博物馆。,中国名数10 | 周朝青铜器 | 商朝青铜器 | 自2025年11月带有失效链接的条目,,,,,,,
五牛圖,https://zh.wikipedia.org/wiki/%E4%BA%94%E7%89%9B%E5%9C%96,"五牛圖為唐代畫家韩滉的作品，是現時存世作品中最早以牛作為題材的紙絹畫。五牛圖先後被宋高宗趙構、元人趙伯昂、趙孟頫及清代皇帝乾隆收藏，乾隆一直將五牛圖收於紫禁城內，直至1900年，八國聯軍侵華，五牛圖下落未明一段長時間。到了二十世紀五十年代，五牛圖才出現在香港的一個拍賣會上，最終由中方以6萬港元購回，為中國十大傳世名畫之一，被譽為「鎮國之寶」，現存於北京故宮博物院 。
《五牛圖》為唐德宗時期的宰相韓滉所畫，圖為設色紙本，紙質為麻紙，長20.8公分，總寬139.8公分，是目前中國最早的紙質動物畫作，已有1300多年的歷史。此圖卷從右至左，一字排開，畫了五頭姿態各異的牛，圖畫中除了五頭牛外，只有一小...",中國十大傳世名畫 | 使用ISBN魔术链接的页面 | 唐朝文物 | 唐朝绘画作品 | 条目有永久失效的外部链接,唐,,故宫博物院,,,https://upload.wikimedia.org/wikipedia/commons/thumb/1/1b/Nuvola_apps_kaboodle.svg/20px-Nuvola_apps_kaboodle.svg.png,“五星出东方利中国”护膊 | 㝬簋 | 七孔玉刀 | 三星堆出土玉边璋 | 三星堆金杖 | 中山王铁足铜鼎 | 五代耀州窑青釉刻花提梁倒流壶 | 人物御龙帛画 | 人物龙凤帛画 | 人面鱼纹彩陶盆 | 伯矩鬲 | 何尊 | 八重宝函 | 兽首玛瑙杯 | 凤冠 (定陵) | 刘胜金缕玉衣 | 利簋 | 勘书图 | 北宋刻本《范仲淹文集》 | 卓歇图 | 双鸟朝阳纹牙雕 | 史墙盘 | 吉祥遍至口合本续 | 后母戊鼎 | 唐长沙窑青釉褐彩贴花人物纹壶 | 商周太阳神鸟金饰 | 四羊方尊 | 夏景山口待渡图 | 大克鼎 | 大玉戈 | 大盂鼎 | 大禾方鼎 | 大秦景教流行中国碑 | 天亡簋 | 太保鼎 | 子龙鼎 | 岳麓秦简 | 嵌绿松石象牙杯 | 常阳太尊石像 | 平复帖 | 張好好詩 | 彩漆木雕小座屏 | 彩绘人物故事漆屏 | 彩绘鹳鱼石斧图陶缸 | 彩陶八角星纹豆 | 挥扇仕女图 | 昭陵六骏 | 晉侯穌編鐘 | 景雲鐘 | 曾侯乙墓外棺 | 曾侯乙编钟 | 曾侯乙青铜尊盘 | 朱然墓出土漆木屐 | 朱然墓出土贵族生活图漆盘 | 杀人祭柱场面贮贝器 | 步辇图 | 水晶杯 | 河姆渡出土朱漆碗 | 河姆渡出土陶灶 | 涅槃變相碑 | 淅川出土铜禁 | 淳化大鼎 | 清明上河圖 | 渔村小雪图 | 游春图 | 滇王之印 | 玉琮王 | 皇后之玺 | 直裾素紗襌衣 | 石鼓 (先秦) | 神兽纹玉樽 | 禁止出境展览文物 | 竹林七賢與榮啟期 | 红地对人兽树纹罽袍 | 红山文化女神像 | 红山文化玉龙 | 舞马衔杯仿皮囊式银壶 | 苦笋帖 | 莲鹤方壶 | 虢季子白盘 | 角形玉杯 | 诅盟场面贮贝器 | 识文彩绘盝顶长方形漆奁 | 越王勾践剑 | 趙佶草書千字文 | 逨盘 | 鑄客銅鼎 | 铜奔马 | 铜浮屠 | 铜车马 | 铜错金银四龙四凤方案 | 長信宮燈 | 陶鹰鼎 | 隋白釉龙柄双联传瓶 | 青花釉里红瓷仓 | 青铜神树 | 青铜立人像 | 鞍马出行图 | 韩熙载夜宴图 | 马王堆一号墓木棺椁 | 马王堆一号汉墓帛画 | 马王堆帛书周易 | 高逸图 | 鸭形玻璃注 | 黑漆朱绘六博具 | 齐王墓青铜方镜
八重宝函,https://zh.wikipedia.org/wiki/%E5%85%AB%E9%87%8D%E5%AE%9D%E5%87%BD,八重宝函，或称唐八重宝函，中国唐代文物，国家一级文物，是唐懿宗赐赠的一套八层盒函，用于供奉佛祖释加牟尼佛指舍利的一个影骨。盒函最外层是一个檀香木函，里面套装着三个银宝函、两个金宝函、一个玉石宝函和一座单檐四门纯金塔。1987年5月5日发现于陕西省扶风县法门寺地宫后室。2002年1月18日，被国家文物局收录进《首批禁止出国（境）展览文物目录》，属于禁止出境展览文物。现藏于法门寺博物馆，存于法门寺内的法门珍宝馆。,含有缺少网址的网站引用的页面 | 唐朝佛教文物 | 宝鸡佛教 | 宝鸡文物 | 嵌套容器,唐,陕西省 扶风县 （1987年）,法门寺博物馆,,,https://upload.wikimedia.org/wikipedia/commons/thumb/4/44/Famen_Si_May_2007_052.jpg/250px-Famen_Si_May_2007_052.jpg,“五星出东方利中国”护膊 | 㝬簋 | 七孔玉刀 | 三星堆出土玉边璋 | 三星堆金杖 | 中山王铁足铜鼎 | 五代耀州窑青釉刻花提梁倒流壶 | 五牛圖 | 人物御龙帛画 | 人物龙凤帛画 | 人面鱼纹彩陶盆 | 伯矩鬲 | 何尊 | 兽首玛瑙杯 | 凤冠 (定陵) | 刘胜金缕玉衣 | 利簋 | 勘书图 | 北宋刻本《范仲淹文集》 | 卓歇图 | 双鸟朝阳纹牙雕 | 史墙盘 | 吉祥遍至口合本续 | 后母戊鼎 | 唐长沙窑青釉褐彩贴花人物纹壶 | 商周太阳神鸟金饰 | 四羊方尊 | 夏景山口待渡图 | 大克鼎 | 大玉戈 | 大盂鼎 | 大禾方鼎 | 大秦景教流行中国碑 | 天亡簋 | 太保鼎 | 子龙鼎 | 岳麓秦简 | 嵌绿松石象牙杯 | 常阳太尊石像 | 平复帖 | 張好好詩 | 彩漆木雕小座屏 | 彩绘人物故事漆屏 | 彩绘鹳鱼石斧图陶缸 | 彩陶八角星纹豆 | 挥扇仕女图 | 昭陵六骏 | 晉侯穌編鐘 | 景雲鐘 | 曾侯乙墓外棺 | 曾侯乙编钟 | 曾侯乙青铜尊盘 | 朱然墓出土漆木屐 | 朱然墓出土贵族生活图漆盘 | 杀人祭柱场面贮贝器 | 步辇图 | 水晶杯 | 河姆渡出土朱漆碗 | 河姆渡出土陶灶 | 涅槃變相碑 | 淅川出土铜禁 | 淳化大鼎 | 清明上河圖 | 渔村小雪图 | 游春图 | 滇王之印 | 玉琮王 | 皇后之玺 | 直裾素紗襌衣 | 石鼓 (先秦) | 神兽纹玉樽 | 禁止出境展览文物 | 竹林七賢與榮啟期 | 红地对人兽树纹罽袍 | 红山文化女神像 | 红山文化玉龙 | 舞马衔杯仿皮囊式银壶 | 苦笋帖 | 莲鹤方壶 | 虢季子白盘 | 角形玉杯 | 诅盟场面贮贝器 | 识文彩绘盝顶长方形漆奁 | 越王勾践剑 | 趙佶草書千字文 | 逨盘 | 鑄客銅鼎 | 铜奔马 | 铜浮屠 | 铜车马 | 铜错金银四龙四凤方案 | 長信宮燈 | 陶鹰鼎 | 隋白釉龙柄双联传瓶 | 青花釉里红瓷仓 | 青铜神树 | 青铜立人像 | 鞍马出行图 | 韩熙载夜宴图 | 马王堆一号墓木棺椁 | 马王堆一号汉墓帛画 | 马王堆帛书周易 | 高逸图 | 鸭形玻璃注 | 黑漆朱绘六博具 | 齐王墓青铜方镜
莲鹤方壶,https://zh.wikipedia.org/wiki/%E8%8E%B2%E9%B9%A4%E6%96%B9%E5%A3%B6,莲鹤方壶是一对春秋时期的青铜器，于1923年在河南省鄭州市新鄭市李家楼大墓中出土。其中一件藏于北京故宫博物院青铜馆，另一件藏于河南博物院。属于中華人民共和国禁止出境展览文物。,壺 | 故宫博物院藏品 | 新郑市 | 春秋文物 | 河南博物院藏品,春秋,河南省 新郑 李家楼郑公大墓（1923年）,故宫博物院 河南博物院,,,https://upload.wikimedia.org/wikipedia/commons/thumb/8/84/Spring_%26_Autumn_Bronze_Hu_%2810374947834%29.jpg/330px-Spring_%26_Autumn_Bronze_Hu_%2810374947834%29.jpg,“五星出东方利中国”护膊 | 㝬簋 | 七孔玉刀 | 三星堆出土玉边璋 | 三星堆金杖 | 中山王铁足铜鼎 | 五代耀州窑青釉刻花提梁倒流壶 | 五牛圖 | 人物御龙帛画 | 人物龙凤帛画 | 人面鱼纹彩陶盆 | 伯矩鬲 | 何尊 | 八重宝函 | 兽首玛瑙杯 | 凤冠 (定陵) | 刘胜金缕玉衣 | 利簋 | 勘书图 | 北宋刻本《范仲淹文集》 | 卓歇图 | 双鸟朝阳纹牙雕 | 史墙盘 | 吉祥遍至口合本续 | 后母戊鼎 | 唐长沙窑青釉褐彩贴花人物纹壶 | 商周太阳神鸟金饰 | 四羊方尊 | 夏景山口待渡图 | 大克鼎 | 大玉戈 | 大盂鼎 | 大禾方鼎 | 大秦景教流行中国碑 | 天亡簋 | 太保鼎 | 子龙鼎 | 岳麓秦简 | 嵌绿松石象牙杯 | 常阳太尊石像 | 平复帖 | 張好好詩 | 彩漆木雕小座屏 | 彩绘人物故事漆屏 | 彩绘鹳鱼石斧图陶缸 | 彩陶八角星纹豆 | 挥扇仕女图 | 昭陵六骏 | 晉侯穌編鐘 | 景雲鐘 | 曾侯乙墓外棺 | 曾侯乙编钟 | 曾侯乙青铜尊盘 | 朱然墓出土漆木屐 | 朱然墓出土贵族生活图漆盘 | 杀人祭柱场面贮贝器 | 步辇图 | 水晶杯 | 河姆渡出土朱漆碗 | 河姆渡出土陶灶 | 涅槃變相碑 | 淅川出土铜禁 | 淳化大鼎 | 清明上河圖 | 渔村小雪图 | 游春图 | 滇王之印 | 玉琮王 | 皇后之玺 | 直裾素紗襌衣 | 石鼓 (先秦) | 神兽纹玉樽 | 禁止出境展览文物 | 竹林七賢與榮啟期 | 红地对人兽树纹罽袍 | 红山文化女神像 | 红山文化玉龙 | 舞马衔杯仿皮囊式银壶 | 苦笋帖 | 虢季子白盘 | 角形玉杯 | 诅盟场面贮贝器 | 识文彩绘盝顶长方形漆奁 | 越王勾践剑 | 趙佶草書千字文 | 逨盘 | 鑄客銅鼎 | 铜奔马 | 铜浮屠 | 铜车马 | 铜错金银四龙四凤方案 | 長信宮燈 | 陶鹰鼎 | 隋白釉龙柄双联传瓶 | 青花釉里红瓷仓 | 青铜神树 | 青铜立人像 | 鞍马出行图 | 韩熙载夜宴图 | 马王堆一号墓木棺椁 | 马王堆一号汉墓帛画 | 马王堆帛书周易 | 高逸图 | 鸭形玻璃注 | 黑漆朱绘六博具 | 齐王墓青铜方镜
彩漆木雕小座屏,https://zh.wikipedia.org/wiki/%E5%BD%A9%E6%BC%86%E6%9C%A8%E9%9B%95%E5%B0%8F%E5%BA%A7%E5%B1%8F,"彩漆凤鹿木雕座屏，被认为是战国漆工艺品的代表作，1965年出土于湖北省江陵县望山一号墓。现藏湖北省博物馆。
器物通高15厘米、长51厘米、座宽12厘米、厚3厘米。屏外框为长方形，整体为木质，黑漆，并施以朱红、灰绿、金、银等色漆彩绘。座屏共透雕和浮雕了五十一只动物，其中大蟒二十条，小蛇十七条，蛙二只，鹿、凤、雀各四只。蟒、蛇、蛙、鹿、凤、雀均形成婉转而对称的造型，构图稳定。分别表现了鸟搏蛇、蛇吞蛙、凤舞、鹿跃等内容。座屏下部两蛇盘成的对称花结，曲折剔透，是座屏中引人注目的部分。",中国漆器 | 屏 | 战国文物 | 江陵县 | 湖北省博物館藏品,战国,湖北省 江陵县 （1965年）,湖北省博物馆,木,,https://upload.wikimedia.org/wikipedia/commons/thumb/a/a4/%E5%BD%A9%E6%BC%86%E6%9C%A8%E9%9B%95%E5%B0%8F%E5%BA%A7%E5%B1%8F%EF%BC%8C2014-04-06_05.jpg/250px-%E5%BD%A9%E6%BC%86%E6%9C%A8%E9%9B%95%E5%B0%8F%E5%BA%A7%E5%B1%8F%EF%BC%8C2014-04-06_05.jpg,“五星出东方利中国”护膊 | 㝬簋 | 七孔玉刀 | 三星堆出土玉边璋 | 三星堆金杖 | 中山王铁足铜鼎 | 五代耀州窑青釉刻花提梁倒流壶 | 五牛圖 | 人物御龙帛画 | 人物龙凤帛画 | 人面鱼纹彩陶盆 | 伯矩鬲 | 何尊 | 八重宝函 | 兽首玛瑙杯 | 凤冠 (定陵) | 刘胜金缕玉衣 | 利簋 | 勘书图 | 北宋刻本《范仲淹文集》 | 卓歇图 | 双鸟朝阳纹牙雕 | 史墙盘 | 吉祥遍至口合本续 | 后母戊鼎 | 唐长沙窑青釉褐彩贴花人物纹壶 | 商周太阳神鸟金饰 | 四羊方尊 | 夏景山口待渡图 | 大克鼎 | 大玉戈 | 大盂鼎 | 大禾方鼎 | 大秦景教流行中国碑 | 天亡簋 | 太保鼎 | 子龙鼎 | 岳麓秦简 | 嵌绿松石象牙杯 | 常阳太尊石像 | 平复帖 | 張好好詩 | 彩绘人物故事漆屏 | 彩绘鹳鱼石斧图陶缸 | 彩陶八角星纹豆 | 挥扇仕女图 | 昭陵六骏 | 晉侯穌編鐘 | 景雲鐘 | 曾侯乙墓外棺 | 曾侯乙编钟 | 曾侯乙青铜尊盘 | 朱然墓出土漆木屐 | 朱然墓出土贵族生活图漆盘 | 杀人祭柱场面贮贝器 | 步辇图 | 水晶杯 | 河姆渡出土朱漆碗 | 河姆渡出土陶灶 | 涅槃變相碑 | 淅川出土铜禁 | 淳化大鼎 | 清明上河圖 | 渔村小雪图 | 游春图 | 滇王之印 | 玉琮王 | 皇后之玺 | 直裾素紗襌衣 | 石鼓 (先秦) | 神兽纹玉樽 | 禁止出境展览文物 | 竹林七賢與榮啟期 | 红地对人兽树纹罽袍 | 红山文化女神像 | 红山文化玉龙 | 舞马衔杯仿皮囊式银壶 | 苦笋帖 | 莲鹤方壶 | 虢季子白盘 | 角形玉杯 | 诅盟场面贮贝器 | 识文彩绘盝顶长方形漆奁 | 越王勾践剑 | 趙佶草書千字文 | 逨盘 | 鑄客銅鼎 | 铜奔马 | 铜浮屠 | 铜车马 | 铜错金银四龙四凤方案 | 長信宮燈 | 陶鹰鼎 | 隋白釉龙柄双联传瓶 | 青花釉里红瓷仓 | 青铜神树 | 青铜立人像 | 鞍马出行图 | 韩熙载夜宴图 | 马王堆一号墓木棺椁 | 马王堆一号汉墓帛画 | 马王堆帛书周易 | 高逸图 | 鸭形玻璃注 | 黑漆朱绘六博具 | 齐王墓青铜方镜
青铜神树,https://zh.wikipedia.org/wiki/%E9%9D%92%E9%93%9C%E7%A5%9E%E6%A0%91,"青铜神树是1986年8月从中華人民共和國四川省廣漢縣（現广汉市）三星堆遗址二号器物坑出土的6件树形的文物，造型为树状，上有神鸟，被市民昵稱為“搖錢樹”。原树高395公分，3簇树枝，每簇3枝，上有27个果实和9只鸟，可能是“九日居下枝”的意思，树干上嵌铸了一条造型怪异的龙，龙头朝下，身体呈辫绳状，前爪匍匐在树座上，后爪象人手，身上还挂着刀状的羽翅。中国龙的造型从古到今千变万化，但像这样怪异的龙还是独此一见。
在中国的古代神话宝库中有很多关于神树的传说，其中比较有代表性的是东方的扶桑、中央的建木和西方的若木，通过比较研究，学者们认为三星堆的神树综合了扶桑、建木、若木的特点和功能，是这三棵神树的复合...",1986年考古发现 | 三星堆遗址 | 全部小作品 | 古蜀文物 | 德阳文物,商,四川省 廣漢縣 （1986年）,三星堆博物館,青铜,,https://upload.wikimedia.org/wikipedia/commons/thumb/f/f7/%E4%B8%89%E6%98%9F%E5%A0%86%E5%87%BA%E5%9C%9F%E9%9D%92%E9%93%9C%E7%A5%9E%E6%A0%91%2C_2017-09-17.jpg/250px-%E4%B8%89%E6%98%9F%E5%A0%86%E5%87%BA%E5%9C%9F%E9%9D%92%E9%93%9C%E7%A5%9E%E6%A0%91%2C_2017-09-17.jpg,“五星出东方利中国”护膊 | 㝬簋 | 七孔玉刀 | 三星堆出土玉边璋 | 三星堆金杖 | 中山王铁足铜鼎 | 五代耀州窑青釉刻花提梁倒流壶 | 五牛圖 | 人物御龙帛画 | 人物龙凤帛画 | 人面鱼纹彩陶盆 | 伯矩鬲 | 何尊 | 八重宝函 | 兽首玛瑙杯 | 凤冠 (定陵) | 刘胜金缕玉衣 | 利簋 | 勘书图 | 北宋刻本《范仲淹文集》 | 卓歇图 | 双鸟朝阳纹牙雕 | 史墙盘 | 吉祥遍至口合本续 | 后母戊鼎 | 唐长沙窑青釉褐彩贴花人物纹壶 | 商周太阳神鸟金饰 | 四羊方尊 | 夏景山口待渡图 | 大克鼎 | 大玉戈 | 大盂鼎 | 大禾方鼎 | 大秦景教流行中国碑 | 天亡簋 | 太保鼎 | 子龙鼎 | 岳麓秦简 | 嵌绿松石象牙杯 | 常阳太尊石像 | 平复帖 | 張好好詩 | 彩漆木雕小座屏 | 彩绘人物故事漆屏 | 彩绘鹳鱼石斧图陶缸 | 彩陶八角星纹豆 | 挥扇仕女图 | 昭陵六骏 | 晉侯穌編鐘 | 景雲鐘 | 曾侯乙墓外棺 | 曾侯乙编钟 | 曾侯乙青铜尊盘 | 朱然墓出土漆木屐 | 朱然墓出土贵族生活图漆盘 | 杀人祭柱场面贮贝器 | 步辇图 | 水晶杯 | 河姆渡出土朱漆碗 | 河姆渡出土陶灶 | 涅槃變相碑 | 淅川出土铜禁 | 淳化大鼎 | 清明上河圖 | 渔村小雪图 | 游春图 | 滇王之印 | 玉琮王 | 皇后之玺 | 直裾素紗襌衣 | 石鼓 (先秦) | 神兽纹玉樽 | 禁止出境展览文物 | 竹林七賢與榮啟期 | 红地对人兽树纹罽袍 | 红山文化女神像 | 红山文化玉龙 | 舞马衔杯仿皮囊式银壶 | 苦笋帖 | 莲鹤方壶 | 虢季子白盘 | 角形玉杯 | 诅盟场面贮贝器 | 识文彩绘盝顶长方形漆奁 | 越王勾践剑 | 趙佶草書千字文 | 逨盘 | 鑄客銅鼎 | 铜奔马 | 铜浮屠 | 铜车马 | 铜错金银四龙四凤方案 | 長信宮燈 | 陶鹰鼎 | 隋白釉龙柄双联传瓶 | 青花釉里红瓷仓 | 青铜立人像 | 鞍马出行图 | 韩熙载夜宴图 | 马王堆一号墓木棺椁 | 马王堆一号汉墓帛画 | 马王堆帛书周易 | 高逸图 | 鸭形玻璃注 | 黑漆朱绘六博具 | 齐王墓青铜方镜
史墙盘,https://zh.wikipedia.org/wiki/%E5%8F%B2%E5%A2%99%E7%9B%98,史墙盘，又稱墻盤，为西周共王時史官墙所作的礼器。據銘文內容，墻是殷朝微子啟的後裔。1976年出土於陕西省扶風縣莊白村一號銅器窖藏，為中華人民共和國國家一級文物，2002年公布的64件禁止出國（境）展覽的文物之一，现藏扶風周原博物館。,1976年考古发现 | 中文銘文 | 扶風縣 | 盘 (青铜器) | 禁止出境展览文物,西周,陝西省 扶風縣 （1976年）,扶風周原博物館,青铜,,https://upload.wikimedia.org/wikipedia/commons/thumb/7/77/Shi_Qiang_pan.jpg/250px-Shi_Qiang_pan.jpg,“五星出东方利中国”护膊 | 㝬簋 | 七孔玉刀 | 三星堆出土玉边璋 | 三星堆金杖 | 中山王铁足铜鼎 | 五代耀州窑青釉刻花提梁倒流壶 | 五牛圖 | 人物御龙帛画 | 人物龙凤帛画 | 人面鱼纹彩陶盆 | 伯矩鬲 | 何尊 | 八重宝函 | 兽首玛瑙杯 | 凤冠 (定陵) | 刘胜金缕玉衣 | 利簋 | 勘书图 | 北宋刻本《范仲淹文集》 | 卓歇图 | 双鸟朝阳纹牙雕 | 吉祥遍至口合本续 | 后母戊鼎 | 唐长沙窑青釉褐彩贴花人物纹壶 | 商周太阳神鸟金饰 | 四羊方尊 | 夏景山口待渡图 | 大克鼎 | 大玉戈 | 大盂鼎 | 大禾方鼎 | 大秦景教流行中国碑 | 天亡簋 | 太保鼎 | 子龙鼎 | 岳麓秦简 | 嵌绿松石象牙杯 | 常阳太尊石像 | 平复帖 | 張好好詩 | 彩漆木雕小座屏 | 彩绘人物故事漆屏 | 彩绘鹳鱼石斧图陶缸 | 彩陶八角星纹豆 | 挥扇仕女图 | 昭陵六骏 | 晉侯穌編鐘 | 景雲鐘 | 曾侯乙墓外棺 | 曾侯乙编钟 | 曾侯乙青铜尊盘 | 朱然墓出土漆木屐 | 朱然墓出土贵族生活图漆盘 | 杀人祭柱场面贮贝器 | 步辇图 | 水晶杯 | 河姆渡出土朱漆碗 | 河姆渡出土陶灶 | 涅槃變相碑 | 淅川出土铜禁 | 淳化大鼎 | 清明上河圖 | 渔村小雪图 | 游春图 | 滇王之印 | 玉琮王 | 皇后之玺 | 直裾素紗襌衣 | 石鼓 (先秦) | 神兽纹玉樽 | 禁止出境展览文物 | 竹林七賢與榮啟期 | 红地对人兽树纹罽袍 | 红山文化女神像 | 红山文化玉龙 | 舞马衔杯仿皮囊式银壶 | 苦笋帖 | 莲鹤方壶 | 虢季子白盘 | 角形玉杯 | 诅盟场面贮贝器 | 识文彩绘盝顶长方形漆奁 | 越王勾践剑 | 趙佶草書千字文 | 逨盘 | 鑄客銅鼎 | 铜奔马 | 铜浮屠 | 铜车马 | 铜错金银四龙四凤方案 | 長信宮燈 | 陶鹰鼎 | 隋白釉龙柄双联传瓶 | 青花釉里红瓷仓 | 青铜神树 | 青铜立人像 | 鞍马出行图 | 韩熙载夜宴图 | 马王堆一号墓木棺椁 | 马王堆一号汉墓帛画 | 马王堆帛书周易 | 高逸图 | 鸭形玻璃注 | 黑漆朱绘六博具 | 齐王墓青铜方镜
直裾素紗襌衣,https://zh.wikipedia.org/wiki/%E7%9B%B4%E8%A3%BE%E7%B4%A0%E7%B4%97%E8%A5%8C%E8%A1%A3,直裾（jū）素紗襌（dān）衣是中華人民共和國禁止出国（境）展览文物之一，1972年出土於湖南省长沙市东郊东屯渡乡（今芙蓉区马王堆街道），是马王堆汉墓的眾多隨葬品之一。現藏湖南省博物馆。,使用了两种注音方式的页面 | 含有注音符號的條目 | 含有漢語拼音的條目 | 湖南省博物馆藏品 | 禁止出境展览文物,西汉,湖南省 长沙市 （1972年）,湖南博物院,丝,,https://upload.wikimedia.org/wikipedia/commons/thumb/d/dd/%E7%9B%B4%E8%A3%BE%E7%B4%A0%E7%BA%B1%E8%A5%8C%E8%A1%A3%2C_2018-09-28.jpg/250px-%E7%9B%B4%E8%A3%BE%E7%B4%A0%E7%BA%B1%E8%A5%8C%E8%A1%A3%2C_2018-09-28.jpg,“五星出东方利中国”护膊 | 㝬簋 | 七孔玉刀 | 三星堆出土玉边璋 | 三星堆金杖 | 中山王铁足铜鼎 | 五代耀州窑青釉刻花提梁倒流壶 | 五牛圖 | 人物御龙帛画 | 人物龙凤帛画 | 人面鱼纹彩陶盆 | 伯矩鬲 | 何尊 | 八重宝函 | 兽首玛瑙杯 | 凤冠 (定陵) | 刘胜金缕玉衣 | 利簋 | 勘书图 | 北宋刻本《范仲淹文集》 | 卓歇图 | 双鸟朝阳纹牙雕 | 史墙盘 | 吉祥遍至口合本续 | 后母戊鼎 | 唐长沙窑青釉褐彩贴花人物纹壶 | 商周太阳神鸟金饰 | 四羊方尊 | 夏景山口待渡图 | 大克鼎 | 大玉戈 | 大盂鼎 | 大禾方鼎 | 大秦景教流行中国碑 | 天亡簋 | 太保鼎 | 子龙鼎 | 岳麓秦简 | 嵌绿松石象牙杯 | 常阳太尊石像 | 平复帖 | 張好好詩 | 彩漆木雕小座屏 | 彩绘人物故事漆屏 | 彩绘鹳鱼石斧图陶缸 | 彩陶八角星纹豆 | 挥扇仕女图 | 昭陵六骏 | 晉侯穌編鐘 | 景雲鐘 | 曾侯乙墓外棺 | 曾侯乙编钟 | 曾侯乙青铜尊盘 | 朱然墓出土漆木屐 | 朱然墓出土贵族生活图漆盘 | 杀人祭柱场面贮贝器 | 步辇图 | 水晶杯 | 河姆渡出土朱漆碗 | 河姆渡出土陶灶 | 涅槃變相碑 | 淅川出土铜禁 | 淳化大鼎 | 清明上河圖 | 渔村小雪图 | 游春图 | 滇王之印 | 玉琮王 | 皇后之玺 | 石鼓 (先秦) | 神兽纹玉樽 | 禁止出境展览文物 | 竹林七賢與榮啟期 | 红地对人兽树纹罽袍 | 红山文化女神像 | 红山文化玉龙 | 舞马衔杯仿皮囊式银壶 | 苦笋帖 | 莲鹤方壶 | 虢季子白盘 | 角形玉杯 | 诅盟场面贮贝器 | 识文彩绘盝顶长方形漆奁 | 越王勾践剑 | 趙佶草書千字文 | 逨盘 | 鑄客銅鼎 | 铜奔马 | 铜浮屠 | 铜车马 | 铜错金银四龙四凤方案 | 長信宮燈 | 陶鹰鼎 | 隋白釉龙柄双联传瓶 | 青花釉里红瓷仓 | 青铜神树 | 青铜立人像 | 鞍马出行图 | 韩熙载夜宴图 | 马王堆一号墓木棺椁 | 马王堆一号汉墓帛画 | 马王堆帛书周易 | 高逸图 | 鸭形玻璃注 | 黑漆朱绘六博具 | 齐王墓青铜方镜
商夔纹象尊,https://zh.wikipedia.org/wiki/%E5%95%86%E5%A4%94%E7%BA%B9%E8%B1%A1%E5%B0%8A,商夔纹象尊，又称子母象尊、双象尊、商青铜象尊、象尊，商朝晚期青铜器，出土于中国湖南，现藏于美国弗利尔艺术馆。,商朝青铜器 | 弗利尔艺术馆藏品 | 象尊 | 长沙文物,,,,,,https://upload.wikimedia.org/wikipedia/commons/thumb/9/9a/%E5%95%86%E9%9D%92%E9%93%9C%E8%B1%A1%E5%B0%8A%E7%BE%8E%E5%9B%BD%E5%BC%97%E5%88%A9%E5%B0%94%E7%BE%8E%E6%9C%AF%E9%A6%86%E8%97%8F1.png/250px-%E5%95%86%E9%9D%92%E9%93%9C%E8%B1%A1%E5%B0%8A%E7%BE%8E%E5%9B%BD%E5%BC%97%E5%88%A9%E5%B0%94%E7%BE%8E%E6%9C%AF%E9%A6%86%E8%97%8F1.png,醴陵象尊
后母戊鼎,https://zh.wikipedia.org/wiki/%E5%90%8E%E6%AF%8D%E6%88%8A%E9%BC%8E,后母戊鼎，或稱司母戊鼎，是華夏商代後期（约公元前13世纪至公元前11世纪）王室祭祀用的青铜方鼎。因其鼎腹內壁著有銘文「后母戊」三字而得名。「母戊」是武丁妻妾婦妌的廟號。該鼎可能為祖庚或祖甲為祭祀母親而鑄造。現藏中國國家博物館，是中国国家一级文物。中国国家博物馆原释其铭文为“司母戊”，于2011年改为“后母戊”，但学界存在争议。,1939年考古发现 | 中國國家博物館藏品 | 中文銘文 | 商鼎 | 条目有永久失效的外部链接,商,河南 安阳 （1939年）,中国国家博物馆,青铜,,https://upload.wikimedia.org/wikipedia/commons/thumb/c/c2/HouMuWuDingFullView.jpg/250px-HouMuWuDingFullView.jpg,“五星出东方利中国”护膊 | 㝬簋 | 七孔玉刀 | 三星堆出土玉边璋 | 三星堆金杖 | 中山王铁足铜鼎 | 五代耀州窑青釉刻花提梁倒流壶 | 五牛圖 | 人物御龙帛画 | 人物龙凤帛画 | 人面鱼纹彩陶盆 | 伯矩鬲 | 何尊 | 八重宝函 | 兽首玛瑙杯 | 凤冠 (定陵) | 刘胜金缕玉衣 | 利簋 | 勘书图 | 北宋刻本《范仲淹文集》 | 卓歇图 | 双鸟朝阳纹牙雕 | 史墙盘 | 吉祥遍至口合本续 | 唐长沙窑青釉褐彩贴花人物纹壶 | 商周太阳神鸟金饰 | 四羊方尊 | 夏景山口待渡图 | 大克鼎 | 大玉戈 | 大盂鼎 | 大禾方鼎 | 大秦景教流行中国碑 | 天亡簋 | 太保鼎 | 子龙鼎 | 岳麓秦简 | 嵌绿松石象牙杯 | 常阳太尊石像 | 平复帖 | 張好好詩 | 彩漆木雕小座屏 | 彩绘人物故事漆屏 | 彩绘鹳鱼石斧图陶缸 | 彩陶八角星纹豆 | 挥扇仕女图 | 昭陵六骏 | 晉侯穌編鐘 | 景雲鐘 | 曾侯乙墓外棺 | 曾侯乙编钟 | 曾侯乙青铜尊盘 | 朱然墓出土漆木屐 | 朱然墓出土贵族生活图漆盘 | 杀人祭柱场面贮贝器 | 步辇图 | 毛公鼎 | 水晶杯 | 河姆渡出土朱漆碗 | 河姆渡出土陶灶 | 涅槃變相碑 | 淅川出土铜禁 | 淳化大鼎 | 清明上河圖 | 渔村小雪图 | 游春图 | 滇王之印 | 玉琮王 | 皇后之玺 | 直裾素紗襌衣 | 石鼓 (先秦) | 神兽纹玉樽 | 禁止出境展览文物 | 竹林七賢與榮啟期 | 红地对人兽树纹罽袍 | 红山文化女神像 | 红山文化玉龙 | 舞马衔杯仿皮囊式银壶 | 苦笋帖 | 莲鹤方壶 | 虢季子白盘 | 角形玉杯 | 诅盟场面贮贝器 | 识文彩绘盝顶长方形漆奁 | 越王勾践剑 | 趙佶草書千字文 | 逨盘 | 鑄客銅鼎 | 铜奔马 | 铜浮屠 | 铜车马 | 铜错金银四龙四凤方案 | 長信宮燈 | 陶鹰鼎 | 隋白釉龙柄双联传瓶 | 青花釉里红瓷仓 | 青铜神树 | 青铜立人像 | 鞍马出行图 | 韩熙载夜宴图 | 马王堆一号墓木棺椁 | 马王堆一号汉墓帛画 | 马王堆帛书周易 | 高逸图 | 鸭形玻璃注 | 黑漆朱绘六博具 | 齐王墓青铜方镜
嵌绿松石象牙杯,https://zh.wikipedia.org/wiki/%E5%B5%8C%E7%BB%BF%E6%9D%BE%E7%9F%B3%E8%B1%A1%E7%89%99%E6%9D%AF,嵌绿松石象牙杯是商代的象牙制品，1976年出土於河南省安阳市殷墟妇好墓。是中华人民共和国禁止出国（境）展览文物之一，现藏于中国国家博物馆。,1976年考古发现 | 中國國家博物館藏品 | 商朝文物 | 安阳文物 | 禁止出境展览文物,商,河南省 安阳市 （1976年）,中国国家博物馆,象牙,,,“五星出东方利中国”护膊 | 㝬簋 | 七孔玉刀 | 三星堆出土玉边璋 | 三星堆金杖 | 中山王铁足铜鼎 | 五代耀州窑青釉刻花提梁倒流壶 | 五牛圖 | 人物御龙帛画 | 人物龙凤帛画 | 人面鱼纹彩陶盆 | 伯矩鬲 | 何尊 | 八重宝函 | 兽首玛瑙杯 | 凤冠 (定陵) | 刘胜金缕玉衣 | 利簋 | 勘书图 | 北宋刻本《范仲淹文集》 | 卓歇图 | 双鸟朝阳纹牙雕 | 史墙盘 | 吉祥遍至口合本续 | 后母戊鼎 | 唐长沙窑青釉褐彩贴花人物纹壶 | 商周太阳神鸟金饰 | 四羊方尊 | 夏景山口待渡图 | 大克鼎 | 大玉戈 | 大盂鼎 | 大禾方鼎 | 大秦景教流行中国碑 | 天亡簋 | 太保鼎 | 子龙鼎 | 岳麓秦简 | 常阳太尊石像 | 平复帖 | 張好好詩 | 彩漆木雕小座屏 | 彩绘人物故事漆屏 | 彩绘鹳鱼石斧图陶缸 | 彩陶八角星纹豆 | 挥扇仕女图 | 昭陵六骏 | 晉侯穌編鐘 | 景雲鐘 | 曾侯乙墓外棺 | 曾侯乙编钟 | 曾侯乙青铜尊盘 | 朱然墓出土漆木屐 | 朱然墓出土贵族生活图漆盘 | 杀人祭柱场面贮贝器 | 步辇图 | 水晶杯 | 河姆渡出土朱漆碗 | 河姆渡出土陶灶 | 涅槃變相碑 | 淅川出土铜禁 | 淳化大鼎 | 清明上河圖 | 渔村小雪图 | 游春图 | 滇王之印 | 玉琮王 | 皇后之玺 | 直裾素紗襌衣 | 石鼓 (先秦) | 神兽纹玉樽 | 禁止出境展览文物 | 竹林七賢與榮啟期 | 红地对人兽树纹罽袍 | 红山文化女神像 | 红山文化玉龙 | 舞马衔杯仿皮囊式银壶 | 苦笋帖 | 莲鹤方壶 | 虢季子白盘 | 角形玉杯 | 诅盟场面贮贝器 | 识文彩绘盝顶长方形漆奁 | 越王勾践剑 | 趙佶草書千字文 | 逨盘 | 鑄客銅鼎 | 铜奔马 | 铜浮屠 | 铜车马 | 铜错金银四龙四凤方案 | 長信宮燈 | 陶鹰鼎 | 隋白釉龙柄双联传瓶 | 青花釉里红瓷仓 | 青铜神树 | 青铜立人像 | 鞍马出行图 | 韩熙载夜宴图 | 马王堆一号墓木棺椁 | 马王堆一号汉墓帛画 | 马王堆帛书周易 | 高逸图 | 鸭形玻璃注 | 黑漆朱绘六博具 | 齐王墓青铜方镜
一级文物,https://zh.wikipedia.org/wiki/%E4%B8%80%E7%BA%A7%E6%96%87%E7%89%A9,"一级文物，是中华人民共和国政府对中国历史上各时代重要实物、艺术品、文献、手稿、图书资料、代表性实物等可移动文物藏品中具有特别重要历史、艺术、科学价值的代表性文物的定级，是“珍贵文物”三个级别中之最高等级。
博物馆、图书馆和其他文物收藏单位对收藏的文物进行等级区分并设置藏品档案，而省、自治区、直辖市人民政府文物行政主管部门则将其行政区域内的一级文物藏品档案报国家文物局备案。",中国一级文物 | 条目有永久失效的外部链接 | 自2017年12月带有失效链接的条目 | 自2018年10月带有失效链接的条目,,,,,,,禁止出境展览文物
祖辛卣,https://zh.wikipedia.org/wiki/%E7%A5%96%E8%BE%9B%E5%8D%A3,祖辛卣（yǒu）为商代晚期的青铜器。通高25.5厘米，重3千克。1965年出土于河南辉县，现藏于河南博物院。,中文銘文 | 使用了三种注音方式的页面 | 卣 | 含有注音符號的條目 | 含有漢語拼音的條目,,,,,,,
井姬盂鏙,https://zh.wikipedia.org/wiki/%E4%BA%95%E5%A7%AC%E7%9B%82%E9%8F%99,井姬盂鏙，1974年在中华人民共和国陕西省宝鸡市𢐗国墓地茹家庄二号墓出土的一件西周貘尊。,中文銘文 | 宝鸡青铜器博物院藏品 | 渭滨区 | 西周青铜器 | 鸟兽尊,,,,,,,
中山王铁足铜鼎,https://zh.wikipedia.org/wiki/%E4%B8%AD%E5%B1%B1%E7%8E%8B%E9%93%81%E8%B6%B3%E9%93%9C%E9%BC%8E,中山王铁足铜鼎，又称中山王鼎，是中国迄今为止发现最大的铁足铜鼎，也是战国时代的青铜器中铭文字数最多的一件。为宗庙祭祀用礼器。是中华人民共和国国家一级文物，64件禁止出国（境）展览的文物之一。1977年出土于河北省平山县中山王墓，为同时出土的九件列鼎之首鼎。现藏河北省文物研究所。,中文銘文 | 平山县 | 春秋战国青铜器 | 石家庄文物 | 禁止出境展览文物,,,,铜,,,“五星出东方利中国”护膊 | 㝬簋 | 七孔玉刀 | 三星堆出土玉边璋 | 三星堆金杖 | 五代耀州窑青釉刻花提梁倒流壶 | 五牛圖 | 人物御龙帛画 | 人物龙凤帛画 | 人面鱼纹彩陶盆 | 伯矩鬲 | 何尊 | 八重宝函 | 兽首玛瑙杯 | 凤冠 (定陵) | 刘胜金缕玉衣 | 利簋 | 勘书图 | 北宋刻本《范仲淹文集》 | 卓歇图 | 双鸟朝阳纹牙雕 | 史墙盘 | 吉祥遍至口合本续 | 后母戊鼎 | 唐长沙窑青釉褐彩贴花人物纹壶 | 商周太阳神鸟金饰 | 四羊方尊 | 夏景山口待渡图 | 大克鼎 | 大玉戈 | 大盂鼎 | 大禾方鼎 | 大秦景教流行中国碑 | 天亡簋 | 太保鼎 | 子龙鼎 | 岳麓秦简 | 嵌绿松石象牙杯 | 常阳太尊石像 | 平复帖 | 張好好詩 | 彩漆木雕小座屏 | 彩绘人物故事漆屏 | 彩绘鹳鱼石斧图陶缸 | 彩陶八角星纹豆 | 挥扇仕女图 | 昭陵六骏 | 晉侯穌編鐘 | 景雲鐘 | 曾侯乙墓外棺 | 曾侯乙编钟 | 曾侯乙青铜尊盘 | 朱然墓出土漆木屐 | 朱然墓出土贵族生活图漆盘 | 杀人祭柱场面贮贝器 | 步辇图 | 毛公鼎 | 水晶杯 | 河姆渡出土朱漆碗 | 河姆渡出土陶灶 | 涅槃變相碑 | 淅川出土铜禁 | 淳化大鼎 | 清明上河圖 | 渔村小雪图 | 游春图 | 滇王之印 | 玉琮王 | 皇后之玺 | 直裾素紗襌衣 | 石鼓 (先秦) | 神兽纹玉樽 | 禁止出境展览文物 | 竹林七賢與榮啟期 | 红地对人兽树纹罽袍 | 红山文化女神像 | 红山文化玉龙 | 舞马衔杯仿皮囊式银壶 | 苦笋帖 | 莲鹤方壶 | 虢季子白盘 | 角形玉杯 | 诅盟场面贮贝器 | 识文彩绘盝顶长方形漆奁 | 越王勾践剑 | 趙佶草書千字文 | 逨盘 | 鑄客銅鼎 | 铜奔马 | 铜浮屠 | 铜车马 | 铜错金银四龙四凤方案 | 長信宮燈 | 陶鹰鼎 | 隋白釉龙柄双联传瓶 | 青花釉里红瓷仓 | 青铜神树 | 青铜立人像 | 鞍马出行图 | 韩熙载夜宴图 | 马王堆一号墓木棺椁 | 马王堆一号汉墓帛画 | 马王堆帛书周易 | 高逸图 | 鸭形玻璃注 | 黑漆朱绘六博具 | 齐王墓青铜方镜
㝬簋,https://zh.wikipedia.org/wiki/%E3%9D%AC%E7%B0%8B,㝬簋（húguǐ），又称厉王簋、胡簋、厉王胡簋，西周晚期青铜器，国家一级文物，1978年5月出土于陕西省扶风县。该器器形属双耳方座簋，腹内底有铭文12行124字。根据铭文可知，该簋为周厉王的自作器，制作于厉王十二年。该簋被中国国家文物局收录到了2013年8月19日发布的《第三批禁止出境展览文物目录》中，属于禁止出境展览文物。该簋曾藏于扶风县博物馆、周原博物馆，现收藏于宝鸡青铜器博物院。,中文銘文 | 使用了两种注音方式的页面 | 含有注音符號的條目 | 含有漢語拼音的條目 | 周代王器,西周,陕西省 扶风县 （1978年）,宝鸡青铜器博物院,青铜,,https://upload.wikimedia.org/wikipedia/commons/thumb/a/a0/Hu_Gui_02.jpg/250px-Hu_Gui_02.jpg,“五星出东方利中国”护膊 | 七孔玉刀 | 三星堆出土玉边璋 | 三星堆金杖 | 中山王铁足铜鼎 | 五代耀州窑青釉刻花提梁倒流壶 | 五牛圖 | 人物御龙帛画 | 人物龙凤帛画 | 人面鱼纹彩陶盆 | 伯矩鬲 | 何尊 | 八重宝函 | 兽首玛瑙杯 | 凤冠 (定陵) | 刘胜金缕玉衣 | 利簋 | 勘书图 | 北宋刻本《范仲淹文集》 | 卓歇图 | 双鸟朝阳纹牙雕 | 史墙盘 | 吉祥遍至口合本续 | 后母戊鼎 | 唐长沙窑青釉褐彩贴花人物纹壶 | 商周太阳神鸟金饰 | 四羊方尊 | 夏景山口待渡图 | 大克鼎 | 大玉戈 | 大盂鼎 | 大禾方鼎 | 大秦景教流行中国碑 | 天亡簋 | 太保鼎 | 子龙鼎 | 岳麓秦简 | 嵌绿松石象牙杯 | 常阳太尊石像 | 平复帖 | 張好好詩 | 彩漆木雕小座屏 | 彩绘人物故事漆屏 | 彩绘鹳鱼石斧图陶缸 | 彩陶八角星纹豆 | 挥扇仕女图 | 昭陵六骏 | 晉侯穌編鐘 | 景雲鐘 | 曾侯乙墓外棺 | 曾侯乙编钟 | 曾侯乙青铜尊盘 | 朱然墓出土漆木屐 | 朱然墓出土贵族生活图漆盘 | 杀人祭柱场面贮贝器 | 步辇图 | 水晶杯 | 河姆渡出土朱漆碗 | 河姆渡出土陶灶 | 涅槃變相碑 | 淅川出土铜禁 | 淳化大鼎 | 清明上河圖 | 渔村小雪图 | 游春图 | 滇王之印 | 玉琮王 | 皇后之玺 | 直裾素紗襌衣 | 石鼓 (先秦) | 神兽纹玉樽 | 禁止出境展览文物 | 竹林七賢與榮啟期 | 红地对人兽树纹罽袍 | 红山文化女神像 | 红山文化玉龙 | 舞马衔杯仿皮囊式银壶 | 苦笋帖 | 莲鹤方壶 | 虢季子白盘 | 角形玉杯 | 诅盟场面贮贝器 | 识文彩绘盝顶长方形漆奁 | 越王勾践剑 | 趙佶草書千字文 | 逨盘 | 鑄客銅鼎 | 铜奔马 | 铜浮屠 | 铜车马 | 铜错金银四龙四凤方案 | 長信宮燈 | 陶鹰鼎 | 隋白釉龙柄双联传瓶 | 青花釉里红瓷仓 | 青铜神树 | 青铜立人像 | 鞍马出行图 | 韩熙载夜宴图 | 马王堆一号墓木棺椁 | 马王堆一号汉墓帛画 | 马王堆帛书周易 | 高逸图 | 鸭形玻璃注 | 黑漆朱绘六博具 | 齐王墓青铜方镜
齐王墓青铜方镜,https://zh.wikipedia.org/wiki/%E9%BD%90%E7%8E%8B%E5%A2%93%E9%9D%92%E9%93%9C%E6%96%B9%E9%95%9C,齐王墓青铜方镜，1980年于山东淄博的西汉诸侯王墓中出土的一件铜镜，中国禁止出境展览文物之一。该镜出土位置位于辛店街道窩托社區南古墓五号陪葬坑，呈长方形，长115.1厘米，宽57.5厘米的，重达56.5公斤。背面有五个环形弦纹钮，并饰有夔龙纠结图案。两个短边又各铸二钮，环钮四周饰柿蒂形纹。现藏于山东省淄博市博物馆。,中国青铜器 | 淄博文物 | 禁止出境展览文物 | 自2010年8月扩充中的条目 | 西汉诸侯王墓葬文物,西汉,山东省 淄博市 臨淄區 辛店街道 窩托社區,淄博市博物馆,青铜,,https://upload.wikimedia.org/wikipedia/commons/thumb/c/c6/Rectangle_dragon-veins_copper_mirror.jpg/250px-Rectangle_dragon-veins_copper_mirror.jpg,“五星出东方利中国”护膊 | 㝬簋 | 七孔玉刀 | 三星堆出土玉边璋 | 三星堆金杖 | 中山王铁足铜鼎 | 五代耀州窑青釉刻花提梁倒流壶 | 五牛圖 | 人物御龙帛画 | 人物龙凤帛画 | 人面鱼纹彩陶盆 | 伯矩鬲 | 何尊 | 八重宝函 | 兽首玛瑙杯 | 凤冠 (定陵) | 刘胜金缕玉衣 | 利簋 | 勘书图 | 北宋刻本《范仲淹文集》 | 卓歇图 | 双鸟朝阳纹牙雕 | 史墙盘 | 吉祥遍至口合本续 | 后母戊鼎 | 唐长沙窑青釉褐彩贴花人物纹壶 | 商周太阳神鸟金饰 | 四羊方尊 | 夏景山口待渡图 | 大克鼎 | 大玉戈 | 大盂鼎 | 大禾方鼎 | 大秦景教流行中国碑 | 天亡簋 | 太保鼎 | 子龙鼎 | 岳麓秦简 | 嵌绿松石象牙杯 | 常阳太尊石像 | 平复帖 | 張好好詩 | 彩漆木雕小座屏 | 彩绘人物故事漆屏 | 彩绘鹳鱼石斧图陶缸 | 彩陶八角星纹豆 | 挥扇仕女图 | 昭陵六骏 | 晉侯穌編鐘 | 景雲鐘 | 曾侯乙墓外棺 | 曾侯乙编钟 | 曾侯乙青铜尊盘 | 朱然墓出土漆木屐 | 朱然墓出土贵族生活图漆盘 | 杀人祭柱场面贮贝器 | 步辇图 | 水晶杯 | 河姆渡出土朱漆碗 | 河姆渡出土陶灶 | 涅槃變相碑 | 淅川出土铜禁 | 淳化大鼎 | 清明上河圖 | 渔村小雪图 | 游春图 | 滇王之印 | 玉琮王 | 皇后之玺 | 直裾素紗襌衣 | 石鼓 (先秦) | 神兽纹玉樽 | 禁止出境展览文物 | 竹林七賢與榮啟期 | 红地对人兽树纹罽袍 | 红山文化女神像 | 红山文化玉龙 | 舞马衔杯仿皮囊式银壶 | 苦笋帖 | 莲鹤方壶 | 虢季子白盘 | 角形玉杯 | 诅盟场面贮贝器 | 识文彩绘盝顶长方形漆奁 | 越王勾践剑 | 趙佶草書千字文 | 逨盘 | 鑄客銅鼎 | 铜奔马 | 铜浮屠 | 铜车马 | 铜错金银四龙四凤方案 | 長信宮燈 | 陶鹰鼎 | 隋白釉龙柄双联传瓶 | 青花釉里红瓷仓 | 青铜神树 | 青铜立人像 | 鞍马出行图 | 韩熙载夜宴图 | 马王堆一号墓木棺椁 | 马王堆一号汉墓帛画 | 马王堆帛书周易 | 高逸图 | 鸭形玻璃注 | 黑漆朱绘六博具
鑄客銅鼎,https://zh.wikipedia.org/wiki/%E9%91%84%E5%AE%A2%E9%8A%85%E9%BC%8E,鑄客銅鼎，又名“鑄客大銅鼎”、“楚大鼎”或“大铸客鼎”。為戰國時期楚国的青铜炊器，1933年出土於安徽省寿县朱家集（今属长丰县）李三孤堆楚王墓。是现存西周以来最重的鼎，位列64件禁止出国（境）展览文物之一，现藏安徽省博物馆。,中文銘文 | 合肥文物 | 楚国文物 | 禁止出境展览文物 | 长丰县,战国,安徽省 壽縣 （1933年）,安徽博物院,铜,,https://upload.wikimedia.org/wikipedia/commons/thumb/8/86/%E9%93%B8%E5%AE%A2%E5%A4%A7%E9%BC%8E2.jpg/250px-%E9%93%B8%E5%AE%A2%E5%A4%A7%E9%BC%8E2.jpg,“五星出东方利中国”护膊 | 㝬簋 | 七孔玉刀 | 三星堆出土玉边璋 | 三星堆金杖 | 中山王铁足铜鼎 | 五代耀州窑青釉刻花提梁倒流壶 | 五牛圖 | 人物御龙帛画 | 人物龙凤帛画 | 人面鱼纹彩陶盆 | 伯矩鬲 | 何尊 | 八重宝函 | 兽首玛瑙杯 | 凤冠 (定陵) | 刘胜金缕玉衣 | 利簋 | 勘书图 | 北宋刻本《范仲淹文集》 | 卓歇图 | 双鸟朝阳纹牙雕 | 史墙盘 | 吉祥遍至口合本续 | 后母戊鼎 | 唐长沙窑青釉褐彩贴花人物纹壶 | 商周太阳神鸟金饰 | 四羊方尊 | 夏景山口待渡图 | 大克鼎 | 大玉戈 | 大盂鼎 | 大禾方鼎 | 大秦景教流行中国碑 | 天亡簋 | 太保鼎 | 子龙鼎 | 岳麓秦简 | 嵌绿松石象牙杯 | 常阳太尊石像 | 平复帖 | 張好好詩 | 彩漆木雕小座屏 | 彩绘人物故事漆屏 | 彩绘鹳鱼石斧图陶缸 | 彩陶八角星纹豆 | 挥扇仕女图 | 昭陵六骏 | 晉侯穌編鐘 | 景雲鐘 | 曾侯乙墓外棺 | 曾侯乙编钟 | 曾侯乙青铜尊盘 | 朱然墓出土漆木屐 | 朱然墓出土贵族生活图漆盘 | 杀人祭柱场面贮贝器 | 步辇图 | 水晶杯 | 河姆渡出土朱漆碗 | 河姆渡出土陶灶 | 涅槃變相碑 | 淅川出土铜禁 | 淳化大鼎 | 清明上河圖 | 渔村小雪图 | 游春图 | 滇王之印 | 玉琮王 | 皇后之玺 | 直裾素紗襌衣 | 石鼓 (先秦) | 神兽纹玉樽 | 禁止出境展览文物 | 竹林七賢與榮啟期 | 红地对人兽树纹罽袍 | 红山文化女神像 | 红山文化玉龙 | 舞马衔杯仿皮囊式银壶 | 苦笋帖 | 莲鹤方壶 | 虢季子白盘 | 角形玉杯 | 诅盟场面贮贝器 | 识文彩绘盝顶长方形漆奁 | 越王勾践剑 | 趙佶草書千字文 | 逨盘 | 铜奔马 | 铜浮屠 | 铜车马 | 铜错金银四龙四凤方案 | 長信宮燈 | 陶鹰鼎 | 隋白釉龙柄双联传瓶 | 青花釉里红瓷仓 | 青铜神树 | 青铜立人像 | 鞍马出行图 | 韩熙载夜宴图 | 马王堆一号墓木棺椁 | 马王堆一号汉墓帛画 | 马王堆帛书周易 | 高逸图 | 鸭形玻璃注 | 黑漆朱绘六博具 | 齐王墓青铜方镜
游春图,https://zh.wikipedia.org/wiki/%E6%B8%B8%E6%98%A5%E5%9B%BE,游春图，是隋朝画家展子虔创作的绘画作品，绢本，青绿设色，纵43厘米，横80.5厘米。画上有宋徽宗题写的“展子虔游春图”六个字，现存北京故宫博物院。该画描绘人们在春季时踏青的场景，是展子虔传世的唯一作品，也是迄今为止存世中国最古的画卷。,可能有不可靠來源的條目 | 禁止出境展览文物 | 自2025年9月可能有不可靠來源的條目 | 自2025年9月缺少注脚的条目,隋,,故宫博物院,纸,,https://upload.wikimedia.org/wikipedia/commons/thumb/a/a9/Stroll_About_InSpring.jpg/250px-Stroll_About_InSpring.jpg,禁止出境展览文物
亚夫方罍,https://zh.wikipedia.org/wiki/%E4%BA%9A%E5%A4%AB%E6%96%B9%E7%BD%8D,"亚方罍是中国商代晚期青铜盛酒器，属于传世极少的大型方形罍，因铭文有“亚”二字得名，现藏于上海博物馆。
亚方罍大致为方体，形态厚重。高53厘米，口沿纵长17.2厘米、横长20.1厘米，质量为29.68千克。颈部直，肩部圆而宽，腹部纵向窄而横向宽，腹部以下逐渐收敛，圈足外撇。器四壁中线及四角都设有宽厚的棱脊，左右肩各有一兽首形耳，下腹正面有一兽首形鋬。
亚方罍的纹饰繁复精细，具有神奇诡秘的气息，属于典型的商朝青铜器风格。由上至下，该器纹饰大致可分为三段。首先是颈部的凤鸟纹和肩部的单角夔龙纹。其次是腹部的三段纹饰。腹部中间是整个青铜器装饰的主纹，为双角耸立、獠牙狰狞的内卷角兽面纹，在兽面纹的角上还有...",上海博物馆藏品 | 中文銘文 | 含有未收錄漢字的條目 | 商朝青铜器 | 罍,,,,,,,
挥扇仕女图,https://zh.wikipedia.org/wiki/%E6%8C%A5%E6%89%87%E4%BB%95%E5%A5%B3%E5%9B%BE,挥扇仕女图，唐朝画家周昉创作的一幅国画，绢本设色，横204.8厘米，纵33.7厘米，引首为清高宗题“猗兰清画”四字，还有韩世能等人的藏印。此图描绘了13位妃嫔和宫女。全幅以横向排列的形式展示了人物的各种活动：扇扇子、休息、抽琴、画妆、做工、刺绣等，其画面高低错落的层次变化，使得画面结构井然有序，被认为是唐代最为杰出的画作之一。,唐朝绘画作品 | 禁止出境展览文物,,,,纸,,,“五星出东方利中国”护膊 | 㝬簋 | 七孔玉刀 | 三星堆出土玉边璋 | 三星堆金杖 | 中山王铁足铜鼎 | 五代耀州窑青釉刻花提梁倒流壶 | 五牛圖 | 人物御龙帛画 | 人物龙凤帛画 | 人面鱼纹彩陶盆 | 伯矩鬲 | 何尊 | 八重宝函 | 兽首玛瑙杯 | 凤冠 (定陵) | 刘胜金缕玉衣 | 利簋 | 勘书图 | 北宋刻本《范仲淹文集》 | 卓歇图 | 双鸟朝阳纹牙雕 | 史墙盘 | 吉祥遍至口合本续 | 后母戊鼎 | 唐长沙窑青釉褐彩贴花人物纹壶 | 商周太阳神鸟金饰 | 四羊方尊 | 夏景山口待渡图 | 大克鼎 | 大玉戈 | 大盂鼎 | 大禾方鼎 | 大秦景教流行中国碑 | 天亡簋 | 太保鼎 | 子龙鼎 | 岳麓秦简 | 嵌绿松石象牙杯 | 常阳太尊石像 | 平复帖 | 張好好詩 | 彩漆木雕小座屏 | 彩绘人物故事漆屏 | 彩绘鹳鱼石斧图陶缸 | 彩陶八角星纹豆 | 昭陵六骏 | 晉侯穌編鐘 | 景雲鐘 | 曾侯乙墓外棺 | 曾侯乙编钟 | 曾侯乙青铜尊盘 | 朱然墓出土漆木屐 | 朱然墓出土贵族生活图漆盘 | 杀人祭柱场面贮贝器 | 步辇图 | 水晶杯 | 河姆渡出土朱漆碗 | 河姆渡出土陶灶 | 涅槃變相碑 | 淅川出土铜禁 | 淳化大鼎 | 清明上河圖 | 渔村小雪图 | 游春图 | 滇王之印 | 玉琮王 | 皇后之玺 | 直裾素紗襌衣 | 石鼓 (先秦) | 神兽纹玉樽 | 禁止出境展览文物 | 竹林七賢與榮啟期 | 红地对人兽树纹罽袍 | 红山文化女神像 | 红山文化玉龙 | 舞马衔杯仿皮囊式银壶 | 苦笋帖 | 莲鹤方壶 | 虢季子白盘 | 角形玉杯 | 诅盟场面贮贝器 | 识文彩绘盝顶长方形漆奁 | 越王勾践剑 | 趙佶草書千字文 | 逨盘 | 鑄客銅鼎 | 铜奔马 | 铜浮屠 | 铜车马 | 铜错金银四龙四凤方案 | 長信宮燈 | 陶鹰鼎 | 隋白釉龙柄双联传瓶 | 青花釉里红瓷仓 | 青铜神树 | 青铜立人像 | 鞍马出行图 | 韩熙载夜宴图 | 马王堆一号墓木棺椁 | 马王堆一号汉墓帛画 | 马王堆帛书周易 | 高逸图 | 鸭形玻璃注 | 黑漆朱绘六博具 | 齐王墓青铜方镜
虢季子白盘,https://zh.wikipedia.org/wiki/%E8%99%A2%E5%AD%A3%E5%AD%90%E7%99%BD%E7%9B%98,虢（guó）季子白盘，是西周时期的一件大型青铜器，中国国家一级文物，现收藏在中国国家博物馆，与大盂鼎、毛公鼎、散氏盤并称「晚清四大国宝」。,中國國家博物館藏品 | 中文銘文 | 使用了两种注音方式的页面 | 含有注音符號的條目 | 含有漢語拼音的條目,西周,陕西 宝鸡 （ 清 道光 年间）,中国国家博物馆,青铜,,https://upload.wikimedia.org/wikipedia/commons/thumb/3/3a/Guojizibai_pan_01.jpg/250px-Guojizibai_pan_01.jpg,“五星出东方利中国”护膊 | 㝬簋 | 七孔玉刀 | 三星堆出土玉边璋 | 三星堆金杖 | 中山王铁足铜鼎 | 五代耀州窑青釉刻花提梁倒流壶 | 五牛圖 | 人物御龙帛画 | 人物龙凤帛画 | 人面鱼纹彩陶盆 | 伯矩鬲 | 何尊 | 八重宝函 | 兮甲盤 | 兽首玛瑙杯 | 凤冠 (定陵) | 刘胜金缕玉衣 | 利簋 | 勘书图 | 北宋刻本《范仲淹文集》 | 卓歇图 | 双鸟朝阳纹牙雕 | 史墙盘 | 吉祥遍至口合本续 | 后母戊鼎 | 唐长沙窑青釉褐彩贴花人物纹壶 | 商周太阳神鸟金饰 | 四羊方尊 | 夏景山口待渡图 | 大克鼎 | 大玉戈 | 大盂鼎 | 大禾方鼎 | 大秦景教流行中国碑 | 天亡簋 | 太保鼎 | 子龙鼎 | 岳麓秦简 | 嵌绿松石象牙杯 | 常阳太尊石像 | 平复帖 | 張好好詩 | 彩漆木雕小座屏 | 彩绘人物故事漆屏 | 彩绘鹳鱼石斧图陶缸 | 彩陶八角星纹豆 | 挥扇仕女图 | 散氏盤 | 昭陵六骏 | 晉侯穌編鐘 | 景雲鐘 | 曾侯乙墓外棺 | 曾侯乙编钟 | 曾侯乙青铜尊盘 | 朱然墓出土漆木屐 | 朱然墓出土贵族生活图漆盘 | 杀人祭柱场面贮贝器 | 步辇图 | 毛公鼎 | 水晶杯 | 河姆渡出土朱漆碗 | 河姆渡出土陶灶 | 涅槃變相碑 | 淅川出土铜禁 | 淳化大鼎 | 清明上河圖 | 渔村小雪图 | 游春图 | 滇王之印 | 玉琮王 | 皇后之玺 | 直裾素紗襌衣 | 石鼓 (先秦) | 神兽纹玉樽 | 禁止出境展览文物 | 竹林七賢與榮啟期 | 红地对人兽树纹罽袍 | 红山文化女神像 | 红山文化玉龙 | 舞马衔杯仿皮囊式银壶 | 苦笋帖 | 莲鹤方壶 | 角形玉杯 | 诅盟场面贮贝器 | 识文彩绘盝顶长方形漆奁 | 越王勾践剑 | 趙佶草書千字文 | 逨盘 | 鑄客銅鼎 | 铜奔马 | 铜浮屠 | 铜车马 | 铜错金银四龙四凤方案 | 長信宮燈 | 陶鹰鼎 | 隋白釉龙柄双联传瓶 | 青花釉里红瓷仓 | 青铜神树 | 青铜立人像 | 鞍马出行图 | 韩熙载夜宴图 | 马王堆一号墓木棺椁 | 马王堆一号汉墓帛画 | 马王堆帛书周易 | 高逸图 | 鸭形玻璃注 | 黑漆朱绘六博具 | 齐王墓青铜方镜
铜车马,https://zh.wikipedia.org/wiki/%E9%93%9C%E8%BD%A6%E9%A9%AC,"铜车马，1980年出土于陕西省临潼秦始皇陵封土西侧。出土後藏於秦始皇兵马俑博物馆。2021年5月，铜车马二号车搬遷至秦始皇帝陵銅車馬博物館。
铜车马共两乘，出土時已碎裂。经考古人員复原，比例为真实车马的二分之一，均为双轮、单辕、前驾四马结构，所不同者为车的造型与功能。
铜车马一号车，名“立车”，又叫“戎车”、“高车”，车舆右侧置一面盾牌，车舆前挂有一件铜弩和铜镞。车上立一圆伞，伞下站立一名高91厘米的铜御官俑。铜车马二号车是四马鞍车，呈凸字形，分前、后二室，车舆上有穹窿形的椭圆形盖子，前室为御手所居，内跽坐一御官俑，后室为主人所居。",禁止出境展览文物 | 秦始皇陵 | 西安文物 | 青铜车马,秦,陕西省 临潼区 秦始皇陵 （1980年）,秦始皇兵马俑博物馆,铜,,https://upload.wikimedia.org/wikipedia/commons/thumb/e/e7/RIMG0073.jpg/250px-RIMG0073.jpg,“五星出东方利中国”护膊 | 㝬簋 | 七孔玉刀 | 三星堆出土玉边璋 | 三星堆金杖 | 中山王铁足铜鼎 | 五代耀州窑青釉刻花提梁倒流壶 | 五牛圖 | 人物御龙帛画 | 人物龙凤帛画 | 人面鱼纹彩陶盆 | 伯矩鬲 | 何尊 | 八重宝函 | 兽首玛瑙杯 | 凤冠 (定陵) | 刘胜金缕玉衣 | 利簋 | 勘书图 | 北宋刻本《范仲淹文集》 | 卓歇图 | 双鸟朝阳纹牙雕 | 史墙盘 | 吉祥遍至口合本续 | 后母戊鼎 | 唐长沙窑青釉褐彩贴花人物纹壶 | 商周十供 | 商周太阳神鸟金饰 | 四羊方尊 | 夏景山口待渡图 | 大克鼎 | 大玉戈 | 大理国银鎏金镶珠金翅鸟 | 大盂鼎 | 大禾方鼎 | 大秦景教流行中国碑 | 天亡簋 | 太保鼎 | 妇好鸮尊 | 子龙鼎 | 岳麓秦简 | 嵌绿松石象牙杯 | 常阳太尊石像 | 平复帖 | 張好好詩 | 彩漆木雕小座屏 | 彩绘人物故事漆屏 | 彩绘鹳鱼石斧图陶缸 | 彩陶八角星纹豆 | 挥扇仕女图 | 昭陵六骏 | 晉侯穌編鐘 | 景雲鐘 | 曾侯乙墓外棺 | 曾侯乙编钟 | 曾侯乙青铜尊盘 | 朱然墓出土漆木屐 | 朱然墓出土贵族生活图漆盘 | 杀人祭柱场面贮贝器 | 步辇图 | 水晶杯 | 河姆渡出土朱漆碗 | 河姆渡出土陶灶 | 涅槃變相碑 | 淅川出土铜禁 | 淳化大鼎 | 清明上河圖 | 渔村小雪图 | 游春图 | 滇王之印 | 玉琮王 | 皇后之玺 | 皿方罍 | 直裾素紗襌衣 | 石鼓 (先秦) | 神兽纹玉樽 | 禁止出境展览文物 | 竹林七賢與榮啟期 | 红地对人兽树纹罽袍 | 红山文化女神像 | 红山文化玉龙 | 聂耳小提琴 | 舞马衔杯仿皮囊式银壶 | 苦笋帖 | 莲鹤方壶 | 虢季子白盘 | 角形玉杯 | 诅盟场面贮贝器 | 识文彩绘盝顶长方形漆奁 | 越王勾践剑 | 趙佶草書千字文 | 逨盘 | 鑄客銅鼎 | 铜奔马 | 铜浮屠 | 铜错金银四龙四凤方案 | 長信宮燈 | 陶鹰鼎 | 隋白釉龙柄双联传瓶 | 青花釉里红瓷仓 | 青铜神树 | 青铜立人像 | 鞍马出行图 | 韩熙载夜宴图 | 马王堆一号墓木棺椁 | 马王堆一号汉墓帛画 | 马王堆帛书周易 | 高逸图 | 鸭形玻璃注 | 黑漆朱绘六博具 | 齐王墓青铜方镜
红地对人兽树纹罽袍,https://zh.wikipedia.org/wiki/%E7%BA%A2%E5%9C%B0%E5%AF%B9%E4%BA%BA%E5%85%BD%E6%A0%91%E7%BA%B9%E7%BD%BD%E8%A2%8D,红地对人兽树纹罽（jì）袍是一件东汉晚期双层两面纹毛织物。现藏新疆维吾尔自治区文物考古研究所。红地对人兽树纹罽袍1995年出土于营盘古城及古墓群15号墓，是一具被稱為「營盤美男」的印歐人種木乃伊所穿衣物。,东汉陪葬文物 | 使用了两种注音方式的页面 | 含有注音符號的條目 | 含有漢語拼音的條目 | 尉犁县,汉,新疆维吾尔自治区 尉犁县 （1995年）,新疆维吾尔自治区文物考古研究所,丝,,https://upload.wikimedia.org/wikipedia/commons/thumb/a/a4/Red%2C20191110%2Cby_Pu_Feng.jpg/250px-Red%2C20191110%2Cby_Pu_Feng.jpg,“五星出东方利中国”护膊 | 㝬簋 | 七孔玉刀 | 三星堆出土玉边璋 | 三星堆金杖 | 中山王铁足铜鼎 | 五代耀州窑青釉刻花提梁倒流壶 | 五牛圖 | 人物御龙帛画 | 人物龙凤帛画 | 人面鱼纹彩陶盆 | 伯矩鬲 | 何尊 | 八重宝函 | 兽首玛瑙杯 | 凤冠 (定陵) | 刘胜金缕玉衣 | 利簋 | 勘书图 | 北宋刻本《范仲淹文集》 | 卓歇图 | 双鸟朝阳纹牙雕 | 史墙盘 | 吉祥遍至口合本续 | 后母戊鼎 | 唐长沙窑青釉褐彩贴花人物纹壶 | 商周太阳神鸟金饰 | 四羊方尊 | 夏景山口待渡图 | 大克鼎 | 大玉戈 | 大盂鼎 | 大禾方鼎 | 大秦景教流行中国碑 | 天亡簋 | 太保鼎 | 子龙鼎 | 岳麓秦简 | 嵌绿松石象牙杯 | 常阳太尊石像 | 平复帖 | 張好好詩 | 彩漆木雕小座屏 | 彩绘人物故事漆屏 | 彩绘鹳鱼石斧图陶缸 | 彩陶八角星纹豆 | 挥扇仕女图 | 昭陵六骏 | 晉侯穌編鐘 | 景雲鐘 | 曾侯乙墓外棺 | 曾侯乙编钟 | 曾侯乙青铜尊盘 | 朱然墓出土漆木屐 | 朱然墓出土贵族生活图漆盘 | 杀人祭柱场面贮贝器 | 步辇图 | 水晶杯 | 河姆渡出土朱漆碗 | 河姆渡出土陶灶 | 涅槃變相碑 | 淅川出土铜禁 | 淳化大鼎 | 清明上河圖 | 渔村小雪图 | 游春图 | 滇王之印 | 玉琮王 | 皇后之玺 | 直裾素紗襌衣 | 石鼓 (先秦) | 神兽纹玉樽 | 禁止出境展览文物 | 竹林七賢與榮啟期 | 红山文化女神像 | 红山文化玉龙 | 舞马衔杯仿皮囊式银壶 | 苦笋帖 | 莲鹤方壶 | 虢季子白盘 | 角形玉杯 | 诅盟场面贮贝器 | 识文彩绘盝顶长方形漆奁 | 越王勾践剑 | 趙佶草書千字文 | 逨盘 | 鑄客銅鼎 | 铜奔马 | 铜浮屠 | 铜车马 | 铜错金银四龙四凤方案 | 長信宮燈 | 陶鹰鼎 | 隋白釉龙柄双联传瓶 | 青花釉里红瓷仓 | 青铜神树 | 青铜立人像 | 鞍马出行图 | 韩熙载夜宴图 | 马王堆一号墓木棺椁 | 马王堆一号汉墓帛画 | 马王堆帛书周易 | 高逸图 | 鸭形玻璃注 | 黑漆朱绘六博具 | 齐王墓青铜方镜
小臣艅犀尊,https://zh.wikipedia.org/wiki/%E5%B0%8F%E8%87%A3%E8%89%85%E7%8A%80%E5%B0%8A,小臣艅（yú）犀尊，或称小臣艅尊，中国商代晚期青铜器，清代道光（一说咸丰）年间出土于山东省兗沂曹濟道兗州府寿张县梁山，“梁山七器”之一。该器整体作双角犀牛形，内底有27字铭文，记录的是商王征伐夷方时，赏赐小臣艅若干贝币，因而艅制作了这件器物来纪念。该器出土后流入美国，曾是国际奥委会主席艾弗里·布伦戴奇的收藏品，现藏于美国旧金山亚洲艺术博物馆。,CS1英语来源 (en) | 中文銘文 | 使用ISBN魔术链接的页面 | 使用了两种注音方式的页面 | 含有注音符號的條目,,,,,,,四羊方尊 | 大禾方鼎 | 梁山七器
卡蒙多象尊,https://zh.wikipedia.org/wiki/%E5%8D%A1%E8%92%99%E5%A4%9A%E8%B1%A1%E5%B0%8A,卡蒙多象尊（法語：Éléphant Camondo），又称殷商象形尊、青铜象尊、象尊，商朝青铜象形鸟兽尊，现藏于法国巴黎吉美国立亚洲艺术博物馆。,CS1法语来源 (fr) | 吉美博物馆藏品 | 含有法語的條目 | 商朝青铜器 | 湖南文物,,,,,,https://upload.wikimedia.org/wikipedia/commons/thumb/7/75/Elephant-shaped_zun._Late_Shang._Mus%C3%A9e_Guimet.jpg/250px-Elephant-shaped_zun._Late_Shang._Mus%C3%A9e_Guimet.jpg,
步辇图,https://zh.wikipedia.org/wiki/%E6%AD%A5%E8%BE%87%E5%9B%BE,"《步辇（niǎn）图》傳為唐朝画家阎立本的作品之一，描繪贞观十四年（640年），吐蕃贊普松赞干布派使者禄东赞到长安通聘朝见唐太宗时的场景。
现存画作為設色絹本，高38.5公分，寬129公分，被认为是宋朝摹本，現存于北京故宫博物院。1972年，《步辇图》在故宫博物院“修复计划”中被改动，故宫博物院的11位专家为这一行为签字作保。但此次改动，引起争议。",中國十大傳世名畫 | 使用了三种注音方式的页面 | 含有注音符號的條目 | 含有漢語拼音的條目 | 唐太宗主角題材作品,唐,,故宫博物院,纸,,https://upload.wikimedia.org/wikipedia/commons/thumb/1/1b/Nuvola_apps_kaboodle.svg/20px-Nuvola_apps_kaboodle.svg.png,“五星出东方利中国”护膊 | 㝬簋 | 七孔玉刀 | 三星堆出土玉边璋 | 三星堆金杖 | 中山王铁足铜鼎 | 五代耀州窑青釉刻花提梁倒流壶 | 五牛圖 | 人物御龙帛画 | 人物龙凤帛画 | 人面鱼纹彩陶盆 | 伯矩鬲 | 何尊 | 八重宝函 | 兽首玛瑙杯 | 凤冠 (定陵) | 刘胜金缕玉衣 | 利簋 | 勘书图 | 北宋刻本《范仲淹文集》 | 卓歇图 | 双鸟朝阳纹牙雕 | 史墙盘 | 吉祥遍至口合本续 | 后母戊鼎 | 唐长沙窑青釉褐彩贴花人物纹壶 | 商周太阳神鸟金饰 | 四羊方尊 | 夏景山口待渡图 | 大克鼎 | 大玉戈 | 大盂鼎 | 大禾方鼎 | 大秦景教流行中国碑 | 天亡簋 | 太保鼎 | 子龙鼎 | 岳麓秦简 | 嵌绿松石象牙杯 | 常阳太尊石像 | 平复帖 | 張好好詩 | 彩漆木雕小座屏 | 彩绘人物故事漆屏 | 彩绘鹳鱼石斧图陶缸 | 彩陶八角星纹豆 | 挥扇仕女图 | 昭陵六骏 | 晉侯穌編鐘 | 景雲鐘 | 曾侯乙墓外棺 | 曾侯乙编钟 | 曾侯乙青铜尊盘 | 朱然墓出土漆木屐 | 朱然墓出土贵族生活图漆盘 | 杀人祭柱场面贮贝器 | 水晶杯 | 河姆渡出土朱漆碗 | 河姆渡出土陶灶 | 涅槃變相碑 | 淅川出土铜禁 | 淳化大鼎 | 清明上河圖 | 渔村小雪图 | 游春图 | 滇王之印 | 玉琮王 | 皇后之玺 | 直裾素紗襌衣 | 石鼓 (先秦) | 神兽纹玉樽 | 禁止出境展览文物 | 竹林七賢與榮啟期 | 红地对人兽树纹罽袍 | 红山文化女神像 | 红山文化玉龙 | 舞马衔杯仿皮囊式银壶 | 苦笋帖 | 莲鹤方壶 | 虢季子白盘 | 角形玉杯 | 诅盟场面贮贝器 | 识文彩绘盝顶长方形漆奁 | 越王勾践剑 | 趙佶草書千字文 | 逨盘 | 鑄客銅鼎 | 铜奔马 | 铜浮屠 | 铜车马 | 铜错金银四龙四凤方案 | 長信宮燈 | 陶鹰鼎 | 隋白釉龙柄双联传瓶 | 青花釉里红瓷仓 | 青铜神树 | 青铜立人像 | 鞍马出行图 | 韩熙载夜宴图 | 马王堆一号墓木棺椁 | 马王堆一号汉墓帛画 | 马王堆帛书周易 | 高逸图 | 鸭形玻璃注 | 黑漆朱绘六博具 | 齐王墓青铜方镜
皇后之玺,https://zh.wikipedia.org/wiki/%E7%9A%87%E5%90%8E%E4%B9%8B%E7%8E%BA,"皇后之玺是一块用新疆和田羊脂玉雕刻的印章。印章高2厘米，边长2.8厘米，重33克。上部雕刻一只螭虎，底部刻有“皇后之玺”四个篆体字。
1968年9月，由13岁的少年孔忠良在咸阳的某处渠边发现，后上交陕西省博物馆（今西安碑林博物馆）。现陈列于陕西历史博物馆。2013年8月19日，皇后之玺列入国家文物局发布的《第三批禁止出境展览文物目录》，属玉器，编号6。
又因它的出土地点距汉高祖和皇后吕雉合葬墓东侧有一千米，由此推测它很可能是吕后生前所用的印章。“皇后之玺”是迄今发现唯一的汉代皇后玉玺，对研究秦汉帝后玺印制度有着十分重要的意义。",中国玉印章 | 中文銘文 | 呂雉 | 咸阳文物 | 渭城区,西汉,陕西 咸阳 汉高祖长陵附近发现,陕西历史博物馆,玉,,https://upload.wikimedia.org/wikipedia/commons/thumb/5/59/%E2%80%9C%E7%9A%87%E5%90%8E%E4%B9%8B%E7%8E%BA%E2%80%9D%E7%8E%89%E5%8D%B0%E4%B8%8A%E9%83%A8%2C_2015-09-22.jpg/250px-%E2%80%9C%E7%9A%87%E5%90%8E%E4%B9%8B%E7%8E%BA%E2%80%9D%E7%8E%89%E5%8D%B0%E4%B8%8A%E9%83%A8%2C_2015-09-22.jpg,“五星出东方利中国”护膊 | 㝬簋 | 七孔玉刀 | 三星堆出土玉边璋 | 三星堆金杖 | 中山王铁足铜鼎 | 五代耀州窑青釉刻花提梁倒流壶 | 五牛圖 | 人物御龙帛画 | 人物龙凤帛画 | 人面鱼纹彩陶盆 | 伯矩鬲 | 何尊 | 八重宝函 | 兽首玛瑙杯 | 凤冠 (定陵) | 刘胜金缕玉衣 | 利簋 | 勘书图 | 北宋刻本《范仲淹文集》 | 卓歇图 | 双鸟朝阳纹牙雕 | 史墙盘 | 吉祥遍至口合本续 | 后母戊鼎 | 唐长沙窑青釉褐彩贴花人物纹壶 | 商周太阳神鸟金饰 | 四羊方尊 | 夏景山口待渡图 | 大克鼎 | 大玉戈 | 大盂鼎 | 大禾方鼎 | 大秦景教流行中国碑 | 天亡簋 | 太保鼎 | 子龙鼎 | 岳麓秦简 | 嵌绿松石象牙杯 | 常阳太尊石像 | 平复帖 | 張好好詩 | 彩漆木雕小座屏 | 彩绘人物故事漆屏 | 彩绘鹳鱼石斧图陶缸 | 彩陶八角星纹豆 | 挥扇仕女图 | 昭陵六骏 | 晉侯穌編鐘 | 景雲鐘 | 曾侯乙墓外棺 | 曾侯乙编钟 | 曾侯乙青铜尊盘 | 朱然墓出土漆木屐 | 朱然墓出土贵族生活图漆盘 | 杀人祭柱场面贮贝器 | 步辇图 | 水晶杯 | 汉归义羌长印 | 河姆渡出土朱漆碗 | 河姆渡出土陶灶 | 涅槃變相碑 | 淅川出土铜禁 | 淳化大鼎 | 清明上河圖 | 渔村小雪图 | 游春图 | 滇王之印 | 玉琮王 | 直裾素紗襌衣 | 石鼓 (先秦) | 神兽纹玉樽 | 禁止出境展览文物 | 竹林七賢與榮啟期 | 红地对人兽树纹罽袍 | 红山文化女神像 | 红山文化玉龙 | 舞马衔杯仿皮囊式银壶 | 苦笋帖 | 莲鹤方壶 | 虢季子白盘 | 角形玉杯 | 诅盟场面贮贝器 | 识文彩绘盝顶长方形漆奁 | 越王勾践剑 | 趙佶草書千字文 | 逨盘 | 鑄客銅鼎 | 铜奔马 | 铜浮屠 | 铜车马 | 铜错金银四龙四凤方案 | 長信宮燈 | 陶鹰鼎 | 隋白釉龙柄双联传瓶 | 青花釉里红瓷仓 | 青铜神树 | 青铜立人像 | 鞍马出行图 | 韩熙载夜宴图 | 马王堆一号墓木棺椁 | 马王堆一号汉墓帛画 | 马王堆帛书周易 | 高逸图 | 鸭形玻璃注 | 黑漆朱绘六博具 | 齐王墓青铜方镜
铜浮屠,https://zh.wikipedia.org/wiki/%E9%93%9C%E6%B5%AE%E5%B1%A0,铜浮屠，又称鎏金浮屠，中国唐代文物，国家一级文物，1987年出土于陕西省宝鸡市扶风县法门寺地宫。浮屠通高53.5厘米、座宽28.5厘米、刹高23.5厘米，重7.4千克。铜质，为铸造成型，原通体鎏金，出土时鎏金不多已脱落。该器由宝刹、浮屠、月台、基座组成。塔内放有一具银棺，棺内供有一枚玉质佛指舍利。2002年1月18日，被国家文物局收录进《首批禁止出国（境）展览文物目录》，属于禁止出境展览文物。现藏于法门寺博物馆，存于法门寺内的法门珍宝馆。,唐朝文物 | 宝鸡文物 | 禁止出境展览文物,,,,铜,,,“五星出东方利中国”护膊 | 㝬簋 | 七孔玉刀 | 三星堆出土玉边璋 | 三星堆金杖 | 中山王铁足铜鼎 | 五代耀州窑青釉刻花提梁倒流壶 | 五牛圖 | 人物御龙帛画 | 人物龙凤帛画 | 人面鱼纹彩陶盆 | 伯矩鬲 | 何尊 | 八重宝函 | 兽首玛瑙杯 | 凤冠 (定陵) | 刘胜金缕玉衣 | 利簋 | 勘书图 | 北宋刻本《范仲淹文集》 | 卓歇图 | 双鸟朝阳纹牙雕 | 史墙盘 | 吉祥遍至口合本续 | 后母戊鼎 | 唐长沙窑青釉褐彩贴花人物纹壶 | 商周太阳神鸟金饰 | 四羊方尊 | 夏景山口待渡图 | 大克鼎 | 大玉戈 | 大盂鼎 | 大禾方鼎 | 大秦景教流行中国碑 | 天亡簋 | 太保鼎 | 子龙鼎 | 岳麓秦简 | 嵌绿松石象牙杯 | 常阳太尊石像 | 平复帖 | 張好好詩 | 彩漆木雕小座屏 | 彩绘人物故事漆屏 | 彩绘鹳鱼石斧图陶缸 | 彩陶八角星纹豆 | 挥扇仕女图 | 昭陵六骏 | 晉侯穌編鐘 | 景雲鐘 | 曾侯乙墓外棺 | 曾侯乙编钟 | 曾侯乙青铜尊盘 | 朱然墓出土漆木屐 | 朱然墓出土贵族生活图漆盘 | 杀人祭柱场面贮贝器 | 步辇图 | 水晶杯 | 河姆渡出土朱漆碗 | 河姆渡出土陶灶 | 涅槃變相碑 | 淅川出土铜禁 | 淳化大鼎 | 清明上河圖 | 渔村小雪图 | 游春图 | 滇王之印 | 玉琮王 | 皇后之玺 | 直裾素紗襌衣 | 石鼓 (先秦) | 神兽纹玉樽 | 禁止出境展览文物 | 竹林七賢與榮啟期 | 红地对人兽树纹罽袍 | 红山文化女神像 | 红山文化玉龙 | 舞马衔杯仿皮囊式银壶 | 苦笋帖 | 莲鹤方壶 | 虢季子白盘 | 角形玉杯 | 诅盟场面贮贝器 | 识文彩绘盝顶长方形漆奁 | 越王勾践剑 | 趙佶草書千字文 | 逨盘 | 鑄客銅鼎 | 铜奔马 | 铜车马 | 铜错金银四龙四凤方案 | 長信宮燈 | 陶鹰鼎 | 隋白釉龙柄双联传瓶 | 青花釉里红瓷仓 | 青铜神树 | 青铜立人像 | 鞍马出行图 | 韩熙载夜宴图 | 马王堆一号墓木棺椁 | 马王堆一号汉墓帛画 | 马王堆帛书周易 | 高逸图 | 鸭形玻璃注 | 黑漆朱绘六博具 | 齐王墓青铜方镜
八牛贮贝器,https://zh.wikipedia.org/wiki/%E5%85%AB%E7%89%9B%E8%B4%AE%E8%B4%9D%E5%99%A8,八牛贮贝器，是西汉时期滇国青铜器，此贮贝器属于礼器，现藏于上海博物馆。,上海博物馆藏品 | 中国一级文物 | 引文格式1错误：日期 | 石寨山古墓群 | 贮贝器,,,,,,,杀人祭柱场面贮贝器 | 诅盟场面贮贝器
梁其鼎,https://zh.wikipedia.org/wiki/%E6%A2%81%E5%85%B6%E9%BC%8E,梁其鼎是西周晚期的青銅器。1940年在陝西岐山任家村（今屬陝西扶風）出土，為梁其器組之一。現在藏於陝西省歷史博物館。,中文銘文 | 扶風縣 | 西周青铜器 | 鼎,,,,,,,
钱镠铁券,https://zh.wikipedia.org/wiki/%E9%92%B1%E9%95%A0%E9%93%81%E5%88%B8,"钱镠铁券，又称钱王铁券，是中国现存丹書鐵券实物中年代最早的一个，现藏于中国国家博物馆，为一级文物。
因平定軍閥董昌有功，唐昭宗于乾宁四年（897年）八月赐钱镠丹书铁券。其后一千年，均由钱镠后人收藏，有“七登天子之庭，一藏深山，三沉深水”之说。钱缪后人——清代钱泳在其著《履园丛话·丛话二·阅古》中，对铁丹形制、历史有详细描述。形如瓦，高今裁尺九寸，阔一尺四寸六分，厚一分五厘，重一百三十二两，熔铁而成，镂金其上。文二十四行，行十四字，共计三百四十二字。清朝道光时剥蚀者已十之三四。",890年代中国政治 | 897年 | 中国一级文物 | 中国古代政府文件 | 中國國家博物館藏品,,,,铁,,,一级文物
德方鼎,https://zh.wikipedia.org/wiki/%E5%BE%B7%E6%96%B9%E9%BC%8E,德方鼎，西周早期，中国国宝级青铜器，现收藏于上海博物馆。该鼎铭文24字，为中国的文字演化史提供了资料，对历史学、考古学和文字学的研究具有极高的价值。,上海博物馆藏品 | 中文銘文 | 西周青铜器 | 鼎,,,,,,,
大元肃州路也可达鲁花赤世袭之碑,https://zh.wikipedia.org/wiki/%E5%A4%A7%E5%85%83%E8%82%83%E5%B7%9E%E8%B7%AF%E4%B9%9F%E5%8F%AF%E8%BE%BE%E9%B2%81%E8%8A%B1%E8%B5%A4%E4%B8%96%E8%A2%AD%E4%B9%8B%E7%A2%91,大元肃州路也可达鲁花赤世袭之碑（简称：肃州碑）是1943年在甘肃酒泉被发现的的元代汉文、回鹘文石刻。现存于酒泉市肃州区博物馆，国家一级文物。,中国一级文物 | 中文銘文 | 使用抬升式引用的條目 | 元朝文物 | 突厥语铭文,元,,,石,,,
石鼓 (先秦),https://zh.wikipedia.org/wiki/%E7%9F%B3%E9%BC%93_(%E5%85%88%E7%A7%A6),石鼓也叫“陈仓石碣”、“岐阳石鼓”，是十座刻有文字的石墩，刻于先秦时期，627年发现于今陕西省宝鸡市的荒野，现保存在北京故宫博物院石鼓馆（位于珍宝馆内）。由于鼓身上刻凿的文字珍贵，是中国现存最早的石刻文字，历代都极受重视。根据鼓身上的文字分别命名为：乍原、而師、馬薦、吾水、吴人、吾車、汧沔、田車、鑾車、霝雨。,中文銘文 | 先秦文物 | 宝鸡文物 | 故宫博物院藏品 | 禁止出境展览文物,,,,,,,“五星出东方利中国”护膊 | 㝬簋 | 七孔玉刀 | 三星堆出土玉边璋 | 三星堆金杖 | 中山王铁足铜鼎 | 五代耀州窑青釉刻花提梁倒流壶 | 五牛圖 | 人物御龙帛画 | 人物龙凤帛画 | 人面鱼纹彩陶盆 | 伯矩鬲 | 何尊 | 八重宝函 | 兽首玛瑙杯 | 凤冠 (定陵) | 刘胜金缕玉衣 | 利簋 | 勘书图 | 北宋刻本《范仲淹文集》 | 卓歇图 | 双鸟朝阳纹牙雕 | 史墙盘 | 吉祥遍至口合本续 | 后母戊鼎 | 唐长沙窑青釉褐彩贴花人物纹壶 | 商周十供 | 商周太阳神鸟金饰 | 四羊方尊 | 夏景山口待渡图 | 大克鼎 | 大玉戈 | 大理国银鎏金镶珠金翅鸟 | 大盂鼎 | 大禾方鼎 | 大秦景教流行中国碑 | 天亡簋 | 太保鼎 | 妇好鸮尊 | 子龙鼎 | 岳麓秦简 | 嵌绿松石象牙杯 | 常阳太尊石像 | 平复帖 | 張好好詩 | 彩漆木雕小座屏 | 彩绘人物故事漆屏 | 彩绘鹳鱼石斧图陶缸 | 彩陶八角星纹豆 | 挥扇仕女图 | 昭陵六骏 | 晉侯穌編鐘 | 景雲鐘 | 曾侯乙墓外棺 | 曾侯乙编钟 | 曾侯乙青铜尊盘 | 朱然墓出土漆木屐 | 朱然墓出土贵族生活图漆盘 | 杀人祭柱场面贮贝器 | 步辇图 | 水晶杯 | 河姆渡出土朱漆碗 | 河姆渡出土陶灶 | 涅槃變相碑 | 淅川出土铜禁 | 淳化大鼎 | 清明上河圖 | 渔村小雪图 | 游春图 | 滇王之印 | 玉琮王 | 皇后之玺 | 皿方罍 | 直裾素紗襌衣 | 神兽纹玉樽 | 禁止出境展览文物 | 竹林七賢與榮啟期 | 红地对人兽树纹罽袍 | 红山文化女神像 | 红山文化玉龙 | 聂耳小提琴 | 舞马衔杯仿皮囊式银壶 | 苦笋帖 | 莲鹤方壶 | 虢季子白盘 | 角形玉杯 | 诅盟场面贮贝器 | 识文彩绘盝顶长方形漆奁 | 越王勾践剑 | 趙佶草書千字文 | 逨盘 | 鑄客銅鼎 | 铜奔马 | 铜浮屠 | 铜车马 | 铜错金银四龙四凤方案 | 長信宮燈 | 陶鹰鼎 | 隋白釉龙柄双联传瓶 | 青花釉里红瓷仓 | 青铜神树 | 青铜立人像 | 鞍马出行图 | 韩熙载夜宴图 | 马王堆一号墓木棺椁 | 马王堆一号汉墓帛画 | 马王堆帛书周易 | 高逸图 | 鸭形玻璃注 | 黑漆朱绘六博具 | 齐王墓青铜方镜
吊人铜矛,https://zh.wikipedia.org/wiki/%E5%90%8A%E4%BA%BA%E9%93%9C%E7%9F%9B,吊人铜矛，是西汉中期仪仗兵器。是滇国青铜器的代表作，现为云南省博物馆藏。,中国一级文物 | 云南省博物馆藏品 | 引文格式1错误：日期 | 昆明文物 | 晋宁区,,,,铜,,,
祖形铜铲,https://zh.wikipedia.org/wiki/%E7%A5%96%E5%BD%A2%E9%93%9C%E9%93%B2,祖形铜铲，是春秋战国时期滇国的一个铜铲农具，现藏于云南省博物馆。,中国一级文物 | 中国陪葬品 | 云南省博物馆藏品 | 引文格式1错误：日期 | 战国文物,,,,铜,,,
越王勾践剑,https://zh.wikipedia.org/wiki/%E8%B6%8A%E7%8E%8B%E5%8B%BE%E8%B7%B5%E5%89%91,越王勾践剑是春秋时代末年的锡青铜劍，为越王勾践所使用。於1965年12月在湖北省江陵县望山1號楚墓出土，1999年中华人民共和国国庆日後藏于湖北省博物馆。位列2013年颁布的第三批禁止出境展览文物目录。,1965年考古发现 | CS1英语来源 (en) | 中國劍 | 中文銘文 | 拒绝当选首页新条目推荐栏目的条目,春秋,湖北 江陵 望山1號楚墓（1965年）,湖北省博物馆,,,https://upload.wikimedia.org/wikipedia/commons/thumb/1/12/20230208_Bronze_sword_used_by_King_Goujian_of_Yue_02.jpg/250px-20230208_Bronze_sword_used_by_King_Goujian_of_Yue_02.jpg,“五星出东方利中国”护膊 | 㝬簋 | 七孔玉刀 | 三星堆出土玉边璋 | 三星堆金杖 | 中山王铁足铜鼎 | 五代耀州窑青釉刻花提梁倒流壶 | 五牛圖 | 人物御龙帛画 | 人物龙凤帛画 | 人面鱼纹彩陶盆 | 伯矩鬲 | 何尊 | 八重宝函 | 兽首玛瑙杯 | 凤冠 (定陵) | 刘胜金缕玉衣 | 利簋 | 勘书图 | 北宋刻本《范仲淹文集》 | 卓歇图 | 双鸟朝阳纹牙雕 | 史墙盘 | 吉祥遍至口合本续 | 后母戊鼎 | 唐长沙窑青釉褐彩贴花人物纹壶 | 商周十供 | 商周太阳神鸟金饰 | 四羊方尊 | 夏景山口待渡图 | 大克鼎 | 大玉戈 | 大理国银鎏金镶珠金翅鸟 | 大盂鼎 | 大禾方鼎 | 大秦景教流行中国碑 | 天亡簋 | 太保鼎 | 妇好鸮尊 | 子龙鼎 | 岳麓秦简 | 嵌绿松石象牙杯 | 常阳太尊石像 | 平复帖 | 張好好詩 | 彩漆木雕小座屏 | 彩绘人物故事漆屏 | 彩绘鹳鱼石斧图陶缸 | 彩陶八角星纹豆 | 挥扇仕女图 | 昭陵六骏 | 晉侯穌編鐘 | 景雲鐘 | 曾侯乙墓外棺 | 曾侯乙编钟 | 曾侯乙青铜尊盘 | 朱然墓出土漆木屐 | 朱然墓出土贵族生活图漆盘 | 杀人祭柱场面贮贝器 | 步辇图 | 水晶杯 | 河姆渡出土朱漆碗 | 河姆渡出土陶灶 | 涅槃變相碑 | 淅川出土铜禁 | 淳化大鼎 | 清明上河圖 | 渔村小雪图 | 游春图 | 滇王之印 | 玉琮王 | 皇后之玺 | 皿方罍 | 直裾素紗襌衣 | 石鼓 (先秦) | 神兽纹玉樽 | 禁止出境展览文物 | 竹林七賢與榮啟期 | 红地对人兽树纹罽袍 | 红山文化女神像 | 红山文化玉龙 | 聂耳小提琴 | 舞马衔杯仿皮囊式银壶 | 苦笋帖 | 莲鹤方壶 | 虢季子白盘 | 角形玉杯 | 诅盟场面贮贝器 | 识文彩绘盝顶长方形漆奁 | 越王者旨於睗剑 | 趙佶草書千字文 | 逨盘 | 鑄客銅鼎 | 铜奔马 | 铜浮屠 | 铜车马 | 铜错金银四龙四凤方案 | 長信宮燈 | 陶鹰鼎 | 隋白釉龙柄双联传瓶 | 青花釉里红瓷仓 | 青铜神树 | 青铜立人像 | 鞍马出行图 | 韩熙载夜宴图 | 马王堆一号墓木棺椁 | 马王堆一号汉墓帛画 | 马王堆帛书周易 | 高逸图 | 鸭形玻璃注 | 黑漆朱绘六博具 | 齐王墓青铜方镜
卓歇图,https://zh.wikipedia.org/wiki/%E5%8D%93%E6%AD%87%E5%9B%BE,卓歇图，为五代时期画家胡瓌创作的一幅绢本设色画，纵33cm，横256cm，现收藏于北京故宫博物院。该图旧传为五代契丹画家胡瓌作，据画中大多数人物髡顶、脑后垂双辫的发式和方顶黑巾等特点，符合金代女真人的风俗，故极可能出自金代汉人画家之作。,五代十国绘画作品 | 禁止出境展览文物,五代十国,,故宫博物院,,,,禁止出境展览文物
解放号炮艇,https://zh.wikipedia.org/wiki/%E8%A7%A3%E6%94%BE%E5%8F%B7%E7%82%AE%E8%89%87,解放号炮艇，是中国人民解放军广东军区（第十五兵团兼）江防司令部（中南军区海军前身）海防艇大队的一艘小炮艇，参加了1950年5月25日万山群岛战役的垃圾尾海战，现作为功勋艇、国家一级文物陈列于青岛市中国人民解放军海军博物馆。,中国一级文物 | 中国人民解放军海军博物馆藏品 | 中国人民解放军海军炮艇 | 使用过时图像语法的页面,,,,,17.1米; 4.37米,https://upload.wikimedia.org/wikipedia/commons/thumb/c/c3/Naval_Ensign_of_China.svg/40px-Naval_Ensign_of_China.svg.png,
姑苏繁华图,https://zh.wikipedia.org/wiki/%E5%A7%91%E8%8B%8F%E7%B9%81%E5%8D%8E%E5%9B%BE,"《姑苏繁华图》，又称《盛世滋生图》，是清代画家徐扬所绘反映苏州城繁华盛况的画作，繪製於公元1759年，目前藏于辽宁省博物馆，属于国家一级文物。徐扬总共花费了24年时间才画成此图，全长1225厘米，宽35.8厘米。

現時在深圳地鐵2號綫后海站及香蜜站站廳展示複製品。",中国一级文物 | 引文格式1维护：日期与年 | 清朝国画作品 | 清朝背景作品 | 石渠宝笈著录作品,,,,,,,
趙佶草書千字文,https://zh.wikipedia.org/wiki/%E8%B6%99%E4%BD%B6%E8%8D%89%E6%9B%B8%E5%8D%83%E5%AD%97%E6%96%87,趙佶《草書千字文》卷，趙佶是宋徽宗的姓名，傳《草書千字文》書寫於宋徽宗宣和四年（1122年）。此卷高31.5公分，寬1172公分，紙本，以描金雲龍箋書寫，紙長三丈多，無一接縫，文末鈐「御書」印一枚，花押「天下一人」，現由遼寧省博物館收藏。,使用ISBN魔术链接的页面 | 北宋书法作品 | 宋徽宗作品 | 条目有永久失效的外部链接 | 石渠宝笈著录作品,北宋,,辽宁省博物馆,,,,“五星出东方利中国”护膊 | 㝬簋 | 七孔玉刀 | 三星堆出土玉边璋 | 三星堆金杖 | 中山王铁足铜鼎 | 五代耀州窑青釉刻花提梁倒流壶 | 五牛圖 | 人物御龙帛画 | 人物龙凤帛画 | 人面鱼纹彩陶盆 | 伯矩鬲 | 何尊 | 八重宝函 | 兽首玛瑙杯 | 凤冠 (定陵) | 刘胜金缕玉衣 | 利簋 | 勘书图 | 北宋刻本《范仲淹文集》 | 卓歇图 | 双鸟朝阳纹牙雕 | 史墙盘 | 吉祥遍至口合本续 | 后母戊鼎 | 唐长沙窑青釉褐彩贴花人物纹壶 | 商周太阳神鸟金饰 | 四羊方尊 | 夏景山口待渡图 | 大克鼎 | 大玉戈 | 大盂鼎 | 大禾方鼎 | 大秦景教流行中国碑 | 天亡簋 | 太保鼎 | 子龙鼎 | 岳麓秦简 | 嵌绿松石象牙杯 | 常阳太尊石像 | 平复帖 | 張好好詩 | 彩漆木雕小座屏 | 彩绘人物故事漆屏 | 彩绘鹳鱼石斧图陶缸 | 彩陶八角星纹豆 | 挥扇仕女图 | 昭陵六骏 | 晉侯穌編鐘 | 景雲鐘 | 曾侯乙墓外棺 | 曾侯乙编钟 | 曾侯乙青铜尊盘 | 朱然墓出土漆木屐 | 朱然墓出土贵族生活图漆盘 | 杀人祭柱场面贮贝器 | 步辇图 | 水晶杯 | 河姆渡出土朱漆碗 | 河姆渡出土陶灶 | 涅槃變相碑 | 淅川出土铜禁 | 淳化大鼎 | 清明上河圖 | 渔村小雪图 | 游春图 | 滇王之印 | 玉琮王 | 皇后之玺 | 直裾素紗襌衣 | 石鼓 (先秦) | 神兽纹玉樽 | 禁止出境展览文物 | 竹林七賢與榮啟期 | 红地对人兽树纹罽袍 | 红山文化女神像 | 红山文化玉龙 | 舞马衔杯仿皮囊式银壶 | 苦笋帖 | 莲鹤方壶 | 虢季子白盘 | 角形玉杯 | 诅盟场面贮贝器 | 识文彩绘盝顶长方形漆奁 | 越王勾践剑 | 逨盘 | 鑄客銅鼎 | 铜奔马 | 铜浮屠 | 铜车马 | 铜错金银四龙四凤方案 | 長信宮燈 | 陶鹰鼎 | 隋白釉龙柄双联传瓶 | 青花釉里红瓷仓 | 青铜神树 | 青铜立人像 | 鞍马出行图 | 韩熙载夜宴图 | 马王堆一号墓木棺椁 | 马王堆一号汉墓帛画 | 马王堆帛书周易 | 高逸图 | 鸭形玻璃注 | 黑漆朱绘六博具 | 齐王墓青铜方镜
越王者旨於睗剑,https://zh.wikipedia.org/wiki/%E8%B6%8A%E7%8E%8B%E8%80%85%E6%97%A8%E6%96%BC%E7%9D%97%E5%89%91,越王者（zhū）旨（jī）於（yú）睗（shì）剑，是春秋时期越国君主者旨於睗时期铸造的铜剑。者旨於睗虽在位仅六年，但曾大量铸造铜剑；由于历史悠久及工艺精湛，此类越王剑从多个方面反映出吴越地区的青铜冶炼及铸造技术。目前留世数量说法不一，包括中国国家博物馆、故宫博物院、上海博物馆、浙江省博物馆、荆州市博物馆、安徽寿县博物馆、苏州博物馆等博物馆均有收藏。,上海博物馆藏品 | 中国一级文物 | 中國國家博物館藏品 | 中文銘文 | 使用了两种注音方式的页面,,,,,,,越王勾践剑 | 越王者旨於睗剑 (浙江省博物馆藏)
醴陵象尊,https://zh.wikipedia.org/wiki/%E9%86%B4%E9%99%B5%E8%B1%A1%E5%B0%8A,醴陵象尊，又称象尊、铜象尊、商代象尊，商朝象形青铜鸟兽尊，1975年湖南醴陵狮形山出土，现藏于湖南博物院。,商朝青铜器 | 株洲文物 | 湖南省博物馆藏品 | 象尊 | 醴陵市,,,,,,https://upload.wikimedia.org/wikipedia/commons/thumb/0/00/Shang_Bronze_Elephant_Zun_%2810111914466%29.jpg/250px-Shang_Bronze_Elephant_Zun_%2810111914466%29.jpg,商夔纹象尊
毛公鼎,https://zh.wikipedia.org/wiki/%E6%AF%9B%E5%85%AC%E9%BC%8E,毛公鼎，是西周宣王年間（前828年－前782年）毛公后代、宣王的叔父毛公瘖为纪念宣王对自己的任命以及告诫所鑄造的青銅鼎，腹內刻有500字金文冊命書，字數為舉世銘文青銅器中最多。是西周散文代表作，其書法也是金文中最高等級，故有「抵得一篇《尚書》」、晚清「四大國寶」、海內「青銅三寶」、民間「故宮三寶」之譽。現收藏於臺北國立故宮博物院，被列為中華民國國寶。,中文銘文 | 其他需要專家關注的頁面 | 含有缺少网址的网站引用的页面 | 國立故宮博物院儀禮器物 | 國立故宮博物院國寶類藏品,,,台北故宫博物院,,53.8 cm × 27.2 cm × 47.0 cm（21.2英寸 × 10.7英寸 × 18.5英寸）,https://upload.wikimedia.org/wikipedia/commons/thumb/e/e2/Ding_cauldron_of_Duke_Mao.jpg/250px-Ding_cauldron_of_Duke_Mao.jpg,大克鼎 | 大盂鼎 | 散氏盤 | 虢季子白盘
青花釉里红瓷仓,https://zh.wikipedia.org/wiki/%E9%9D%92%E8%8A%B1%E9%87%89%E9%87%8C%E7%BA%A2%E7%93%B7%E4%BB%93,青花釉里红瓷仓，又称红釉堆塑楼阁式仓，是元代瓷器珍品，造型别致，屬于随葬明器，青花釉里红瓷器物本已非常罕见，這種楼阁式瓷仓且有明确纪年的樣式，迄今僅此一件。1974年出土於江西省景德镇，1979年9月，丰城县文化馆在江西省文物商店协助下征集得到，现藏江西省博物馆。,元朝瓷器 | 景德镇文物 | 景德镇瓷器 | 江西省博物館藏品 | 禁止出境展览文物,元,江西省 景德镇 （1974年）,江西省博物馆,瓷,,,“五星出东方利中国”护膊 | 㝬簋 | 七孔玉刀 | 三星堆出土玉边璋 | 三星堆金杖 | 中山王铁足铜鼎 | 五代耀州窑青釉刻花提梁倒流壶 | 五牛圖 | 人物御龙帛画 | 人物龙凤帛画 | 人面鱼纹彩陶盆 | 伯矩鬲 | 何尊 | 八重宝函 | 兽首玛瑙杯 | 凤冠 (定陵) | 刘胜金缕玉衣 | 利簋 | 勘书图 | 北宋刻本《范仲淹文集》 | 卓歇图 | 双鸟朝阳纹牙雕 | 史墙盘 | 吉祥遍至口合本续 | 后母戊鼎 | 唐长沙窑青釉褐彩贴花人物纹壶 | 商周太阳神鸟金饰 | 四羊方尊 | 夏景山口待渡图 | 大克鼎 | 大玉戈 | 大盂鼎 | 大禾方鼎 | 大秦景教流行中国碑 | 天亡簋 | 太保鼎 | 子龙鼎 | 岳麓秦简 | 嵌绿松石象牙杯 | 常阳太尊石像 | 平复帖 | 張好好詩 | 彩漆木雕小座屏 | 彩绘人物故事漆屏 | 彩绘鹳鱼石斧图陶缸 | 彩陶八角星纹豆 | 挥扇仕女图 | 昭陵六骏 | 晉侯穌編鐘 | 景雲鐘 | 曾侯乙墓外棺 | 曾侯乙编钟 | 曾侯乙青铜尊盘 | 朱然墓出土漆木屐 | 朱然墓出土贵族生活图漆盘 | 杀人祭柱场面贮贝器 | 步辇图 | 水晶杯 | 河姆渡出土朱漆碗 | 河姆渡出土陶灶 | 涅槃變相碑 | 淅川出土铜禁 | 淳化大鼎 | 清明上河圖 | 渔村小雪图 | 游春图 | 滇王之印 | 玉琮王 | 皇后之玺 | 直裾素紗襌衣 | 石鼓 (先秦) | 神兽纹玉樽 | 禁止出境展览文物 | 竹林七賢與榮啟期 | 红地对人兽树纹罽袍 | 红山文化女神像 | 红山文化玉龙 | 舞马衔杯仿皮囊式银壶 | 苦笋帖 | 莲鹤方壶 | 虢季子白盘 | 角形玉杯 | 诅盟场面贮贝器 | 识文彩绘盝顶长方形漆奁 | 越王勾践剑 | 趙佶草書千字文 | 逨盘 | 鑄客銅鼎 | 铜奔马 | 铜浮屠 | 铜车马 | 铜错金银四龙四凤方案 | 長信宮燈 | 陶鹰鼎 | 隋白釉龙柄双联传瓶 | 青铜神树 | 青铜立人像 | 鞍马出行图 | 韩熙载夜宴图 | 马王堆一号墓木棺椁 | 马王堆一号汉墓帛画 | 马王堆帛书周易 | 高逸图 | 鸭形玻璃注 | 黑漆朱绘六博具 | 齐王墓青铜方镜
曾侯乙编钟,https://zh.wikipedia.org/wiki/%E6%9B%BE%E4%BE%AF%E4%B9%99%E7%BC%96%E9%92%9F,曾侯乙编钟是1978年在湖北省随县（今随州市）曾侯乙墓中出土的一套编钟，属于国家一级文物及首批禁止出境展览文物，现藏于湖北省博物馆。曾侯乙編鐘是迄今已發現的古代編鐘中數量最多、規模最大、保存最好、音律最全、音域最廣的樂器，證明在春秋战国时期（公元前5世紀），中國已經有七聲音階及絕對音高的概念，表明周代的文化與科技已達到很高的水準。,1978年考古发现 | 中国青铜钟 | 中文銘文 | 战国青铜器 | 拒绝当选首页新条目推荐栏目的条目,战国,中國 湖北省 随县 （1978年）,湖北省博物馆,,,https://upload.wikimedia.org/wikipedia/commons/thumb/7/7f/20230208_Chime_bells_of_Marquis_Yi_of_Zeng.jpg/330px-20230208_Chime_bells_of_Marquis_Yi_of_Zeng.jpg,“五星出东方利中国”护膊 | 㝬簋 | 七孔玉刀 | 三星堆出土玉边璋 | 三星堆金杖 | 中山王铁足铜鼎 | 五代耀州窑青釉刻花提梁倒流壶 | 五牛圖 | 人物御龙帛画 | 人物龙凤帛画 | 人面鱼纹彩陶盆 | 伯矩鬲 | 何尊 | 八重宝函 | 兽首玛瑙杯 | 凤冠 (定陵) | 刘胜金缕玉衣 | 利簋 | 勘书图 | 北宋刻本《范仲淹文集》 | 卓歇图 | 双鸟朝阳纹牙雕 | 史墙盘 | 吉祥遍至口合本续 | 后母戊鼎 | 唐长沙窑青釉褐彩贴花人物纹壶 | 商周十供 | 商周太阳神鸟金饰 | 四羊方尊 | 夏景山口待渡图 | 大克鼎 | 大玉戈 | 大理国银鎏金镶珠金翅鸟 | 大盂鼎 | 大禾方鼎 | 大秦景教流行中国碑 | 天亡簋 | 太保鼎 | 妇好鸮尊 | 子龙鼎 | 岳麓秦简 | 嵌绿松石象牙杯 | 常阳太尊石像 | 平复帖 | 張好好詩 | 彩漆木雕小座屏 | 彩绘人物故事漆屏 | 彩绘鹳鱼石斧图陶缸 | 彩陶八角星纹豆 | 挥扇仕女图 | 昭陵六骏 | 晉侯穌編鐘 | 景雲鐘 | 曾侯乙墓外棺 | 曾侯乙青铜尊盘 | 朱然墓出土漆木屐 | 朱然墓出土贵族生活图漆盘 | 杀人祭柱场面贮贝器 | 步辇图 | 水晶杯 | 河姆渡出土朱漆碗 | 河姆渡出土陶灶 | 涅槃變相碑 | 淅川出土铜禁 | 淳化大鼎 | 清明上河圖 | 渔村小雪图 | 游春图 | 滇王之印 | 玉琮王 | 皇后之玺 | 皿方罍 | 直裾素紗襌衣 | 石鼓 (先秦) | 神兽纹玉樽 | 禁止出境展览文物 | 竹林七賢與榮啟期 | 红地对人兽树纹罽袍 | 红山文化女神像 | 红山文化玉龙 | 聂耳小提琴 | 舞马衔杯仿皮囊式银壶 | 苦笋帖 | 莲鹤方壶 | 虢季子白盘 | 角形玉杯 | 诅盟场面贮贝器 | 识文彩绘盝顶长方形漆奁 | 越王勾践剑 | 趙佶草書千字文 | 逨盘 | 鑄客銅鼎 | 铜奔马 | 铜浮屠 | 铜车马 | 铜错金银四龙四凤方案 | 長信宮燈 | 陶鹰鼎 | 隋白釉龙柄双联传瓶 | 青花釉里红瓷仓 | 青铜神树 | 青铜立人像 | 鞍马出行图 | 韩熙载夜宴图 | 马王堆一号墓木棺椁 | 马王堆一号汉墓帛画 | 马王堆帛书周易 | 高逸图 | 鸭形玻璃注 | 黑漆朱绘六博具 | 齐王墓青铜方镜
马王堆一号汉墓帛画,https://zh.wikipedia.org/wiki/%E9%A9%AC%E7%8E%8B%E5%A0%86%E4%B8%80%E5%8F%B7%E6%B1%89%E5%A2%93%E5%B8%9B%E7%94%BB,马王堆一号汉墓帛画是中華人民共和國禁止出国（境）展览文物之一，1972年出土於湖南省长沙市东郊东屯渡乡（今芙蓉区马王堆街道），是马王堆汉墓的眾多隨葬品之一。現藏湖南省博物馆。,1972年考古发现 | 含有英語的條目 | 帛画 | 引文格式1错误：已知参数被忽略 | 汉朝绘画作品,西汉,湖南省 长沙市 （1972年）,湖南博物院,,,https://upload.wikimedia.org/wikipedia/commons/thumb/2/2b/Mawangdui_silk_banner_from_tomb_no1.jpg/250px-Mawangdui_silk_banner_from_tomb_no1.jpg,“五星出东方利中国”护膊 | 㝬簋 | 七孔玉刀 | 三星堆出土玉边璋 | 三星堆金杖 | 中山王铁足铜鼎 | 五代耀州窑青釉刻花提梁倒流壶 | 五牛圖 | 人物御龙帛画 | 人物龙凤帛画 | 人面鱼纹彩陶盆 | 伯矩鬲 | 何尊 | 八重宝函 | 兽首玛瑙杯 | 凤冠 (定陵) | 刘胜金缕玉衣 | 利簋 | 勘书图 | 北宋刻本《范仲淹文集》 | 卓歇图 | 双鸟朝阳纹牙雕 | 史墙盘 | 吉祥遍至口合本续 | 后母戊鼎 | 唐长沙窑青釉褐彩贴花人物纹壶 | 商周十供 | 商周太阳神鸟金饰 | 四羊方尊 | 夏景山口待渡图 | 大克鼎 | 大玉戈 | 大理国银鎏金镶珠金翅鸟 | 大盂鼎 | 大禾方鼎 | 大秦景教流行中国碑 | 天亡簋 | 太保鼎 | 妇好鸮尊 | 子龙鼎 | 岳麓秦简 | 嵌绿松石象牙杯 | 常阳太尊石像 | 平复帖 | 張好好詩 | 彩漆木雕小座屏 | 彩绘人物故事漆屏 | 彩绘鹳鱼石斧图陶缸 | 彩陶八角星纹豆 | 挥扇仕女图 | 昭陵六骏 | 晉侯穌編鐘 | 景雲鐘 | 曾侯乙墓外棺 | 曾侯乙编钟 | 曾侯乙青铜尊盘 | 朱然墓出土漆木屐 | 朱然墓出土贵族生活图漆盘 | 杀人祭柱场面贮贝器 | 步辇图 | 水晶杯 | 河姆渡出土朱漆碗 | 河姆渡出土陶灶 | 涅槃變相碑 | 淅川出土铜禁 | 淳化大鼎 | 清明上河圖 | 渔村小雪图 | 游春图 | 滇王之印 | 玉琮王 | 皇后之玺 | 皿方罍 | 直裾素紗襌衣 | 石鼓 (先秦) | 神兽纹玉樽 | 禁止出境展览文物 | 竹林七賢與榮啟期 | 红地对人兽树纹罽袍 | 红山文化女神像 | 红山文化玉龙 | 聂耳小提琴 | 舞马衔杯仿皮囊式银壶 | 苦笋帖 | 莲鹤方壶 | 虢季子白盘 | 角形玉杯 | 诅盟场面贮贝器 | 识文彩绘盝顶长方形漆奁 | 越王勾践剑 | 趙佶草書千字文 | 逨盘 | 鑄客銅鼎 | 铜奔马 | 铜浮屠 | 铜车马 | 铜错金银四龙四凤方案 | 長信宮燈 | 陶鹰鼎 | 隋白釉龙柄双联传瓶 | 青花釉里红瓷仓 | 青铜神树 | 青铜立人像 | 鞍马出行图 | 韩熙载夜宴图 | 马王堆一号墓木棺椁 | 马王堆帛书周易 | 高逸图 | 鸭形玻璃注 | 黑漆朱绘六博具 | 齐王墓青铜方镜
小克鼎,https://zh.wikipedia.org/wiki/%E5%B0%8F%E5%85%8B%E9%BC%8E,"膳夫克鼎，为与大克鼎区别而被称为小克鼎。1890年与大克鼎等文物一同在陕西省扶风县法门寺出土，西周文物。圆鼎，高35.4cm，宽33.6cm，重12.54kg。双立耳，三只蹄形足。壁铸铭文8行72字如下：

 
唯王二十又三年九月，王
在宗周，王命膳夫克舍
命于成周，遹正八师之
年，克作朕皇祖季
宝宗彝。克其日用朕
辟鲁休，用介康×、纯祐、
眉寿、永命、灵终。万年
无疆，克其子子孙孙永宝用。

共有七件同型的小克鼎，分别藏于上海博物馆、北京故宫博物院、天津博物馆、南京大学、日本的书道博物馆、黑川文化研究所和美国的芝加哥美术馆。


== 资料来源 ==",中文銘文 | 宝鸡文物 | 扶風縣 | 拒绝当选首页新条目推荐栏目的条目 | 自2009年5月扩充中的条目,,,,,,,大克鼎
皿方罍,https://zh.wikipedia.org/wiki/%E7%9A%BF%E6%96%B9%E7%BD%8D,皿方罍（léi）（又名皿天全方罍、皿天全方彝（yí））是中國商代晚期製作的青銅方罍，取罍內銘文首字而得名。1922年出土於湖南省桃源縣漆家河，現藏於湖南省博物館。是迄今為止出土的方罍中最大、最精美的一件，被稱為「方罍之王」。,中文銘文 | 使用了两种注音方式的页面 | 其他需要專家關注的頁面 | 含有注音符號的條目 | 含有漢語拼音的條目,商,,,,,https://upload.wikimedia.org/wikipedia/commons/thumb/1/19/Min_Er_Quan_Bronze_Square_Lei%2C_Shang_dynasty%2C_Hunan_Museum%2C_picture3.jpg/250px-Min_Er_Quan_Bronze_Square_Lei%2C_Shang_dynasty%2C_Hunan_Museum%2C_picture3.jpg,“五星出东方利中国”护膊 | 三星堆金杖 | 商周十供 | 大克鼎 | 大理国银鎏金镶珠金翅鸟 | 妇好鸮尊 | 彩绘人物故事漆屏 | 昭陵六骏 | 曾侯乙编钟 | 淅川出土铜禁 | 玉琮王 | 石鼓 (先秦) | 聂耳小提琴 | 越王勾践剑 | 铜奔马 | 铜车马 | 铜错金银四龙四凤方案 | 長信宮燈 | 青铜神树 | 马王堆一号汉墓帛画
甲簋,https://zh.wikipedia.org/wiki/%E7%94%B2%E7%B0%8B,甲簋，为西周早期的青铜器，属于礼器，现藏于上海博物馆。,上海博物馆藏品 | 中国一级文物 | 中文銘文 | 引文格式1错误：日期 | 簋,,,,,,,母癸甗
舞铙,https://zh.wikipedia.org/wiki/%E8%88%9E%E9%93%99,舞铙，是一类商朝时期的青铜乐器文物，现藏于山西博物院。,中国一级文物 | 商朝青铜器 | 山西博物院藏品 | 引文格式1错误：日期 | 方国,,,,,,,
小盂鼎,https://zh.wikipedia.org/wiki/%E5%B0%8F%E7%9B%82%E9%BC%8E,小盂鼎，也称廿五祀盂鼎，是中国西周时期的青铜鼎，现已佚失，仅存铭文拓本。小盂鼎与大盂鼎一同在清道光初年发现于陕西岐山县礼村，即现称之周原遗址所在地。,1849年考古发现 | 中文銘文 | 含有連結內容需訂閱查看的頁面 | 宝鸡文物 | 岐山县,西周,,,,,https://upload.wikimedia.org/wikipedia/commons/thumb/b/bf/Xiao_Yu_ding.jpg/250px-Xiao_Yu_ding.jpg,大盂鼎
四羊首瓿,https://zh.wikipedia.org/wiki/%E5%9B%9B%E7%BE%8A%E9%A6%96%E7%93%BF,四羊首瓿，是一件周身盛饰多种花纹的商朝青铜器，藏于上海博物馆，出土信息不详。,上海博物馆藏品 | 中国一级文物 | 引文格式1错误：日期,,,,,,,
黑漆朱绘六博具,https://zh.wikipedia.org/wiki/%E9%BB%91%E6%BC%86%E6%9C%B1%E7%BB%98%E5%85%AD%E5%8D%9A%E5%85%B7,"黑漆朱绘六博具是中華人民共和國禁止出国（境）展览文物之一，1973年出土於湖南省长沙市东郊东屯渡乡（今芙蓉区马王堆街道），是马王堆汉墓三号墓的随葬品，現藏于湖南博物院。
六博是先秦时流行、汉时尤盛的一种赌输赢的游戏。",使用了两种注音方式的页面 | 含有注音符號的條目 | 含有漢語拼音的條目 | 湖南省博物馆藏品 | 禁止出境展览文物,西汉,湖南省 长沙市 （1973年）,湖南博物院,,,https://upload.wikimedia.org/wikipedia/commons/thumb/f/f3/%E9%BB%91%E6%BC%86%E6%9C%B1%E7%BB%98%E5%85%AD%E5%8D%9A%E5%85%B7%2C_2018-09-28.jpg/330px-%E9%BB%91%E6%BC%86%E6%9C%B1%E7%BB%98%E5%85%AD%E5%8D%9A%E5%85%B7%2C_2018-09-28.jpg,“五星出东方利中国”护膊 | 㝬簋 | 七孔玉刀 | 三星堆出土玉边璋 | 三星堆金杖 | 中山王铁足铜鼎 | 五代耀州窑青釉刻花提梁倒流壶 | 五牛圖 | 人物御龙帛画 | 人物龙凤帛画 | 人面鱼纹彩陶盆 | 伯矩鬲 | 何尊 | 八重宝函 | 兽首玛瑙杯 | 凤冠 (定陵) | 刘胜金缕玉衣 | 利簋 | 勘书图 | 北宋刻本《范仲淹文集》 | 卓歇图 | 双鸟朝阳纹牙雕 | 史墙盘 | 吉祥遍至口合本续 | 后母戊鼎 | 唐长沙窑青釉褐彩贴花人物纹壶 | 商周太阳神鸟金饰 | 四羊方尊 | 夏景山口待渡图 | 大克鼎 | 大玉戈 | 大盂鼎 | 大禾方鼎 | 大秦景教流行中国碑 | 天亡簋 | 太保鼎 | 子龙鼎 | 岳麓秦简 | 嵌绿松石象牙杯 | 常阳太尊石像 | 平复帖 | 張好好詩 | 彩漆木雕小座屏 | 彩绘人物故事漆屏 | 彩绘鹳鱼石斧图陶缸 | 彩陶八角星纹豆 | 挥扇仕女图 | 昭陵六骏 | 晉侯穌編鐘 | 景雲鐘 | 曾侯乙墓外棺 | 曾侯乙编钟 | 曾侯乙青铜尊盘 | 朱然墓出土漆木屐 | 朱然墓出土贵族生活图漆盘 | 杀人祭柱场面贮贝器 | 步辇图 | 水晶杯 | 河姆渡出土朱漆碗 | 河姆渡出土陶灶 | 涅槃變相碑 | 淅川出土铜禁 | 淳化大鼎 | 清明上河圖 | 渔村小雪图 | 游春图 | 滇王之印 | 玉琮王 | 皇后之玺 | 直裾素紗襌衣 | 石鼓 (先秦) | 神兽纹玉樽 | 禁止出境展览文物 | 竹林七賢與榮啟期 | 红地对人兽树纹罽袍 | 红山文化女神像 | 红山文化玉龙 | 舞马衔杯仿皮囊式银壶 | 苦笋帖 | 莲鹤方壶 | 虢季子白盘 | 角形玉杯 | 诅盟场面贮贝器 | 识文彩绘盝顶长方形漆奁 | 越王勾践剑 | 趙佶草書千字文 | 逨盘 | 鑄客銅鼎 | 铜奔马 | 铜浮屠 | 铜车马 | 铜错金银四龙四凤方案 | 長信宮燈 | 陶鹰鼎 | 隋白釉龙柄双联传瓶 | 青花釉里红瓷仓 | 青铜神树 | 青铜立人像 | 鞍马出行图 | 韩熙载夜宴图 | 马王堆一号墓木棺椁 | 马王堆一号汉墓帛画 | 马王堆帛书周易 | 高逸图 | 鸭形玻璃注 | 齐王墓青铜方镜
四人一牛铜啄,https://zh.wikipedia.org/wiki/%E5%9B%9B%E4%BA%BA%E4%B8%80%E7%89%9B%E9%93%9C%E5%95%84,四人一牛铜啄，是西汉时期滇国青铜器的代表作，现为云南省博物馆藏。,中国一级文物 | 云南省博物馆藏品 | 引文格式1错误：日期 | 昆明文物 | 晋宁区,,,,,,,
舞马衔杯仿皮囊式银壶,https://zh.wikipedia.org/wiki/%E8%88%9E%E9%A9%AC%E8%A1%94%E6%9D%AF%E4%BB%BF%E7%9A%AE%E5%9B%8A%E5%BC%8F%E9%93%B6%E5%A3%B6,舞马衔杯仿皮囊式银壶，唐代文物。1970年10月出土于陕西省西安市南郊的何家村唐代窖藏。现藏陕西历史博物馆。,1970年考古发现 | 中国银器 | 唐朝文物 | 壺 | 禁止出境展览文物,唐,陕西省 西安市 （1970年）,陕西历史博物馆,,,https://upload.wikimedia.org/wikipedia/commons/thumb/5/5a/Gilt_silver_jar_with_pattern_of_dancing_horses.jpg/250px-Gilt_silver_jar_with_pattern_of_dancing_horses.jpg,“五星出东方利中国”护膊 | 㝬簋 | 七孔玉刀 | 三星堆出土玉边璋 | 三星堆金杖 | 中山王铁足铜鼎 | 五代耀州窑青釉刻花提梁倒流壶 | 五牛圖 | 人物御龙帛画 | 人物龙凤帛画 | 人面鱼纹彩陶盆 | 伯矩鬲 | 何尊 | 八重宝函 | 兽首玛瑙杯 | 凤冠 (定陵) | 刘胜金缕玉衣 | 利簋 | 勘书图 | 北宋刻本《范仲淹文集》 | 卓歇图 | 双鸟朝阳纹牙雕 | 史墙盘 | 吉祥遍至口合本续 | 后母戊鼎 | 唐长沙窑青釉褐彩贴花人物纹壶 | 商周太阳神鸟金饰 | 四羊方尊 | 夏景山口待渡图 | 大克鼎 | 大玉戈 | 大盂鼎 | 大禾方鼎 | 大秦景教流行中国碑 | 天亡簋 | 太保鼎 | 子龙鼎 | 岳麓秦简 | 嵌绿松石象牙杯 | 常阳太尊石像 | 平复帖 | 張好好詩 | 彩漆木雕小座屏 | 彩绘人物故事漆屏 | 彩绘鹳鱼石斧图陶缸 | 彩陶八角星纹豆 | 挥扇仕女图 | 昭陵六骏 | 晉侯穌編鐘 | 景雲鐘 | 曾侯乙墓外棺 | 曾侯乙编钟 | 曾侯乙青铜尊盘 | 朱然墓出土漆木屐 | 朱然墓出土贵族生活图漆盘 | 杀人祭柱场面贮贝器 | 步辇图 | 水晶杯 | 河姆渡出土朱漆碗 | 河姆渡出土陶灶 | 涅槃變相碑 | 淅川出土铜禁 | 淳化大鼎 | 清明上河圖 | 渔村小雪图 | 游春图 | 滇王之印 | 玉琮王 | 皇后之玺 | 直裾素紗襌衣 | 石鼓 (先秦) | 神兽纹玉樽 | 禁止出境展览文物 | 竹林七賢與榮啟期 | 红地对人兽树纹罽袍 | 红山文化女神像 | 红山文化玉龙 | 苦笋帖 | 莲鹤方壶 | 虢季子白盘 | 角形玉杯 | 诅盟场面贮贝器 | 识文彩绘盝顶长方形漆奁 | 越王勾践剑 | 趙佶草書千字文 | 逨盘 | 鑄客銅鼎 | 铜奔马 | 铜浮屠 | 铜车马 | 铜错金银四龙四凤方案 | 長信宮燈 | 陶鹰鼎 | 隋白釉龙柄双联传瓶 | 青花釉里红瓷仓 | 青铜神树 | 青铜立人像 | 鞍马出行图 | 韩熙载夜宴图 | 马王堆一号墓木棺椁 | 马王堆一号汉墓帛画 | 马王堆帛书周易 | 高逸图 | 鸭形玻璃注 | 黑漆朱绘六博具 | 齐王墓青铜方镜
银背光金阿嵯耶观音像,https://zh.wikipedia.org/wiki/%E9%93%B6%E8%83%8C%E5%85%89%E9%87%91%E9%98%BF%E5%B5%AF%E8%80%B6%E8%A7%82%E9%9F%B3%E5%83%8F,银背光金阿嵯耶观音像，宋代大理国文物，1978年出土于云南大理崇圣寺主塔千寻塔。观音像约高26厘米，總高29.5厘米，总重1135克，是目前已知以纯金铸造最大的宋代佛像，现藏于云南省博物馆，是一级文物。,中国一级文物 | 云南省博物馆藏品 | 大理市文物 | 宋朝文物 | 觀音像,,,,,,https://upload.wikimedia.org/wikipedia/commons/thumb/b/b4/%E5%A4%A7%E7%90%86%E5%B4%87%E5%9C%A3%E5%AF%BA%E5%8D%83%E5%AF%BB%E5%A1%94%E5%87%BA%E5%9C%9F-%E9%93%B6%E8%83%8C%E5%85%89%E9%87%91%E9%98%BF%E5%B5%AF%E8%80%B6%E8%A7%82%E9%9F%B3%E7%AB%8B%E5%83%8F-%E5%A4%A7%E7%90%86%E5%9B%BD-%E4%BA%91%E5%8D%97%E7%9C%81%E5%8D%9A%E7%89%A9%E9%A6%86_2025-09-18.jpg/250px-%E5%A4%A7%E7%90%86%E5%B4%87%E5%9C%A3%E5%AF%BA%E5%8D%83%E5%AF%BB%E5%A1%94%E5%87%BA%E5%9C%9F-%E9%93%B6%E8%83%8C%E5%85%89%E9%87%91%E9%98%BF%E5%B5%AF%E8%80%B6%E8%A7%82%E9%9F%B3%E7%AB%8B%E5%83%8F-%E5%A4%A7%E7%90%86%E5%9B%BD-%E4%BA%91%E5%8D%97%E7%9C%81%E5%8D%9A%E7%89%A9%E9%A6%86_2025-09-18.jpg,一级文物 | 大理国银鎏金镶珠金翅鸟
铜奔马,https://zh.wikipedia.org/wiki/%E9%93%9C%E5%A5%94%E9%A9%AC,铜奔马，又称马踏飞燕、马踏飞廉等（参见“名称争议”一节），1969年出土于中国甘肃武威雷台古墓的一件东汉青铜器。现藏甘肃省博物馆。“马踏飞燕”的形象被确定为中华人民共和国国家旅游局的识别标志和“中国优秀旅游城市”标志的主体形象，是国家一级文物。,1969年考古发现 | 东汉文物 | 中国动物雕塑 | 含有过时参数的引用的页面 | 拒绝当选首页新条目推荐栏目的条目,东汉,甘肃省 武威市 （1969年）,甘肃省博物馆,,,https://upload.wikimedia.org/wikipedia/commons/thumb/2/25/Gansu_Museum_2007_257.jpg/250px-Gansu_Museum_2007_257.jpg,“五星出东方利中国”护膊 | 㝬簋 | 七孔玉刀 | 三星堆出土玉边璋 | 三星堆金杖 | 中山王铁足铜鼎 | 五代耀州窑青釉刻花提梁倒流壶 | 五牛圖 | 人物御龙帛画 | 人物龙凤帛画 | 人面鱼纹彩陶盆 | 伯矩鬲 | 何尊 | 八重宝函 | 兽首玛瑙杯 | 凤冠 (定陵) | 刘胜金缕玉衣 | 利簋 | 勘书图 | 北宋刻本《范仲淹文集》 | 卓歇图 | 双鸟朝阳纹牙雕 | 史墙盘 | 吉祥遍至口合本续 | 后母戊鼎 | 唐长沙窑青釉褐彩贴花人物纹壶 | 商周太阳神鸟金饰 | 四羊方尊 | 夏景山口待渡图 | 大克鼎 | 大玉戈 | 大盂鼎 | 大禾方鼎 | 大秦景教流行中国碑 | 天亡簋 | 太保鼎 | 子龙鼎 | 岳麓秦简 | 嵌绿松石象牙杯 | 常阳太尊石像 | 平复帖 | 張好好詩 | 彩漆木雕小座屏 | 彩绘人物故事漆屏 | 彩绘鹳鱼石斧图陶缸 | 彩陶八角星纹豆 | 挥扇仕女图 | 昭陵六骏 | 晉侯穌編鐘 | 景雲鐘 | 曾侯乙墓外棺 | 曾侯乙编钟 | 曾侯乙青铜尊盘 | 朱然墓出土漆木屐 | 朱然墓出土贵族生活图漆盘 | 杀人祭柱场面贮贝器 | 步辇图 | 水晶杯 | 河姆渡出土朱漆碗 | 河姆渡出土陶灶 | 涅槃變相碑 | 淅川出土铜禁 | 淳化大鼎 | 清明上河圖 | 渔村小雪图 | 游春图 | 滇王之印 | 玉琮王 | 皇后之玺 | 直裾素紗襌衣 | 石鼓 (先秦) | 神兽纹玉樽 | 禁止出境展览文物 | 竹林七賢與榮啟期 | 红地对人兽树纹罽袍 | 红山文化女神像 | 红山文化玉龙 | 舞马衔杯仿皮囊式银壶 | 苦笋帖 | 莲鹤方壶 | 虢季子白盘 | 角形玉杯 | 诅盟场面贮贝器 | 识文彩绘盝顶长方形漆奁 | 越王勾践剑 | 趙佶草書千字文 | 逨盘 | 鑄客銅鼎 | 铜浮屠 | 铜车马 | 铜错金银四龙四凤方案 | 長信宮燈 | 陶鹰鼎 | 隋白釉龙柄双联传瓶 | 青花釉里红瓷仓 | 青铜神树 | 青铜立人像 | 鞍马出行图 | 韩熙载夜宴图 | 马王堆一号墓木棺椁 | 马王堆一号汉墓帛画 | 马王堆帛书周易 | 高逸图 | 鸭形玻璃注 | 黑漆朱绘六博具 | 齐王墓青铜方镜
長信宮燈,https://zh.wikipedia.org/wiki/%E9%95%B7%E4%BF%A1%E5%AE%AE%E7%87%88,长信宫灯是汉代青铜鎏金灯具之一，前172年铸造。中华人民共和国国家一级文物。由考古学工作者白荣金在1968年对满城汉墓中窦绾墓（今河北省保定市满城区西南约1.5公里的山崖上）的发掘作业中发现。现藏于位于中华人民共和国石家庄市的河北博物院“满城汉墓”展区。,Webarchive模板wayback链接 | 中山靖王刘胜 | 中文銘文 | 保定文物 | 河北博物院藏品,西汉,河北省 保定市 满城区 （1968年）,河北博物院,,,https://upload.wikimedia.org/wikipedia/commons/thumb/a/a2/%E9%95%BF%E4%BF%A1%E5%AE%AB%E7%81%AF%E6%AD%A3%E9%9D%A2%E7%85%A7.jpg/250px-%E9%95%BF%E4%BF%A1%E5%AE%AB%E7%81%AF%E6%AD%A3%E9%9D%A2%E7%85%A7.jpg,“五星出东方利中国”护膊 | 㝬簋 | 七孔玉刀 | 三星堆出土玉边璋 | 三星堆金杖 | 中山王铁足铜鼎 | 五代耀州窑青釉刻花提梁倒流壶 | 五牛圖 | 人物御龙帛画 | 人物龙凤帛画 | 人面鱼纹彩陶盆 | 伯矩鬲 | 何尊 | 八重宝函 | 兽首玛瑙杯 | 凤冠 (定陵) | 刘胜金缕玉衣 | 利簋 | 勘书图 | 北宋刻本《范仲淹文集》 | 卓歇图 | 双鸟朝阳纹牙雕 | 史墙盘 | 吉祥遍至口合本续 | 后母戊鼎 | 唐长沙窑青釉褐彩贴花人物纹壶 | 商周太阳神鸟金饰 | 四羊方尊 | 夏景山口待渡图 | 大克鼎 | 大玉戈 | 大盂鼎 | 大禾方鼎 | 大秦景教流行中国碑 | 天亡簋 | 太保鼎 | 子龙鼎 | 岳麓秦简 | 嵌绿松石象牙杯 | 常阳太尊石像 | 平复帖 | 張好好詩 | 彩漆木雕小座屏 | 彩绘人物故事漆屏 | 彩绘鹳鱼石斧图陶缸 | 彩陶八角星纹豆 | 挥扇仕女图 | 昭陵六骏 | 晉侯穌編鐘 | 景雲鐘 | 曾侯乙墓外棺 | 曾侯乙编钟 | 曾侯乙青铜尊盘 | 朱然墓出土漆木屐 | 朱然墓出土贵族生活图漆盘 | 杀人祭柱场面贮贝器 | 步辇图 | 水晶杯 | 河姆渡出土朱漆碗 | 河姆渡出土陶灶 | 涅槃變相碑 | 淅川出土铜禁 | 淳化大鼎 | 清明上河圖 | 渔村小雪图 | 游春图 | 滇王之印 | 玉琮王 | 皇后之玺 | 直裾素紗襌衣 | 石鼓 (先秦) | 神兽纹玉樽 | 禁止出境展览文物 | 竹林七賢與榮啟期 | 红地对人兽树纹罽袍 | 红山文化女神像 | 红山文化玉龙 | 舞马衔杯仿皮囊式银壶 | 苦笋帖 | 莲鹤方壶 | 虢季子白盘 | 角形玉杯 | 诅盟场面贮贝器 | 识文彩绘盝顶长方形漆奁 | 越王勾践剑 | 趙佶草書千字文 | 逨盘 | 鑄客銅鼎 | 铜奔马 | 铜浮屠 | 铜车马 | 铜错金银四龙四凤方案 | 陶鹰鼎 | 隋白釉龙柄双联传瓶 | 青花釉里红瓷仓 | 青铜神树 | 青铜立人像 | 鞍马出行图 | 韩熙载夜宴图 | 马王堆一号墓木棺椁 | 马王堆一号汉墓帛画 | 马王堆帛书周易 | 高逸图 | 鸭形玻璃注 | 黑漆朱绘六博具 | 齐王墓青铜方镜
刘胜金缕玉衣,https://zh.wikipedia.org/wiki/%E5%88%98%E8%83%9C%E9%87%91%E7%BC%95%E7%8E%89%E8%A1%A3,"刘胜金缕玉衣是西汉文物，1968年出土于满城陵山中山靖王刘胜墓。现藏河北博物院。
金缕玉衣全长1.88米，以金丝编缀岫岩玉片制成。共用玉片2498片，金丝约1100克。分头罩、上衣、手套、裤筒和鞋五部分。上衣所用玉质莹润，呈绿色。下身则为灰白和淡黄色。玉衣头罩下还有鎏金镶玉铜枕。",1968年考古发现 | 中山靖王刘胜 | 保定文物 | 河北博物院藏品 | 满城区,西汉,河北省 保定市 满城区 （1968年）,河北博物院,,,https://upload.wikimedia.org/wikipedia/commons/thumb/6/69/Jade_burial_suit_of_Liu_Sheng.jpg/250px-Jade_burial_suit_of_Liu_Sheng.jpg,“五星出东方利中国”护膊 | 㝬簋 | 七孔玉刀 | 三星堆出土玉边璋 | 三星堆金杖 | 中山王铁足铜鼎 | 五代耀州窑青釉刻花提梁倒流壶 | 五牛圖 | 人物御龙帛画 | 人物龙凤帛画 | 人面鱼纹彩陶盆 | 伯矩鬲 | 何尊 | 八重宝函 | 兽首玛瑙杯 | 凤冠 (定陵) | 利簋 | 勘书图 | 北宋刻本《范仲淹文集》 | 卓歇图 | 双鸟朝阳纹牙雕 | 史墙盘 | 吉祥遍至口合本续 | 后母戊鼎 | 唐长沙窑青釉褐彩贴花人物纹壶 | 商周太阳神鸟金饰 | 四羊方尊 | 夏景山口待渡图 | 大克鼎 | 大玉戈 | 大盂鼎 | 大禾方鼎 | 大秦景教流行中国碑 | 天亡簋 | 太保鼎 | 子龙鼎 | 岳麓秦简 | 嵌绿松石象牙杯 | 常阳太尊石像 | 平复帖 | 張好好詩 | 彩漆木雕小座屏 | 彩绘人物故事漆屏 | 彩绘鹳鱼石斧图陶缸 | 彩陶八角星纹豆 | 挥扇仕女图 | 昭陵六骏 | 晉侯穌編鐘 | 景雲鐘 | 曾侯乙墓外棺 | 曾侯乙编钟 | 曾侯乙青铜尊盘 | 朱然墓出土漆木屐 | 朱然墓出土贵族生活图漆盘 | 杀人祭柱场面贮贝器 | 步辇图 | 水晶杯 | 河姆渡出土朱漆碗 | 河姆渡出土陶灶 | 涅槃變相碑 | 淅川出土铜禁 | 淳化大鼎 | 清明上河圖 | 渔村小雪图 | 游春图 | 滇王之印 | 玉琮王 | 皇后之玺 | 直裾素紗襌衣 | 石鼓 (先秦) | 神兽纹玉樽 | 禁止出境展览文物 | 竹林七賢與榮啟期 | 红地对人兽树纹罽袍 | 红山文化女神像 | 红山文化玉龙 | 舞马衔杯仿皮囊式银壶 | 苦笋帖 | 莲鹤方壶 | 虢季子白盘 | 角形玉杯 | 诅盟场面贮贝器 | 识文彩绘盝顶长方形漆奁 | 越王勾践剑 | 趙佶草書千字文 | 逨盘 | 鑄客銅鼎 | 铜奔马 | 铜浮屠 | 铜车马 | 铜错金银四龙四凤方案 | 長信宮燈 | 陶鹰鼎 | 隋白釉龙柄双联传瓶 | 青花釉里红瓷仓 | 青铜神树 | 青铜立人像 | 鞍马出行图 | 韩熙载夜宴图 | 马王堆一号墓木棺椁 | 马王堆一号汉墓帛画 | 马王堆帛书周易 | 高逸图 | 鸭形玻璃注 | 黑漆朱绘六博具 | 齐王墓青铜方镜
大秦景教流行中国碑,https://zh.wikipedia.org/wiki/%E5%A4%A7%E7%A7%A6%E6%99%AF%E6%95%99%E6%B5%81%E8%A1%8C%E4%B8%AD%E5%9B%BD%E7%A2%91,"大秦景教流行中国碑是一座记述景教在唐代流传情况的石碑，现藏于西安碑林博物馆，是中国首批禁止出国（境）展览文物之一。
丹麥探險家傅里茨·何乐模（Frits Holm）认为，大秦景教流行中国碑是了解古代中国与其他文化的交流中极为重要的石碑，当与罗塞塔石碑、米沙石碑、阿兹特克太阳历石並列世界四大代表性碑刻。",CS1日语来源 (ja) | 中文銘文 | 使用ISBN魔术链接的页面 | 含有哈佛参考文献格式系列模板链接指向多个目标错误的页面 | 含有访问日期但无网址的引用的页面,唐,陕西 西安 城西（1623年）,西安碑林博物馆,,,https://upload.wikimedia.org/wikipedia/commons/thumb/1/13/Nestorian_Stele_%28front%29.JPG/250px-Nestorian_Stele_%28front%29.JPG,“五星出东方利中国”护膊 | 㝬簋 | 七孔玉刀 | 三星堆出土玉边璋 | 三星堆金杖 | 中山王铁足铜鼎 | 五代耀州窑青釉刻花提梁倒流壶 | 五牛圖 | 人物御龙帛画 | 人物龙凤帛画 | 人面鱼纹彩陶盆 | 伯矩鬲 | 何尊 | 八重宝函 | 兽首玛瑙杯 | 凤冠 (定陵) | 刘胜金缕玉衣 | 利簋 | 勘书图 | 北宋刻本《范仲淹文集》 | 卓歇图 | 双鸟朝阳纹牙雕 | 史墙盘 | 吉祥遍至口合本续 | 后母戊鼎 | 唐长沙窑青釉褐彩贴花人物纹壶 | 商周太阳神鸟金饰 | 四羊方尊 | 夏景山口待渡图 | 大克鼎 | 大玉戈 | 大盂鼎 | 大禾方鼎 | 天亡簋 | 太保鼎 | 子龙鼎 | 岳麓秦简 | 嵌绿松石象牙杯 | 常阳太尊石像 | 平复帖 | 張好好詩 | 彩漆木雕小座屏 | 彩绘人物故事漆屏 | 彩绘鹳鱼石斧图陶缸 | 彩陶八角星纹豆 | 挥扇仕女图 | 昭陵六骏 | 晉侯穌編鐘 | 景雲鐘 | 曾侯乙墓外棺 | 曾侯乙编钟 | 曾侯乙青铜尊盘 | 朱然墓出土漆木屐 | 朱然墓出土贵族生活图漆盘 | 杀人祭柱场面贮贝器 | 步辇图 | 水晶杯 | 河姆渡出土朱漆碗 | 河姆渡出土陶灶 | 涅槃變相碑 | 淅川出土铜禁 | 淳化大鼎 | 清明上河圖 | 渔村小雪图 | 游春图 | 滇王之印 | 玉琮王 | 皇后之玺 | 直裾素紗襌衣 | 石鼓 (先秦) | 神兽纹玉樽 | 禁止出境展览文物 | 竹林七賢與榮啟期 | 红地对人兽树纹罽袍 | 红山文化女神像 | 红山文化玉龙 | 舞马衔杯仿皮囊式银壶 | 苦笋帖 | 莲鹤方壶 | 虢季子白盘 | 角形玉杯 | 诅盟场面贮贝器 | 识文彩绘盝顶长方形漆奁 | 越王勾践剑 | 趙佶草書千字文 | 逨盘 | 鑄客銅鼎 | 铜奔马 | 铜浮屠 | 铜车马 | 铜错金银四龙四凤方案 | 長信宮燈 | 陶鹰鼎 | 隋白釉龙柄双联传瓶 | 青花釉里红瓷仓 | 青铜神树 | 青铜立人像 | 鞍马出行图 | 韩熙载夜宴图 | 马王堆一号墓木棺椁 | 马王堆一号汉墓帛画 | 马王堆帛书周易 | 高逸图 | 鸭形玻璃注 | 黑漆朱绘六博具 | 齐王墓青铜方镜
太保鼎,https://zh.wikipedia.org/wiki/%E5%A4%AA%E4%BF%9D%E9%BC%8E,太保鼎是中华人民共和国国家一级文物，首批64件禁止出国(境)展览的文物之一。铸造于西周初期。现藏天津博物馆。,中文銘文 | 天津博物館藏品 | 梁山县 | 济宁文物 | 禁止出境展览文物,西周,山东 梁山 （19世纪中叶）,天津博物馆,,,https://upload.wikimedia.org/wikipedia/commons/thumb/e/e6/Taibao_Ding.jpg/250px-Taibao_Ding.jpg,“五星出东方利中国”护膊 | 㝬簋 | 七孔玉刀 | 三星堆出土玉边璋 | 三星堆金杖 | 中山王铁足铜鼎 | 五代耀州窑青釉刻花提梁倒流壶 | 五牛圖 | 人物御龙帛画 | 人物龙凤帛画 | 人面鱼纹彩陶盆 | 伯矩鬲 | 何尊 | 八重宝函 | 兽首玛瑙杯 | 凤冠 (定陵) | 刘胜金缕玉衣 | 利簋 | 勘书图 | 北宋刻本《范仲淹文集》 | 卓歇图 | 双鸟朝阳纹牙雕 | 史墙盘 | 吉祥遍至口合本续 | 后母戊鼎 | 唐长沙窑青釉褐彩贴花人物纹壶 | 商周太阳神鸟金饰 | 四羊方尊 | 夏景山口待渡图 | 大克鼎 | 大玉戈 | 大盂鼎 | 大禾方鼎 | 大秦景教流行中国碑 | 天亡簋 | 子龙鼎 | 岳麓秦简 | 嵌绿松石象牙杯 | 常阳太尊石像 | 平复帖 | 張好好詩 | 彩漆木雕小座屏 | 彩绘人物故事漆屏 | 彩绘鹳鱼石斧图陶缸 | 彩陶八角星纹豆 | 挥扇仕女图 | 昭陵六骏 | 晉侯穌編鐘 | 景雲鐘 | 曾侯乙墓外棺 | 曾侯乙编钟 | 曾侯乙青铜尊盘 | 朱然墓出土漆木屐 | 朱然墓出土贵族生活图漆盘 | 杀人祭柱场面贮贝器 | 梁山七器 | 步辇图 | 水晶杯 | 河姆渡出土朱漆碗 | 河姆渡出土陶灶 | 涅槃變相碑 | 淅川出土铜禁 | 淳化大鼎 | 清明上河圖 | 渔村小雪图 | 游春图 | 滇王之印 | 玉琮王 | 皇后之玺 | 直裾素紗襌衣 | 石鼓 (先秦) | 神兽纹玉樽 | 禁止出境展览文物 | 竹林七賢與榮啟期 | 红地对人兽树纹罽袍 | 红山文化女神像 | 红山文化玉龙 | 舞马衔杯仿皮囊式银壶 | 苦笋帖 | 莲鹤方壶 | 虢季子白盘 | 角形玉杯 | 诅盟场面贮贝器 | 识文彩绘盝顶长方形漆奁 | 越王勾践剑 | 趙佶草書千字文 | 逨盘 | 鑄客銅鼎 | 铜奔马 | 铜浮屠 | 铜车马 | 铜错金银四龙四凤方案 | 長信宮燈 | 陶鹰鼎 | 隋白釉龙柄双联传瓶 | 青花釉里红瓷仓 | 青铜神树 | 青铜立人像 | 鞍马出行图 | 韩熙载夜宴图 | 马王堆一号墓木棺椁 | 马王堆一号汉墓帛画 | 马王堆帛书周易 | 高逸图 | 鸭形玻璃注 | 黑漆朱绘六博具 | 齐王墓青铜方镜
岳麓秦简,https://zh.wikipedia.org/wiki/%E5%B2%B3%E9%BA%93%E7%A7%A6%E7%AE%80,岳麓秦简，即岳麓书院藏秦简，是中国湖南大学岳麓书院收藏的秦代简牍。,使用ISBN魔术链接的页面 | 岳麓书院 | 禁止出境展览文物 | 秦国简牍 | 长沙文物,,,,,,,“五星出东方利中国”护膊 | 㝬簋 | 七孔玉刀 | 三星堆出土玉边璋 | 三星堆金杖 | 中山王铁足铜鼎 | 五代耀州窑青釉刻花提梁倒流壶 | 五牛圖 | 人物御龙帛画 | 人物龙凤帛画 | 人面鱼纹彩陶盆 | 伯矩鬲 | 何尊 | 八重宝函 | 兽首玛瑙杯 | 凤冠 (定陵) | 刘胜金缕玉衣 | 利簋 | 勘书图 | 北宋刻本《范仲淹文集》 | 卓歇图 | 双鸟朝阳纹牙雕 | 史墙盘 | 吉祥遍至口合本续 | 后母戊鼎 | 唐长沙窑青釉褐彩贴花人物纹壶 | 商周太阳神鸟金饰 | 四羊方尊 | 夏景山口待渡图 | 大克鼎 | 大玉戈 | 大盂鼎 | 大禾方鼎 | 大秦景教流行中国碑 | 天亡簋 | 太保鼎 | 子龙鼎 | 嵌绿松石象牙杯 | 常阳太尊石像 | 平复帖 | 張好好詩 | 彩漆木雕小座屏 | 彩绘人物故事漆屏 | 彩绘鹳鱼石斧图陶缸 | 彩陶八角星纹豆 | 挥扇仕女图 | 昭陵六骏 | 晉侯穌編鐘 | 景雲鐘 | 曾侯乙墓外棺 | 曾侯乙编钟 | 曾侯乙青铜尊盘 | 朱然墓出土漆木屐 | 朱然墓出土贵族生活图漆盘 | 杀人祭柱场面贮贝器 | 步辇图 | 水晶杯 | 河姆渡出土朱漆碗 | 河姆渡出土陶灶 | 涅槃變相碑 | 淅川出土铜禁 | 淳化大鼎 | 清明上河圖 | 渔村小雪图 | 游春图 | 滇王之印 | 玉琮王 | 皇后之玺 | 直裾素紗襌衣 | 石鼓 (先秦) | 神兽纹玉樽 | 禁止出境展览文物 | 竹林七賢與榮啟期 | 红地对人兽树纹罽袍 | 红山文化女神像 | 红山文化玉龙 | 舞马衔杯仿皮囊式银壶 | 苦笋帖 | 莲鹤方壶 | 虢季子白盘 | 角形玉杯 | 诅盟场面贮贝器 | 识文彩绘盝顶长方形漆奁 | 越王勾践剑 | 趙佶草書千字文 | 逨盘 | 鑄客銅鼎 | 铜奔马 | 铜浮屠 | 铜车马 | 铜错金银四龙四凤方案 | 長信宮燈 | 陶鹰鼎 | 隋白釉龙柄双联传瓶 | 青花釉里红瓷仓 | 青铜神树 | 青铜立人像 | 鞍马出行图 | 韩熙载夜宴图 | 马王堆一号墓木棺椁 | 马王堆一号汉墓帛画 | 马王堆帛书周易 | 高逸图 | 鸭形玻璃注 | 黑漆朱绘六博具 | 齐王墓青铜方镜
涅槃變相碑,https://zh.wikipedia.org/wiki/%E6%B6%85%E6%A7%83%E8%AE%8A%E7%9B%B8%E7%A2%91,涅槃變相碑是唐代武周时期碑刻，中华人民共和国国家一级文物，禁止出境展览文物之一。原為山西省临猗县大云寺遗物。廟宇早毁，石碑于1957年移至山西省博物馆（太原重阳宫碑廊，今属山西省艺术博物馆）收藏。此碑意在表现佛祖涅槃变相前后的情景与佛陀讲法度人故事，构图紧凑，雕工细致，颇具隋唐时期雕刻的圆润华丽之风。,中国佛教文物 | 中国佛教雕塑作品 | 临猗县 | 唐朝碑刻 | 武周,唐,,山西省艺术博物馆,,,https://upload.wikimedia.org/wikipedia/commons/thumb/2/26/%E5%A4%AA%E5%8E%9F%E7%BA%AF%E9%98%B3%E5%AE%AB%E5%94%90%E4%BB%A3%E6%AD%A6%E5%91%A8%E5%A4%A9%E6%8E%88%E4%BA%8C%E5%B9%B4%E6%B6%85%E6%A7%83%E5%8F%98%E7%9B%B8%E7%A2%91-%E7%A6%81%E6%AD%A2%E5%87%BA%E5%A2%83%E5%B1%95%E8%A7%88%E6%96%87%E7%89%A9%E4%B9%8B%E4%B8%80.jpg/250px-%E5%A4%AA%E5%8E%9F%E7%BA%AF%E9%98%B3%E5%AE%AB%E5%94%90%E4%BB%A3%E6%AD%A6%E5%91%A8%E5%A4%A9%E6%8E%88%E4%BA%8C%E5%B9%B4%E6%B6%85%E6%A7%83%E5%8F%98%E7%9B%B8%E7%A2%91-%E7%A6%81%E6%AD%A2%E5%87%BA%E5%A2%83%E5%B1%95%E8%A7%88%E6%96%87%E7%89%A9%E4%B9%8B%E4%B8%80.jpg,“五星出东方利中国”护膊 | 㝬簋 | 七孔玉刀 | 三星堆出土玉边璋 | 三星堆金杖 | 中山王铁足铜鼎 | 五代耀州窑青釉刻花提梁倒流壶 | 五牛圖 | 人物御龙帛画 | 人物龙凤帛画 | 人面鱼纹彩陶盆 | 伯矩鬲 | 何尊 | 八重宝函 | 兽首玛瑙杯 | 凤冠 (定陵) | 刘胜金缕玉衣 | 利簋 | 勘书图 | 北宋刻本《范仲淹文集》 | 卓歇图 | 双鸟朝阳纹牙雕 | 史墙盘 | 吉祥遍至口合本续 | 后母戊鼎 | 唐长沙窑青釉褐彩贴花人物纹壶 | 商周太阳神鸟金饰 | 四羊方尊 | 夏景山口待渡图 | 大克鼎 | 大玉戈 | 大盂鼎 | 大禾方鼎 | 大秦景教流行中国碑 | 天亡簋 | 太保鼎 | 子龙鼎 | 岳麓秦简 | 嵌绿松石象牙杯 | 常阳太尊石像 | 平复帖 | 張好好詩 | 彩漆木雕小座屏 | 彩绘人物故事漆屏 | 彩绘鹳鱼石斧图陶缸 | 彩陶八角星纹豆 | 挥扇仕女图 | 昭陵六骏 | 晉侯穌編鐘 | 景雲鐘 | 曾侯乙墓外棺 | 曾侯乙编钟 | 曾侯乙青铜尊盘 | 朱然墓出土漆木屐 | 朱然墓出土贵族生活图漆盘 | 杀人祭柱场面贮贝器 | 步辇图 | 水晶杯 | 河姆渡出土朱漆碗 | 河姆渡出土陶灶 | 淅川出土铜禁 | 淳化大鼎 | 清明上河圖 | 渔村小雪图 | 游春图 | 滇王之印 | 玉琮王 | 皇后之玺 | 直裾素紗襌衣 | 石鼓 (先秦) | 神兽纹玉樽 | 禁止出境展览文物 | 竹林七賢與榮啟期 | 红地对人兽树纹罽袍 | 红山文化女神像 | 红山文化玉龙 | 舞马衔杯仿皮囊式银壶 | 苦笋帖 | 莲鹤方壶 | 虢季子白盘 | 角形玉杯 | 诅盟场面贮贝器 | 识文彩绘盝顶长方形漆奁 | 越王勾践剑 | 趙佶草書千字文 | 逨盘 | 鑄客銅鼎 | 铜奔马 | 铜浮屠 | 铜车马 | 铜错金银四龙四凤方案 | 長信宮燈 | 陶鹰鼎 | 隋白釉龙柄双联传瓶 | 青花釉里红瓷仓 | 青铜神树 | 青铜立人像 | 鞍马出行图 | 韩熙载夜宴图 | 马王堆一号墓木棺椁 | 马王堆一号汉墓帛画 | 马王堆帛书周易 | 高逸图 | 鸭形玻璃注 | 黑漆朱绘六博具 | 齐王墓青铜方镜
禁止出境展览文物,https://zh.wikipedia.org/wiki/%E7%A6%81%E6%AD%A2%E5%87%BA%E5%A2%83%E5%B1%95%E8%A7%88%E6%96%87%E7%89%A9,禁止出境展览文物，2013年8月中华人民共和国国家文物局发布《第三批禁止出境展览文物目录》之前称禁止出国（境）展览文物，是指依据《中华人民共和国文物保护法》及《中华人民共和国文物保护法实施条例》等法律法规，禁止到中华人民共和国境外参加展览的珍贵文物，其涵盖的内容随文物保护法及其实施条例的几次修订而有所变化。根据上述法规，所有禁止出境展览文物均为国家一级文物。,中国一级文物 | 条目有永久失效的外部链接 | 禁止出境展览文物 | 自2019年11月带有失效链接的条目,,,,,,,“五星出东方利中国”护膊 | 㝬簋 | 七孔玉刀 | 三星堆出土玉边璋 | 三星堆金杖 | 中山王铁足铜鼎 | 五代耀州窑青釉刻花提梁倒流壶 | 五牛圖 | 人物御龙帛画 | 人物龙凤帛画 | 人面鱼纹彩陶盆 | 伯矩鬲 | 何尊 | 八重宝函 | 兽首玛瑙杯 | 凤冠 (定陵) | 刘胜金缕玉衣 | 利簋 | 勘书图 | 北宋刻本《范仲淹文集》 | 卓歇图 | 双鸟朝阳纹牙雕 | 史墙盘 | 吉祥遍至口合本续 | 后母戊鼎 | 唐长沙窑青釉褐彩贴花人物纹壶 | 商周太阳神鸟金饰 | 四羊方尊 | 夏景山口待渡图 | 大克鼎 | 大玉戈 | 大盂鼎 | 大禾方鼎 | 大秦景教流行中国碑 | 天亡簋 | 太保鼎 | 子龙鼎 | 岳麓秦简 | 嵌绿松石象牙杯 | 常阳太尊石像 | 平复帖 | 張好好詩 | 彩漆木雕小座屏 | 彩绘人物故事漆屏 | 彩绘鹳鱼石斧图陶缸 | 彩陶八角星纹豆 | 挥扇仕女图 | 昭陵六骏 | 晉侯穌編鐘 | 景雲鐘 | 曾侯乙墓外棺 | 曾侯乙编钟 | 曾侯乙青铜尊盘 | 朱然墓出土漆木屐 | 朱然墓出土贵族生活图漆盘 | 杀人祭柱场面贮贝器 | 步辇图 | 水晶杯 | 河姆渡出土朱漆碗 | 河姆渡出土陶灶 | 涅槃變相碑 | 淅川出土铜禁 | 淳化大鼎 | 清明上河圖 | 渔村小雪图 | 游春图 | 滇王之印 | 灵鹫纹锦袍 | 玉琮王 | 皇后之玺 | 直裾素紗襌衣 | 石鼓 (先秦) | 神兽纹玉樽 | 竹林七賢與榮啟期 | 红地对人兽树纹罽袍 | 红山文化女神像 | 红山文化玉龙 | 舞马衔杯仿皮囊式银壶 | 苦笋帖 | 莲鹤方壶 | 虢季子白盘 | 角形玉杯 | 诅盟场面贮贝器 | 识文彩绘盝顶长方形漆奁 | 越王勾践剑 | 趙佶草書千字文 | 逨盘 | 鑄客銅鼎 | 铜奔马 | 铜浮屠 | 铜车马 | 铜错金银四龙四凤方案 | 長信宮燈 | 陶鹰鼎 | 隋白釉龙柄双联传瓶 | 青花釉里红瓷仓 | 青铜神树 | 青铜立人像 | 鞍马出行图 | 韩熙载夜宴图 | 马王堆一号墓木棺椁 | 马王堆一号汉墓帛画 | 马王堆帛书周易 | 高逸图 | 鸭形玻璃注 | 黑漆朱绘六博具 | 齐王墓青铜方镜
马王堆一号墓木棺椁,https://zh.wikipedia.org/wiki/%E9%A9%AC%E7%8E%8B%E5%A0%86%E4%B8%80%E5%8F%B7%E5%A2%93%E6%9C%A8%E6%A3%BA%E6%A4%81,马王堆一号墓木棺椁是中華人民共和國禁止出国（境）展览文物之一，1972年出土於湖南省长沙市东郊东屯渡乡（今芙蓉区马王堆街道），是马王堆汉墓一号墓的木棺椁，現藏于湖南博物院。,汉朝绘画作品 | 湖南省博物馆藏品 | 禁止出境展览文物 | 西汉陪葬文物 | 长沙文物,西汉,湖南省 长沙市 （1972年）,湖南博物院,,,https://upload.wikimedia.org/wikipedia/commons/thumb/c/c9/Lacquer_Coffin_Unearthed_from_the_2nd-century-BC_Han_Tomb_No.1_at_Mawangdui_2011-07.JPG/330px-Lacquer_Coffin_Unearthed_from_the_2nd-century-BC_Han_Tomb_No.1_at_Mawangdui_2011-07.JPG,“五星出东方利中国”护膊 | 㝬簋 | 七孔玉刀 | 三星堆出土玉边璋 | 三星堆金杖 | 中山王铁足铜鼎 | 五代耀州窑青釉刻花提梁倒流壶 | 五牛圖 | 人物御龙帛画 | 人物龙凤帛画 | 人面鱼纹彩陶盆 | 伯矩鬲 | 何尊 | 八重宝函 | 兽首玛瑙杯 | 凤冠 (定陵) | 刘胜金缕玉衣 | 利簋 | 勘书图 | 北宋刻本《范仲淹文集》 | 卓歇图 | 双鸟朝阳纹牙雕 | 史墙盘 | 吉祥遍至口合本续 | 后母戊鼎 | 唐长沙窑青釉褐彩贴花人物纹壶 | 商周太阳神鸟金饰 | 四羊方尊 | 夏景山口待渡图 | 大克鼎 | 大玉戈 | 大盂鼎 | 大禾方鼎 | 大秦景教流行中国碑 | 天亡簋 | 太保鼎 | 子龙鼎 | 岳麓秦简 | 嵌绿松石象牙杯 | 常阳太尊石像 | 平复帖 | 張好好詩 | 彩漆木雕小座屏 | 彩绘人物故事漆屏 | 彩绘鹳鱼石斧图陶缸 | 彩陶八角星纹豆 | 挥扇仕女图 | 昭陵六骏 | 晉侯穌編鐘 | 景雲鐘 | 曾侯乙墓外棺 | 曾侯乙编钟 | 曾侯乙青铜尊盘 | 朱然墓出土漆木屐 | 朱然墓出土贵族生活图漆盘 | 杀人祭柱场面贮贝器 | 步辇图 | 水晶杯 | 河姆渡出土朱漆碗 | 河姆渡出土陶灶 | 涅槃變相碑 | 淅川出土铜禁 | 淳化大鼎 | 清明上河圖 | 渔村小雪图 | 游春图 | 滇王之印 | 玉琮王 | 皇后之玺 | 直裾素紗襌衣 | 石鼓 (先秦) | 神兽纹玉樽 | 禁止出境展览文物 | 竹林七賢與榮啟期 | 红地对人兽树纹罽袍 | 红山文化女神像 | 红山文化玉龙 | 舞马衔杯仿皮囊式银壶 | 苦笋帖 | 莲鹤方壶 | 虢季子白盘 | 角形玉杯 | 诅盟场面贮贝器 | 识文彩绘盝顶长方形漆奁 | 越王勾践剑 | 趙佶草書千字文 | 逨盘 | 鑄客銅鼎 | 铜奔马 | 铜浮屠 | 铜车马 | 铜错金银四龙四凤方案 | 長信宮燈 | 陶鹰鼎 | 隋白釉龙柄双联传瓶 | 青花釉里红瓷仓 | 青铜神树 | 青铜立人像 | 鞍马出行图 | 韩熙载夜宴图 | 马王堆一号汉墓帛画 | 马王堆帛书周易 | 高逸图 | 鸭形玻璃注 | 黑漆朱绘六博具 | 齐王墓青铜方镜
遂公盨,https://zh.wikipedia.org/wiki/%E9%81%82%E5%85%AC%E7%9B%A8,遂公盨（又名豳（bīn）公盨、燹（xiǎn）公盨）是一件西周中期后段的青铜器。盨是古代用来盛粮食的礼器，从簋转变而来，流行于西周时期。该盨“呈圆角长方形，高11.8厘米，口径24.8厘米，重2.5千克。器口沿下饰鸟纹，腹部饰瓦纹，两侧有一对兽首形耳，垂环和盖已失，圈足中间有桃形缺口” 。盨内底有铭文10行共计98字，书法幽美，整齐匀称。铭文中有“遂公”两字，故称“遂公盨”。“遂公”是西周时遂国(今山东宁阳西北)的国君，鲁庄公十三年（公元前681年）被齐国所灭。这件青铜器不是考古发掘中发现，而是由北京保利艺术博物馆专家在海外文物市场上发现，现藏于北京保利艺术博物馆。铭文中首句曰“天命禹敷土，随山...,中文銘文 | 使用了一种注音方式的页面 | 使用了两种注音方式的页面 | 含有注音符號的條目 | 含有漢語拼音的條目,,,,,,,兮甲盤 | 大盂鼎 | 毛公鼎 | 虢季子白盘
灰陶绳纹卵腹三足瓮,https://zh.wikipedia.org/wiki/%E7%81%B0%E9%99%B6%E7%BB%B3%E7%BA%B9%E5%8D%B5%E8%85%B9%E4%B8%89%E8%B6%B3%E7%93%AE,灰陶绳纹卵腹三足瓮，又称蛋形瓮，是夏朝时期的一件灰陶文物，藏于山西博物院。,中国一级文物 | 山西博物院藏品 | 引文格式1错误：日期,,,,,,,
鸭形玻璃注,https://zh.wikipedia.org/wiki/%E9%B8%AD%E5%BD%A2%E7%8E%BB%E7%92%83%E6%B3%A8,鸭形玻璃注是中国北方十六国时期的玻璃工艺品。1965年9月出土於辽宁省北票县西官营子的北燕冯素弗墓。现藏辽宁省博物馆。,五胡十六国文物 | 北燕 | 北票市 | 朝阳市文物 | 玻璃,,辽宁省 北票县 （1965年）,辽宁省博物馆,,,https://upload.wikimedia.org/wikipedia/commons/thumb/f/fc/%E9%B8%AD%E5%BD%A2%E7%8E%BB%E7%92%83%E6%B3%A806327.jpg/250px-%E9%B8%AD%E5%BD%A2%E7%8E%BB%E7%92%83%E6%B3%A806327.jpg,“五星出东方利中国”护膊 | 㝬簋 | 七孔玉刀 | 三星堆出土玉边璋 | 三星堆金杖 | 中山王铁足铜鼎 | 五代耀州窑青釉刻花提梁倒流壶 | 五牛圖 | 人物御龙帛画 | 人物龙凤帛画 | 人面鱼纹彩陶盆 | 伯矩鬲 | 何尊 | 八重宝函 | 兽首玛瑙杯 | 凤冠 (定陵) | 刘胜金缕玉衣 | 利簋 | 勘书图 | 北宋刻本《范仲淹文集》 | 卓歇图 | 双鸟朝阳纹牙雕 | 史墙盘 | 吉祥遍至口合本续 | 后母戊鼎 | 唐长沙窑青釉褐彩贴花人物纹壶 | 商周太阳神鸟金饰 | 四羊方尊 | 夏景山口待渡图 | 大克鼎 | 大玉戈 | 大盂鼎 | 大禾方鼎 | 大秦景教流行中国碑 | 天亡簋 | 太保鼎 | 子龙鼎 | 岳麓秦简 | 嵌绿松石象牙杯 | 常阳太尊石像 | 平复帖 | 張好好詩 | 彩漆木雕小座屏 | 彩绘人物故事漆屏 | 彩绘鹳鱼石斧图陶缸 | 彩陶八角星纹豆 | 挥扇仕女图 | 昭陵六骏 | 晉侯穌編鐘 | 景雲鐘 | 曾侯乙墓外棺 | 曾侯乙编钟 | 曾侯乙青铜尊盘 | 朱然墓出土漆木屐 | 朱然墓出土贵族生活图漆盘 | 杀人祭柱场面贮贝器 | 步辇图 | 水晶杯 | 河姆渡出土朱漆碗 | 河姆渡出土陶灶 | 涅槃變相碑 | 淅川出土铜禁 | 淳化大鼎 | 清明上河圖 | 渔村小雪图 | 游春图 | 滇王之印 | 玉琮王 | 皇后之玺 | 直裾素紗襌衣 | 石鼓 (先秦) | 神兽纹玉樽 | 禁止出境展览文物 | 竹林七賢與榮啟期 | 红地对人兽树纹罽袍 | 红山文化女神像 | 红山文化玉龙 | 舞马衔杯仿皮囊式银壶 | 苦笋帖 | 莲鹤方壶 | 虢季子白盘 | 角形玉杯 | 诅盟场面贮贝器 | 识文彩绘盝顶长方形漆奁 | 越王勾践剑 | 趙佶草書千字文 | 逨盘 | 鑄客銅鼎 | 铜奔马 | 铜浮屠 | 铜车马 | 铜错金银四龙四凤方案 | 長信宮燈 | 陶鹰鼎 | 隋白釉龙柄双联传瓶 | 青花釉里红瓷仓 | 青铜神树 | 青铜立人像 | 鞍马出行图 | 韩熙载夜宴图 | 马王堆一号墓木棺椁 | 马王堆一号汉墓帛画 | 马王堆帛书周易 | 高逸图 | 黑漆朱绘六博具 | 齐王墓青铜方镜
三星堆出土玉边璋,https://zh.wikipedia.org/wiki/%E4%B8%89%E6%98%9F%E5%A0%86%E5%87%BA%E5%9C%9F%E7%8E%89%E8%BE%B9%E7%92%8B,三星堆出土玉边璋于1986年从中國四川省广汉市三星堆遗址一号祭祀坑出土，通长54.5厘米，呈刀形，两面满饰图案，据研究所刻画为原始宗教的祭祀场面。,1986年考古发现 | 三星堆遗址 | 中國玉器 | 全部小作品 | 其他需要專家關注的頁面,商,四川省 广汉市 （1986年）,广汉三星堆博物馆,,,https://upload.wikimedia.org/wikipedia/commons/thumb/6/66/Sanxingdui_Oct_2007_518.jpg/250px-Sanxingdui_Oct_2007_518.jpg,“五星出东方利中国”护膊 | 㝬簋 | 七孔玉刀 | 三星堆金杖 | 中山王铁足铜鼎 | 五代耀州窑青釉刻花提梁倒流壶 | 五牛圖 | 人物御龙帛画 | 人物龙凤帛画 | 人面鱼纹彩陶盆 | 伯矩鬲 | 何尊 | 八重宝函 | 兽首玛瑙杯 | 凤冠 (定陵) | 刘胜金缕玉衣 | 利簋 | 勘书图 | 北宋刻本《范仲淹文集》 | 卓歇图 | 双鸟朝阳纹牙雕 | 史墙盘 | 吉祥遍至口合本续 | 后母戊鼎 | 唐长沙窑青釉褐彩贴花人物纹壶 | 商周太阳神鸟金饰 | 四羊方尊 | 夏景山口待渡图 | 大克鼎 | 大玉戈 | 大盂鼎 | 大禾方鼎 | 大秦景教流行中国碑 | 天亡簋 | 太保鼎 | 子龙鼎 | 岳麓秦简 | 嵌绿松石象牙杯 | 常阳太尊石像 | 平复帖 | 張好好詩 | 彩漆木雕小座屏 | 彩绘人物故事漆屏 | 彩绘鹳鱼石斧图陶缸 | 彩陶八角星纹豆 | 挥扇仕女图 | 昭陵六骏 | 晉侯穌編鐘 | 景雲鐘 | 曾侯乙墓外棺 | 曾侯乙编钟 | 曾侯乙青铜尊盘 | 朱然墓出土漆木屐 | 朱然墓出土贵族生活图漆盘 | 杀人祭柱场面贮贝器 | 步辇图 | 水晶杯 | 河姆渡出土朱漆碗 | 河姆渡出土陶灶 | 涅槃變相碑 | 淅川出土铜禁 | 淳化大鼎 | 清明上河圖 | 渔村小雪图 | 游春图 | 滇王之印 | 玉琮王 | 皇后之玺 | 直裾素紗襌衣 | 石鼓 (先秦) | 神兽纹玉樽 | 禁止出境展览文物 | 竹林七賢與榮啟期 | 红地对人兽树纹罽袍 | 红山文化女神像 | 红山文化玉龙 | 舞马衔杯仿皮囊式银壶 | 苦笋帖 | 莲鹤方壶 | 虢季子白盘 | 角形玉杯 | 诅盟场面贮贝器 | 识文彩绘盝顶长方形漆奁 | 越王勾践剑 | 趙佶草書千字文 | 逨盘 | 鑄客銅鼎 | 铜奔马 | 铜浮屠 | 铜车马 | 铜错金银四龙四凤方案 | 長信宮燈 | 陶鹰鼎 | 隋白釉龙柄双联传瓶 | 青花釉里红瓷仓 | 青铜神树 | 青铜立人像 | 鞍马出行图 | 韩熙载夜宴图 | 马王堆一号墓木棺椁 | 马王堆一号汉墓帛画 | 马王堆帛书周易 | 高逸图 | 鸭形玻璃注 | 黑漆朱绘六博具 | 齐王墓青铜方镜
金版,https://zh.wikipedia.org/wiki/%E9%87%91%E7%89%88,"金版，或称爰（凵ㄢˊ）金、印子金、楚金钣、楚金版等，中国古代货币，春秋晚期到战国末期的黄金称量货币，铸行于楚国。金版的形状多为版形，亦有饼形，多带有钤刻文字。
金币上带有的文字有“郢（一ㄥˇ）爰”、“陳爰”、“專爰”、“䣓爰”、“鑪金”、“垂丘”、“”等印记，其中“郢”、“陈”、“专”等均为地名，“爰”或释读为“爯”，为古代一种重量单位或货币单位，说法不一。
金版在湖北、湖南、安徽、陕西、河南、山东和江苏等省都有出土。出土的金版最多的是“郢爰”。已发现的整版“郢爰”印有戳记多在五十个左右，每件约重250至260克。爰金含金量非常高，一般在93%－97%之间，只有少量的会在85%左右。",中国一级文物 | 中国金币 | 中文銘文 | 使用Unicode扩展汉字的条目 | 先秦货币,,,,,,,
商周甲胄,https://zh.wikipedia.org/wiki/%E5%95%86%E5%91%A8%E7%94%B2%E8%83%84,中国古代的商朝与西周皆為青铜器高度发展的年代，青铜器的发展亦影响商周时期军队盔甲的形制。,中国盔甲 | 周朝军事 | 周朝青铜器 | 商朝军事 | 商朝青铜器,,,,,,,
河姆渡出土陶灶,https://zh.wikipedia.org/wiki/%E6%B2%B3%E5%A7%86%E6%B8%A1%E5%87%BA%E5%9C%9F%E9%99%B6%E7%81%B6,河姆渡出土陶灶是中华人民共和国禁止出境展览文物之一，于1977年在浙江河姆渡新石器时代遗址出土。陶灶通长55厘米、口宽37厘米、通高25厘米，为夹砂灰陶。现藏于浙江省博物馆。,1977年考古发现 | 余姚市 | 宁波文物 | 河姆渡文化 | 浙江省博物館藏品,新石器时代,浙江省 余姚县 （1977年）,浙江省博物馆,,,https://upload.wikimedia.org/wikipedia/commons/thumb/b/b6/20250722_Pottery_stove_in_the_Zhejiang_Provincial_Museum.jpg/250px-20250722_Pottery_stove_in_the_Zhejiang_Provincial_Museum.jpg,“五星出东方利中国”护膊 | 㝬簋 | 七孔玉刀 | 三星堆出土玉边璋 | 三星堆金杖 | 中山王铁足铜鼎 | 五代耀州窑青釉刻花提梁倒流壶 | 五牛圖 | 人物御龙帛画 | 人物龙凤帛画 | 人面鱼纹彩陶盆 | 伯矩鬲 | 何尊 | 八重宝函 | 兽首玛瑙杯 | 凤冠 (定陵) | 刘胜金缕玉衣 | 利簋 | 勘书图 | 北宋刻本《范仲淹文集》 | 卓歇图 | 双鸟朝阳纹牙雕 | 史墙盘 | 吉祥遍至口合本续 | 后母戊鼎 | 唐长沙窑青釉褐彩贴花人物纹壶 | 商周太阳神鸟金饰 | 四羊方尊 | 夏景山口待渡图 | 大克鼎 | 大玉戈 | 大盂鼎 | 大禾方鼎 | 大秦景教流行中国碑 | 天亡簋 | 太保鼎 | 子龙鼎 | 岳麓秦简 | 嵌绿松石象牙杯 | 常阳太尊石像 | 平复帖 | 張好好詩 | 彩漆木雕小座屏 | 彩绘人物故事漆屏 | 彩绘鹳鱼石斧图陶缸 | 彩陶八角星纹豆 | 挥扇仕女图 | 昭陵六骏 | 晉侯穌編鐘 | 景雲鐘 | 曾侯乙墓外棺 | 曾侯乙编钟 | 曾侯乙青铜尊盘 | 朱然墓出土漆木屐 | 朱然墓出土贵族生活图漆盘 | 杀人祭柱场面贮贝器 | 步辇图 | 水晶杯 | 河姆渡出土朱漆碗 | 涅槃變相碑 | 淅川出土铜禁 | 淳化大鼎 | 清明上河圖 | 渔村小雪图 | 游春图 | 滇王之印 | 玉琮王 | 皇后之玺 | 直裾素紗襌衣 | 石鼓 (先秦) | 神兽纹玉樽 | 禁止出境展览文物 | 竹林七賢與榮啟期 | 红地对人兽树纹罽袍 | 红山文化女神像 | 红山文化玉龙 | 舞马衔杯仿皮囊式银壶 | 苦笋帖 | 莲鹤方壶 | 虢季子白盘 | 角形玉杯 | 诅盟场面贮贝器 | 识文彩绘盝顶长方形漆奁 | 越王勾践剑 | 趙佶草書千字文 | 逨盘 | 鑄客銅鼎 | 铜奔马 | 铜浮屠 | 铜车马 | 铜错金银四龙四凤方案 | 長信宮燈 | 陶鹰鼎 | 隋白釉龙柄双联传瓶 | 青花釉里红瓷仓 | 青铜神树 | 青铜立人像 | 鞍马出行图 | 韩熙载夜宴图 | 马王堆一号墓木棺椁 | 马王堆一号汉墓帛画 | 马王堆帛书周易 | 高逸图 | 鸭形玻璃注 | 黑漆朱绘六博具 | 齐王墓青铜方镜
玉神面,https://zh.wikipedia.org/wiki/%E7%8E%89%E7%A5%9E%E9%9D%A2,玉神面，为中华人民共和国山西博物院藏的一个新石器时代玉器文物，时代约公元前2500年，为国家一级文物。,中国一级文物 | 山西博物院藏品 | 引文格式1错误：日期 | 龙山文化,,,,,,,
大禾方鼎,https://zh.wikipedia.org/wiki/%E5%A4%A7%E7%A6%BE%E6%96%B9%E9%BC%8E,大禾方鼎，又名人面纹方鼎，是商周时期的铸品，为国家一级文物，现藏湖南省博物馆。,中文銘文 | 商鼎 | 宁乡历史 | 湖南一级文物 | 湖南省博物馆藏品,商,湖南省 宁乡县 黄材镇,湖南博物院,,,https://upload.wikimedia.org/wikipedia/commons/thumb/a/a3/Bronze_square_ding_%28cauldron%29_with_human_faces.jpg/250px-Bronze_square_ding_%28cauldron%29_with_human_faces.jpg,“五星出东方利中国”护膊 | 㝬簋 | 七孔玉刀 | 三星堆出土玉边璋 | 三星堆金杖 | 中山王铁足铜鼎 | 五代耀州窑青釉刻花提梁倒流壶 | 五牛圖 | 人物御龙帛画 | 人物龙凤帛画 | 人面鱼纹彩陶盆 | 伯矩鬲 | 何尊 | 八重宝函 | 兽首玛瑙杯 | 凤冠 (定陵) | 刘胜金缕玉衣 | 利簋 | 勘书图 | 北宋刻本《范仲淹文集》 | 卓歇图 | 双鸟朝阳纹牙雕 | 史墙盘 | 吉祥遍至口合本续 | 后母戊鼎 | 唐长沙窑青釉褐彩贴花人物纹壶 | 商周太阳神鸟金饰 | 四羊方尊 | 夏景山口待渡图 | 大克鼎 | 大玉戈 | 大盂鼎 | 大秦景教流行中国碑 | 天亡簋 | 太保鼎 | 子龙鼎 | 小臣艅犀尊 | 岳麓秦简 | 嵌绿松石象牙杯 | 常阳太尊石像 | 平复帖 | 張好好詩 | 彩漆木雕小座屏 | 彩绘人物故事漆屏 | 彩绘鹳鱼石斧图陶缸 | 彩陶八角星纹豆 | 挥扇仕女图 | 昭陵六骏 | 晉侯穌編鐘 | 景雲鐘 | 曾侯乙墓外棺 | 曾侯乙编钟 | 曾侯乙青铜尊盘 | 朱然墓出土漆木屐 | 朱然墓出土贵族生活图漆盘 | 杀人祭柱场面贮贝器 | 步辇图 | 水晶杯 | 河姆渡出土朱漆碗 | 河姆渡出土陶灶 | 涅槃變相碑 | 淅川出土铜禁 | 淳化大鼎 | 清明上河圖 | 渔村小雪图 | 游春图 | 滇王之印 | 玉琮王 | 皇后之玺 | 直裾素紗襌衣 | 石鼓 (先秦) | 神兽纹玉樽 | 禁止出境展览文物 | 竹林七賢與榮啟期 | 红地对人兽树纹罽袍 | 红山文化女神像 | 红山文化玉龙 | 舞马衔杯仿皮囊式银壶 | 苦笋帖 | 莲鹤方壶 | 虢季子白盘 | 角形玉杯 | 诅盟场面贮贝器 | 识文彩绘盝顶长方形漆奁 | 越王勾践剑 | 趙佶草書千字文 | 逨盘 | 鑄客銅鼎 | 铜奔马 | 铜浮屠 | 铜车马 | 铜错金银四龙四凤方案 | 長信宮燈 | 陶鹰鼎 | 隋白釉龙柄双联传瓶 | 青花釉里红瓷仓 | 青铜神树 | 青铜立人像 | 鞍马出行图 | 韩熙载夜宴图 | 马王堆一号墓木棺椁 | 马王堆一号汉墓帛画 | 马王堆帛书周易 | 高逸图 | 鸭形玻璃注 | 黑漆朱绘六博具 | 齐王墓青铜方镜
彩陶八角星纹豆,https://zh.wikipedia.org/wiki/%E5%BD%A9%E9%99%B6%E5%85%AB%E8%A7%92%E6%98%9F%E7%BA%B9%E8%B1%86,彩陶八角星纹豆，或称八角星纹彩陶豆、新石器时代大汶口文化彩陶八角星纹豆，1978年出土于山东省泰安市大汶口遗址第1013号墓（M1013:1），是一件典型的大汶口文化彩陶器。现藏于山东博物馆，属于禁止出境展览文物。,大汶口文化 | 山东博物馆藏品 | 禁止出境展览文物,新石器时代,山东 泰安 （1978年）,山东博物馆,陶,,https://upload.wikimedia.org/wikipedia/commons/thumb/b/ba/%E5%A4%A7%E6%B1%B6%E5%8F%A3%E5%85%AB%E8%A7%92%E6%98%9F%E7%BA%B9%E9%99%B6%E8%B1%86%2C_2025-06-20_01.jpg/250px-%E5%A4%A7%E6%B1%B6%E5%8F%A3%E5%85%AB%E8%A7%92%E6%98%9F%E7%BA%B9%E9%99%B6%E8%B1%86%2C_2025-06-20_01.jpg,“五星出东方利中国”护膊 | 㝬簋 | 七孔玉刀 | 三星堆出土玉边璋 | 三星堆金杖 | 中山王铁足铜鼎 | 五代耀州窑青釉刻花提梁倒流壶 | 五牛圖 | 人物御龙帛画 | 人物龙凤帛画 | 人面鱼纹彩陶盆 | 伯矩鬲 | 何尊 | 八重宝函 | 兽首玛瑙杯 | 凤冠 (定陵) | 刘胜金缕玉衣 | 利簋 | 勘书图 | 北宋刻本《范仲淹文集》 | 卓歇图 | 双鸟朝阳纹牙雕 | 史墙盘 | 吉祥遍至口合本续 | 后母戊鼎 | 唐长沙窑青釉褐彩贴花人物纹壶 | 商周太阳神鸟金饰 | 四羊方尊 | 夏景山口待渡图 | 大克鼎 | 大玉戈 | 大盂鼎 | 大禾方鼎 | 大秦景教流行中国碑 | 天亡簋 | 太保鼎 | 子龙鼎 | 岳麓秦简 | 嵌绿松石象牙杯 | 常阳太尊石像 | 平复帖 | 張好好詩 | 彩漆木雕小座屏 | 彩绘人物故事漆屏 | 彩绘鹳鱼石斧图陶缸 | 挥扇仕女图 | 昭陵六骏 | 晉侯穌編鐘 | 景雲鐘 | 曾侯乙墓外棺 | 曾侯乙编钟 | 曾侯乙青铜尊盘 | 朱然墓出土漆木屐 | 朱然墓出土贵族生活图漆盘 | 杀人祭柱场面贮贝器 | 步辇图 | 水晶杯 | 河姆渡出土朱漆碗 | 河姆渡出土陶灶 | 涅槃變相碑 | 淅川出土铜禁 | 淳化大鼎 | 清明上河圖 | 渔村小雪图 | 游春图 | 滇王之印 | 玉琮王 | 皇后之玺 | 直裾素紗襌衣 | 石鼓 (先秦) | 神兽纹玉樽 | 禁止出境展览文物 | 竹林七賢與榮啟期 | 红地对人兽树纹罽袍 | 红山文化女神像 | 红山文化玉龙 | 舞马衔杯仿皮囊式银壶 | 苦笋帖 | 莲鹤方壶 | 虢季子白盘 | 角形玉杯 | 诅盟场面贮贝器 | 识文彩绘盝顶长方形漆奁 | 越王勾践剑 | 趙佶草書千字文 | 逨盘 | 鑄客銅鼎 | 铜奔马 | 铜浮屠 | 铜车马 | 铜错金银四龙四凤方案 | 長信宮燈 | 陶鹰鼎 | 隋白釉龙柄双联传瓶 | 青花釉里红瓷仓 | 青铜神树 | 青铜立人像 | 鞍马出行图 | 韩熙载夜宴图 | 马王堆一号墓木棺椁 | 马王堆一号汉墓帛画 | 马王堆帛书周易 | 高逸图 | 鸭形玻璃注 | 黑漆朱绘六博具 | 齐王墓青铜方镜
璺鼎,https://zh.wikipedia.org/wiki/%E7%92%BA%E9%BC%8E,璺（wèn）鼎，又名周公東征方鼎、豐白鼎，是西周早期青銅器。1927年在陝西寶雞出土，現在藏於美國舊金山亞洲藝術博物館。,中文銘文 | 使用了两种注音方式的页面 | 含有注音符號的條目 | 含有漢語拼音的條目 | 旧金山亚洲艺术博物馆藏品,,,,,,,
吉祥遍至口合本续,https://zh.wikipedia.org/wiki/%E5%90%89%E7%A5%A5%E9%81%8D%E8%87%B3%E5%8F%A3%E5%90%88%E6%9C%AC%E7%BB%AD,"《吉祥遍至口合本续》（西夏語：𘀄𘓄𗄊𗫡𗋈𘜼𗰜𗺓，直译：「吉祥周遍口合本續」，也做吉祥遍至口和本续）是藏传佛教经典的西夏文译本，也是目前已知世界上最早的木活字版印本。1991年出土于宁夏贺兰县拜寺沟方塔。现藏宁夏文物考古研究所。
列入第一批中国档案文献遗产。",中国佛教文物 | 含有非中文內容的條目 | 密教部 | 活字印刷术 | 禁止出境展览文物,西夏,宁夏 贺兰县 （1991年）,宁夏文物考古研究所,,,https://upload.wikimedia.org/wikipedia/commons/0/04/%E5%90%89%E7%A5%A5%E9%81%8D%E8%87%B3%E5%8F%A3%E5%92%8C%E6%9C%AC%E7%BB%AD%E5%B0%81%E9%9D%A2.jpg,“五星出东方利中国”护膊 | 㝬簋 | 七孔玉刀 | 三星堆出土玉边璋 | 三星堆金杖 | 中山王铁足铜鼎 | 五代耀州窑青釉刻花提梁倒流壶 | 五牛圖 | 人物御龙帛画 | 人物龙凤帛画 | 人面鱼纹彩陶盆 | 伯矩鬲 | 何尊 | 八重宝函 | 兽首玛瑙杯 | 凤冠 (定陵) | 刘胜金缕玉衣 | 利簋 | 勘书图 | 北宋刻本《范仲淹文集》 | 卓歇图 | 双鸟朝阳纹牙雕 | 史墙盘 | 后母戊鼎 | 唐长沙窑青釉褐彩贴花人物纹壶 | 商周太阳神鸟金饰 | 四羊方尊 | 夏景山口待渡图 | 大克鼎 | 大玉戈 | 大盂鼎 | 大禾方鼎 | 大秦景教流行中国碑 | 天亡簋 | 太保鼎 | 子龙鼎 | 岳麓秦简 | 嵌绿松石象牙杯 | 常阳太尊石像 | 平复帖 | 張好好詩 | 彩漆木雕小座屏 | 彩绘人物故事漆屏 | 彩绘鹳鱼石斧图陶缸 | 彩陶八角星纹豆 | 挥扇仕女图 | 昭陵六骏 | 晉侯穌編鐘 | 景雲鐘 | 曾侯乙墓外棺 | 曾侯乙编钟 | 曾侯乙青铜尊盘 | 朱然墓出土漆木屐 | 朱然墓出土贵族生活图漆盘 | 杀人祭柱场面贮贝器 | 步辇图 | 水晶杯 | 河姆渡出土朱漆碗 | 河姆渡出土陶灶 | 涅槃變相碑 | 淅川出土铜禁 | 淳化大鼎 | 清明上河圖 | 渔村小雪图 | 游春图 | 滇王之印 | 玉琮王 | 皇后之玺 | 直裾素紗襌衣 | 石鼓 (先秦) | 神兽纹玉樽 | 禁止出境展览文物 | 竹林七賢與榮啟期 | 红地对人兽树纹罽袍 | 红山文化女神像 | 红山文化玉龙 | 舞马衔杯仿皮囊式银壶 | 苦笋帖 | 莲鹤方壶 | 虢季子白盘 | 角形玉杯 | 诅盟场面贮贝器 | 识文彩绘盝顶长方形漆奁 | 越王勾践剑 | 趙佶草書千字文 | 逨盘 | 鑄客銅鼎 | 铜奔马 | 铜浮屠 | 铜车马 | 铜错金银四龙四凤方案 | 長信宮燈 | 陶鹰鼎 | 隋白釉龙柄双联传瓶 | 青花釉里红瓷仓 | 青铜神树 | 青铜立人像 | 鞍马出行图 | 韩熙载夜宴图 | 马王堆一号墓木棺椁 | 马王堆一号汉墓帛画 | 马王堆帛书周易 | 高逸图 | 鸭形玻璃注 | 黑漆朱绘六博具 | 齐王墓青铜方镜
徐子氽鼎,https://zh.wikipedia.org/wiki/%E5%BE%90%E5%AD%90%E6%B0%BD%E9%BC%8E,徐子氽（tǔn）鼎又称徐子鼎，是春秋时期诸侯国徐国制造的青铜器。是徐国国君子「氽」的随葬品。1965年出土于山东省费县城北上治公社的台子沟。同期出土铜鼎两件，另一件无铭文。出土地位于东蒙山之麓。被认为是徐国祭祀东蒙山之遗物。评定为国家一级文物藏品，由费县文物管理部门收藏。,中国一级文物 | 中文銘文 | 临沂文物 | 使用了两种注音方式的页面 | 含有注音符號的條目,,,,,,,
它盘,https://zh.wikipedia.org/wiki/%E5%AE%83%E7%9B%98,它盘，中国西周时期的一件青铜器，器形为盛水器“盘”，是贵族宴飨时行沃盥之礼所用。该器1963年出土于陕西省扶风县齐家村西周铜器窖藏。盘内底部有“”形一字铭文，并因而得名。现藏于陕西历史博物馆。,中文銘文 | 宝鸡文物 | 扶風縣 | 盘 (青铜器) | 西周青铜器,,,,,,,
五代耀州窑青釉刻花提梁倒流壶,https://zh.wikipedia.org/wiki/%E4%BA%94%E4%BB%A3%E8%80%80%E5%B7%9E%E7%AA%91%E9%9D%92%E9%87%89%E5%88%BB%E8%8A%B1%E6%8F%90%E6%A2%81%E5%80%92%E6%B5%81%E5%A3%B6,五代耀州窑青釉刻花提梁倒流壶，耀州窑五代时期的瓷器，1968年出土于陕西彬县，国家一级文物，国家文物局于2013年8月19日将其列入了《第三批禁止出境展览文物目录》，现藏于陕西历史博物馆。,五代十国文物 | 五代瓷器 | 咸阳文物 | 彬州市 | 提壺,五代十国,陕西 彬县 （1968年）,陕西历史博物馆,瓷,,https://upload.wikimedia.org/wikipedia/commons/thumb/7/7a/%E9%9D%92%E9%87%89%E6%8F%90%E6%A2%81%E5%80%92%E6%B3%A8%E7%93%B7%E5%A3%B6_20140502.JPG/250px-%E9%9D%92%E9%87%89%E6%8F%90%E6%A2%81%E5%80%92%E6%B3%A8%E7%93%B7%E5%A3%B6_20140502.JPG,“五星出东方利中国”护膊 | 㝬簋 | 七孔玉刀 | 三星堆出土玉边璋 | 三星堆金杖 | 中山王铁足铜鼎 | 五牛圖 | 人物御龙帛画 | 人物龙凤帛画 | 人面鱼纹彩陶盆 | 伯矩鬲 | 何尊 | 八重宝函 | 兽首玛瑙杯 | 凤冠 (定陵) | 刘胜金缕玉衣 | 利簋 | 勘书图 | 北宋刻本《范仲淹文集》 | 卓歇图 | 双鸟朝阳纹牙雕 | 史墙盘 | 吉祥遍至口合本续 | 后母戊鼎 | 唐长沙窑青釉褐彩贴花人物纹壶 | 商周太阳神鸟金饰 | 四羊方尊 | 夏景山口待渡图 | 大克鼎 | 大玉戈 | 大盂鼎 | 大禾方鼎 | 大秦景教流行中国碑 | 天亡簋 | 太保鼎 | 子龙鼎 | 岳麓秦简 | 嵌绿松石象牙杯 | 常阳太尊石像 | 平复帖 | 張好好詩 | 彩漆木雕小座屏 | 彩绘人物故事漆屏 | 彩绘鹳鱼石斧图陶缸 | 彩陶八角星纹豆 | 挥扇仕女图 | 昭陵六骏 | 晉侯穌編鐘 | 景雲鐘 | 曾侯乙墓外棺 | 曾侯乙编钟 | 曾侯乙青铜尊盘 | 朱然墓出土漆木屐 | 朱然墓出土贵族生活图漆盘 | 杀人祭柱场面贮贝器 | 步辇图 | 水晶杯 | 河姆渡出土朱漆碗 | 河姆渡出土陶灶 | 涅槃變相碑 | 淅川出土铜禁 | 淳化大鼎 | 清明上河圖 | 渔村小雪图 | 游春图 | 滇王之印 | 玉琮王 | 皇后之玺 | 直裾素紗襌衣 | 石鼓 (先秦) | 神兽纹玉樽 | 禁止出境展览文物 | 竹林七賢與榮啟期 | 红地对人兽树纹罽袍 | 红山文化女神像 | 红山文化玉龙 | 舞马衔杯仿皮囊式银壶 | 苦笋帖 | 莲鹤方壶 | 虢季子白盘 | 角形玉杯 | 诅盟场面贮贝器 | 识文彩绘盝顶长方形漆奁 | 越王勾践剑 | 趙佶草書千字文 | 逨盘 | 鑄客銅鼎 | 铜奔马 | 铜浮屠 | 铜车马 | 铜错金银四龙四凤方案 | 長信宮燈 | 陶鹰鼎 | 隋白釉龙柄双联传瓶 | 青花釉里红瓷仓 | 青铜神树 | 青铜立人像 | 鞍马出行图 | 韩熙载夜宴图 | 马王堆一号墓木棺椁 | 马王堆一号汉墓帛画 | 马王堆帛书周易 | 高逸图 | 鸭形玻璃注 | 黑漆朱绘六博具 | 齐王墓青铜方镜
逨盘,https://zh.wikipedia.org/wiki/%E9%80%A8%E7%9B%98,逨盘，或称西周逨盘，一件中国西周时期的青铜器，器形为四足附耳盘，于2003年1月19日在陕西省宝鸡市眉县常兴镇杨家村出土。该盘的盘底有21行372字的铭文，记载了单氏家族8代人辅佐西周12位周天子的历史，铭文印证了史籍中对周王世系的记载。通过铭文可知该盘的作器者名为“逨”，因而得名“逨盘”。该盘被中国国家文物局收录到了2013年8月19日发布《第三批禁止出境展览文物目录》中，属于禁止出境展览文物。该盘现收藏于宝鸡青铜器博物院。,2003年考古发现 | 中文銘文 | 含有明確引用中文的條目 | 宝鸡文物 | 宝鸡青铜器博物院藏品,西周,陕西 眉县 杨家村窖藏（2003年）,宝鸡青铜器博物院,,,https://upload.wikimedia.org/wikipedia/commons/thumb/5/5c/Lai_Pan.JPG/250px-Lai_Pan.JPG,“五星出东方利中国”护膊 | 㝬簋 | 七孔玉刀 | 三星堆出土玉边璋 | 三星堆金杖 | 中山王铁足铜鼎 | 五代耀州窑青釉刻花提梁倒流壶 | 五牛圖 | 人物御龙帛画 | 人物龙凤帛画 | 人面鱼纹彩陶盆 | 伯矩鬲 | 何尊 | 八重宝函 | 兽首玛瑙杯 | 凤冠 (定陵) | 刘胜金缕玉衣 | 利簋 | 勘书图 | 北宋刻本《范仲淹文集》 | 卓歇图 | 双鸟朝阳纹牙雕 | 史墙盘 | 吉祥遍至口合本续 | 后母戊鼎 | 唐长沙窑青釉褐彩贴花人物纹壶 | 商周太阳神鸟金饰 | 四羊方尊 | 夏景山口待渡图 | 大克鼎 | 大玉戈 | 大盂鼎 | 大禾方鼎 | 大秦景教流行中国碑 | 天亡簋 | 太保鼎 | 子龙鼎 | 岳麓秦简 | 嵌绿松石象牙杯 | 常阳太尊石像 | 平复帖 | 張好好詩 | 彩漆木雕小座屏 | 彩绘人物故事漆屏 | 彩绘鹳鱼石斧图陶缸 | 彩陶八角星纹豆 | 挥扇仕女图 | 昭陵六骏 | 晉侯穌編鐘 | 景雲鐘 | 曾侯乙墓外棺 | 曾侯乙编钟 | 曾侯乙青铜尊盘 | 朱然墓出土漆木屐 | 朱然墓出土贵族生活图漆盘 | 杀人祭柱场面贮贝器 | 步辇图 | 毛公鼎 | 水晶杯 | 河姆渡出土朱漆碗 | 河姆渡出土陶灶 | 涅槃變相碑 | 淅川出土铜禁 | 淳化大鼎 | 清明上河圖 | 渔村小雪图 | 游春图 | 滇王之印 | 玉琮王 | 皇后之玺 | 直裾素紗襌衣 | 石鼓 (先秦) | 神兽纹玉樽 | 禁止出境展览文物 | 竹林七賢與榮啟期 | 红地对人兽树纹罽袍 | 红山文化女神像 | 红山文化玉龙 | 舞马衔杯仿皮囊式银壶 | 苦笋帖 | 莲鹤方壶 | 虢季子白盘 | 角形玉杯 | 诅盟场面贮贝器 | 识文彩绘盝顶长方形漆奁 | 越王勾践剑 | 趙佶草書千字文 | 鑄客銅鼎 | 铜奔马 | 铜浮屠 | 铜车马 | 铜错金银四龙四凤方案 | 長信宮燈 | 陶鹰鼎 | 隋白釉龙柄双联传瓶 | 青花釉里红瓷仓 | 青铜神树 | 青铜立人像 | 鞍马出行图 | 韩熙载夜宴图 | 马王堆一号墓木棺椁 | 马王堆一号汉墓帛画 | 马王堆帛书周易 | 高逸图 | 鸭形玻璃注 | 黑漆朱绘六博具 | 齐王墓青铜方镜
平复帖,https://zh.wikipedia.org/wiki/%E5%B9%B3%E5%A4%8D%E5%B8%96,平复帖是西晋文学家、书法家陆机写给友人的一通私人信札，是中国书法史上传世名家法帖中年代最早的一件，书写年代距今已超过1700年。原帖高23.7厘米，宽20.6厘米，纸本，现藏北京故宫博物院。,故宫博物院藏品 | 禁止出境展览文物 | 草書 | 西晋书法作品,西晋,,故宫博物院,纸,,https://upload.wikimedia.org/wikipedia/commons/thumb/8/8d/Ping_Fu_Tie_by_Lu_Ji.jpg/250px-Ping_Fu_Tie_by_Lu_Ji.jpg,“五星出东方利中国”护膊 | 㝬簋 | 七孔玉刀 | 三星堆出土玉边璋 | 三星堆金杖 | 中山王铁足铜鼎 | 五代耀州窑青釉刻花提梁倒流壶 | 五牛圖 | 人物御龙帛画 | 人物龙凤帛画 | 人面鱼纹彩陶盆 | 伯矩鬲 | 何尊 | 八重宝函 | 兽首玛瑙杯 | 凤冠 (定陵) | 刘胜金缕玉衣 | 利簋 | 勘书图 | 北宋刻本《范仲淹文集》 | 卓歇图 | 双鸟朝阳纹牙雕 | 史墙盘 | 吉祥遍至口合本续 | 后母戊鼎 | 唐长沙窑青釉褐彩贴花人物纹壶 | 商周太阳神鸟金饰 | 四羊方尊 | 夏景山口待渡图 | 大克鼎 | 大玉戈 | 大盂鼎 | 大禾方鼎 | 大秦景教流行中国碑 | 天亡簋 | 太保鼎 | 子龙鼎 | 岳麓秦简 | 嵌绿松石象牙杯 | 常阳太尊石像 | 張好好詩 | 彩漆木雕小座屏 | 彩绘人物故事漆屏 | 彩绘鹳鱼石斧图陶缸 | 彩陶八角星纹豆 | 挥扇仕女图 | 昭陵六骏 | 晉侯穌編鐘 | 景雲鐘 | 曾侯乙墓外棺 | 曾侯乙编钟 | 曾侯乙青铜尊盘 | 朱然墓出土漆木屐 | 朱然墓出土贵族生活图漆盘 | 杀人祭柱场面贮贝器 | 步辇图 | 水晶杯 | 河姆渡出土朱漆碗 | 河姆渡出土陶灶 | 涅槃變相碑 | 淅川出土铜禁 | 淳化大鼎 | 清明上河圖 | 渔村小雪图 | 游春图 | 滇王之印 | 玉琮王 | 皇后之玺 | 直裾素紗襌衣 | 石鼓 (先秦) | 神兽纹玉樽 | 禁止出境展览文物 | 竹林七賢與榮啟期 | 红地对人兽树纹罽袍 | 红山文化女神像 | 红山文化玉龙 | 舞马衔杯仿皮囊式银壶 | 苦笋帖 | 莲鹤方壶 | 虢季子白盘 | 角形玉杯 | 诅盟场面贮贝器 | 识文彩绘盝顶长方形漆奁 | 越王勾践剑 | 趙佶草書千字文 | 逨盘 | 鑄客銅鼎 | 铜奔马 | 铜浮屠 | 铜车马 | 铜错金银四龙四凤方案 | 長信宮燈 | 陶鹰鼎 | 隋白釉龙柄双联传瓶 | 青花釉里红瓷仓 | 青铜神树 | 青铜立人像 | 鞍马出行图 | 韩熙载夜宴图 | 马王堆一号墓木棺椁 | 马王堆一号汉墓帛画 | 马王堆帛书周易 | 高逸图 | 鸭形玻璃注 | 黑漆朱绘六博具 | 齐王墓青铜方镜
吴煦档案,https://zh.wikipedia.org/wiki/%E5%90%B4%E7%85%A6%E6%A1%A3%E6%A1%88,"吴煦档案是晚清官员吴煦任职期间形成及抄存的公务档案和私人来往信函。1953年2月在浙江杭州被重新“发现”，立即被视为“太平天国珍贵史料”，是中华人民共和国建国后第一次大规模发现的历史档案。
目前，绝大部分的吴煦档案被移交至南京的太平天国历史博物馆。其余存于中华人民共和国文化部和中国革命历史博物馆。",中华人民共和国文物保护 | 中国一级文物 | 含有多个问题的条目 | 拒绝当选首页新条目推荐栏目的条目 | 晚清政治,,,,,,,
大克鼎,https://zh.wikipedia.org/wiki/%E5%A4%A7%E5%85%8B%E9%BC%8E,大克鼎，又名克鼎或膳夫克鼎，中国西周晚期著名青铜鼎，现藏于上海博物馆。该鼎与大盂鼎（现藏于中国国家博物馆）和毛公鼎（现藏于台北國立故宫博物院）并称为“海内青铜器三宝”。,1890年代考古发现 | 上海博物馆藏品 | 中文銘文 | 宝鸡文物 | 扶風縣,西周,陕西省 扶风县 （1890年）,上海博物馆,,,https://upload.wikimedia.org/wikipedia/commons/thumb/7/70/Da_Ke_ding.jpg/250px-Da_Ke_ding.jpg,“五星出东方利中国”护膊 | 㝬簋 | 七孔玉刀 | 三星堆出土玉边璋 | 三星堆金杖 | 中山王铁足铜鼎 | 五代耀州窑青釉刻花提梁倒流壶 | 五牛圖 | 人物御龙帛画 | 人物龙凤帛画 | 人面鱼纹彩陶盆 | 伯矩鬲 | 何尊 | 八重宝函 | 兽首玛瑙杯 | 凤冠 (定陵) | 刘胜金缕玉衣 | 利簋 | 勘书图 | 北宋刻本《范仲淹文集》 | 卓歇图 | 双鸟朝阳纹牙雕 | 史墙盘 | 吉祥遍至口合本续 | 后母戊鼎 | 唐长沙窑青釉褐彩贴花人物纹壶 | 商周十供 | 商周太阳神鸟金饰 | 四羊方尊 | 夏景山口待渡图 | 大玉戈 | 大理国银鎏金镶珠金翅鸟 | 大盂鼎 | 大禾方鼎 | 大秦景教流行中国碑 | 天亡簋 | 太保鼎 | 妇好鸮尊 | 子龙鼎 | 小克鼎 | 岳麓秦简 | 嵌绿松石象牙杯 | 常阳太尊石像 | 平复帖 | 張好好詩 | 彩漆木雕小座屏 | 彩绘人物故事漆屏 | 彩绘鹳鱼石斧图陶缸 | 彩陶八角星纹豆 | 挥扇仕女图 | 昭陵六骏 | 晉侯穌編鐘 | 景雲鐘 | 曾侯乙墓外棺 | 曾侯乙编钟 | 曾侯乙青铜尊盘 | 朱然墓出土漆木屐 | 朱然墓出土贵族生活图漆盘 | 杀人祭柱场面贮贝器 | 步辇图 | 毛公鼎 | 水晶杯 | 河姆渡出土朱漆碗 | 河姆渡出土陶灶 | 涅槃變相碑 | 淅川出土铜禁 | 淳化大鼎 | 清明上河圖 | 渔村小雪图 | 游春图 | 滇王之印 | 玉琮王 | 皇后之玺 | 皿方罍 | 直裾素紗襌衣 | 石鼓 (先秦) | 神兽纹玉樽 | 禁止出境展览文物 | 竹林七賢與榮啟期 | 红地对人兽树纹罽袍 | 红山文化女神像 | 红山文化玉龙 | 聂耳小提琴 | 舞马衔杯仿皮囊式银壶 | 苦笋帖 | 莲鹤方壶 | 虢季子白盘 | 角形玉杯 | 诅盟场面贮贝器 | 识文彩绘盝顶长方形漆奁 | 越王勾践剑 | 趙佶草書千字文 | 逨盘 | 鑄客銅鼎 | 铜奔马 | 铜浮屠 | 铜车马 | 铜错金银四龙四凤方案 | 長信宮燈 | 陶鹰鼎 | 隋白釉龙柄双联传瓶 | 青花釉里红瓷仓 | 青铜神树 | 青铜立人像 | 鞍马出行图 | 韩熙载夜宴图 | 马王堆一号墓木棺椁 | 马王堆一号汉墓帛画 | 马王堆帛书周易 | 高逸图 | 鸭形玻璃注 | 黑漆朱绘六博具 | 齐王墓青铜方镜
青铜立人像,https://zh.wikipedia.org/wiki/%E9%9D%92%E9%93%9C%E7%AB%8B%E4%BA%BA%E5%83%8F,青铜立人像，出土于三星堆二号祭祀坑，距今已有3000多年历史，是中国发现的距今最久远也最高大的青铜人像，现存于四川省三星堆博物馆。,三星堆遗址 | 使用ISBN魔术链接的页面 | 古蜀文物 | 德阳文物 | 禁止出境展览文物,商,四川 广汉 三星堆遗址 2号祭祀坑（1986年）,广汉三星堆博物馆,青铜,,https://upload.wikimedia.org/wikipedia/commons/thumb/2/24/%E4%B8%89%E6%98%9F%E5%A0%86%E5%87%BA%E5%9C%9F%E9%9D%92%E9%93%9C%E5%A4%A7%E7%AB%8B%E4%BA%BA%E5%83%8F%2C_2017-09-17.jpg/250px-%E4%B8%89%E6%98%9F%E5%A0%86%E5%87%BA%E5%9C%9F%E9%9D%92%E9%93%9C%E5%A4%A7%E7%AB%8B%E4%BA%BA%E5%83%8F%2C_2017-09-17.jpg,“五星出东方利中国”护膊 | 㝬簋 | 七孔玉刀 | 三星堆出土玉边璋 | 三星堆金杖 | 中山王铁足铜鼎 | 五代耀州窑青釉刻花提梁倒流壶 | 五牛圖 | 人物御龙帛画 | 人物龙凤帛画 | 人面鱼纹彩陶盆 | 伯矩鬲 | 何尊 | 八重宝函 | 兽首玛瑙杯 | 凤冠 (定陵) | 刘胜金缕玉衣 | 利簋 | 勘书图 | 北宋刻本《范仲淹文集》 | 卓歇图 | 双鸟朝阳纹牙雕 | 史墙盘 | 吉祥遍至口合本续 | 后母戊鼎 | 唐长沙窑青釉褐彩贴花人物纹壶 | 商周太阳神鸟金饰 | 四羊方尊 | 夏景山口待渡图 | 大克鼎 | 大玉戈 | 大盂鼎 | 大禾方鼎 | 大秦景教流行中国碑 | 天亡簋 | 太保鼎 | 子龙鼎 | 岳麓秦简 | 嵌绿松石象牙杯 | 常阳太尊石像 | 平复帖 | 張好好詩 | 彩漆木雕小座屏 | 彩绘人物故事漆屏 | 彩绘鹳鱼石斧图陶缸 | 彩陶八角星纹豆 | 挥扇仕女图 | 昭陵六骏 | 晉侯穌編鐘 | 景雲鐘 | 曾侯乙墓外棺 | 曾侯乙编钟 | 曾侯乙青铜尊盘 | 朱然墓出土漆木屐 | 朱然墓出土贵族生活图漆盘 | 杀人祭柱场面贮贝器 | 步辇图 | 水晶杯 | 河姆渡出土朱漆碗 | 河姆渡出土陶灶 | 涅槃變相碑 | 淅川出土铜禁 | 淳化大鼎 | 清明上河圖 | 渔村小雪图 | 游春图 | 滇王之印 | 玉琮王 | 皇后之玺 | 直裾素紗襌衣 | 石鼓 (先秦) | 神兽纹玉樽 | 禁止出境展览文物 | 竹林七賢與榮啟期 | 红地对人兽树纹罽袍 | 红山文化女神像 | 红山文化玉龙 | 舞马衔杯仿皮囊式银壶 | 苦笋帖 | 莲鹤方壶 | 虢季子白盘 | 角形玉杯 | 诅盟场面贮贝器 | 识文彩绘盝顶长方形漆奁 | 越王勾践剑 | 趙佶草書千字文 | 逨盘 | 鑄客銅鼎 | 铜奔马 | 铜浮屠 | 铜车马 | 铜错金银四龙四凤方案 | 長信宮燈 | 陶鹰鼎 | 隋白釉龙柄双联传瓶 | 青花釉里红瓷仓 | 青铜神树 | 鞍马出行图 | 韩熙载夜宴图 | 马王堆一号墓木棺椁 | 马王堆一号汉墓帛画 | 马王堆帛书周易 | 高逸图 | 鸭形玻璃注 | 黑漆朱绘六博具 | 齐王墓青铜方镜
龙虎纹青铜尊,https://zh.wikipedia.org/wiki/%E9%BE%99%E8%99%8E%E7%BA%B9%E9%9D%92%E9%93%9C%E5%B0%8A,龙虎纹青铜尊，简称龙虎尊，别称阜南龙虎尊或安徽龙虎尊，是于中华人民共和国安徽省阜阳市阜南县台家寺遗址出土的一件商代青铜器，现藏于中国国家博物馆，属国家一级文物，距今已有三千五百年历史，是中国十大青铜器之一。,中国一级文物 | 中國國家博物館藏品 | 商朝青铜器 | 阜南县 | 阜阳文物,,,,青铜,,https://upload.wikimedia.org/wikipedia/commons/thumb/5/55/20251026_Bronze_Zun_with_Dragon_and_Tiger_Design.jpg/250px-20251026_Bronze_Zun_with_Dragon_and_Tiger_Design.jpg,后母戊鼎 | 虎食人卣
宗周鐘,https://zh.wikipedia.org/wiki/%E5%AE%97%E5%91%A8%E9%90%98,宗周鐘，又名「㝬鐘」或「胡鐘」，為西周晚期銅器，高65.6公分，重34.9公斤，計有銘文111字，記載厲王征服南方諸小國的故事，現藏於臺北國立故宮博物院。,中国青铜钟 | 中文銘文 | 周代王器 | 國立故宮博物院儀禮器物 | 國立故宮博物院國寶類藏品,,,台北故宫博物院,,65.6 cm（25.8英寸）,https://upload.wikimedia.org/wikipedia/commons/thumb/7/7a/Zong-zhou_Zhong%2C_Late_Western_Zhou_Period_%28Mid_9th_Century_B.C.E.%29.tif/lossy-page1-250px-Zong-zhou_Zhong%2C_Late_Western_Zhou_Period_%28Mid_9th_Century_B.C.E.%29.tif.jpg,
晋侯𣂜壶,https://zh.wikipedia.org/wiki/%E6%99%8B%E4%BE%AF%F0%A3%82%9C%E5%A3%B6,晋侯𣂜壶，中国西周青铜器，1992年出土于山西省临汾市曲沃县曲村-天马遗址北赵村晋侯墓地8号墓，共有两件，现藏于山西博物院。,中文銘文 | 临汾文物 | 使用Unicode扩展汉字的条目 | 使用webfont的页面 | 山西博物院藏品,,,,,,,晉侯穌編鐘
铜错金银四龙四凤方案,https://zh.wikipedia.org/wiki/%E9%93%9C%E9%94%99%E9%87%91%E9%93%B6%E5%9B%9B%E9%BE%99%E5%9B%9B%E5%87%A4%E6%96%B9%E6%A1%88,铜错金银四龙四凤方案，中国古代战国时期文物，1977年出土于中国河北省平山县三汲公社（今上三汲乡）的中山王墓，现藏于河北博物院。该器物的器形为“案”，又称“几”，是古人所用小桌。方案为青铜材质，镶嵌有金银纹饰，出土时漆制的案面已经腐朽。2002年1月18日，被国家文物局收录进《首批禁止出国（境）展览文物目录》，属于禁止出境展览文物。2011年被评为河北省博物院馆藏“十大珍宝”之一。,中國傳統家具 | 中文銘文 | 可能存在错误的位置图 | 平山县 | 战国青铜器,战国,河北省 平山县 （1977年）,河北博物院,铜,,https://upload.wikimedia.org/wikipedia/commons/thumb/5/57/Bronze_Square_Table_Stand_Decorated_with_Dragon-and-phoenix.jpg/250px-Bronze_Square_Table_Stand_Decorated_with_Dragon-and-phoenix.jpg,“五星出东方利中国”护膊 | 㝬簋 | 七孔玉刀 | 三星堆出土玉边璋 | 三星堆金杖 | 中山王铁足铜鼎 | 五代耀州窑青釉刻花提梁倒流壶 | 五牛圖 | 人物御龙帛画 | 人物龙凤帛画 | 人面鱼纹彩陶盆 | 伯矩鬲 | 何尊 | 八重宝函 | 兽首玛瑙杯 | 凤冠 (定陵) | 刘胜金缕玉衣 | 利簋 | 勘书图 | 北宋刻本《范仲淹文集》 | 卓歇图 | 双鸟朝阳纹牙雕 | 史墙盘 | 吉祥遍至口合本续 | 后母戊鼎 | 唐长沙窑青釉褐彩贴花人物纹壶 | 商周十供 | 商周太阳神鸟金饰 | 四羊方尊 | 夏景山口待渡图 | 大克鼎 | 大玉戈 | 大理国银鎏金镶珠金翅鸟 | 大盂鼎 | 大禾方鼎 | 大秦景教流行中国碑 | 天亡簋 | 太保鼎 | 妇好鸮尊 | 子龙鼎 | 岳麓秦简 | 嵌绿松石象牙杯 | 常阳太尊石像 | 平复帖 | 張好好詩 | 彩漆木雕小座屏 | 彩绘人物故事漆屏 | 彩绘鹳鱼石斧图陶缸 | 彩陶八角星纹豆 | 挥扇仕女图 | 昭陵六骏 | 晉侯穌編鐘 | 景雲鐘 | 曾侯乙墓外棺 | 曾侯乙编钟 | 曾侯乙青铜尊盘 | 朱然墓出土漆木屐 | 朱然墓出土贵族生活图漆盘 | 杀人祭柱场面贮贝器 | 步辇图 | 水晶杯 | 河姆渡出土朱漆碗 | 河姆渡出土陶灶 | 涅槃變相碑 | 淅川出土铜禁 | 淳化大鼎 | 清明上河圖 | 渔村小雪图 | 游春图 | 滇王之印 | 玉琮王 | 皇后之玺 | 皿方罍 | 直裾素紗襌衣 | 石鼓 (先秦) | 神兽纹玉樽 | 禁止出境展览文物 | 竹林七賢與榮啟期 | 红地对人兽树纹罽袍 | 红山文化女神像 | 红山文化玉龙 | 聂耳小提琴 | 舞马衔杯仿皮囊式银壶 | 苦笋帖 | 莲鹤方壶 | 虢季子白盘 | 角形玉杯 | 诅盟场面贮贝器 | 识文彩绘盝顶长方形漆奁 | 越王勾践剑 | 趙佶草書千字文 | 逨盘 | 鑄客銅鼎 | 铜奔马 | 铜浮屠 | 铜车马 | 長信宮燈 | 陶鹰鼎 | 隋白釉龙柄双联传瓶 | 青花釉里红瓷仓 | 青铜神树 | 青铜立人像 | 鞍马出行图 | 韩熙载夜宴图 | 马王堆一号墓木棺椁 | 马王堆一号汉墓帛画 | 马王堆帛书周易 | 高逸图 | 鸭形玻璃注 | 黑漆朱绘六博具 | 齐王墓青铜方镜
妇好鸮尊,https://zh.wikipedia.org/wiki/%E5%A6%87%E5%A5%BD%E9%B8%AE%E5%B0%8A,"妇好鴞（xiāo）尊，商代后期的青铜器，1976年出土于河南省安阳市殷墟妇好墓，共两件，分别藏于中国国家博物馆和河南博物院。妇好为商王武丁的配偶。
鸮在古代被视为战神，而妇好曾多次出征；在中国古代青铜器中，鸮纹形象仅见于商代后期，西周青铜器还未发现鸮纹。",中國國家博物館藏品 | 中文銘文 | 使用ISBN魔术链接的页面 | 使用了两种注音方式的页面 | 含有注音符號的條目,,,,,,,“五星出东方利中国”护膊 | 三星堆金杖 | 商周十供 | 大克鼎 | 大理国银鎏金镶珠金翅鸟 | 彩绘人物故事漆屏 | 昭陵六骏 | 曾侯乙编钟 | 淅川出土铜禁 | 玉琮王 | 皿方罍 | 石鼓 (先秦) | 聂耳小提琴 | 越王勾践剑 | 铜奔马 | 铜车马 | 铜错金银四龙四凤方案 | 長信宮燈 | 青铜神树 | 马王堆一号汉墓帛画
红山文化玉龙,https://zh.wikipedia.org/wiki/%E7%BA%A2%E5%B1%B1%E6%96%87%E5%8C%96%E7%8E%89%E9%BE%99,"红山玉龙，又称C龙、C型龙，是在中国红山文化遗址中发现的龙形雕刻，通常由玉石雕成。整体呈C字型，头部类似野猪，背部有类似背鬃的形状并上翘，尾部较钝，通身没有纹饰。由于其造型古朴简单，被认为是中国中原地区龙型崇拜文化的起源。位列2013年颁布的第三批禁止出境展览文物目录。
红山文化玉龙出土已有上百年的历史，面世玉龙已有26件。
華夏銀行取其形象為標誌圖案。",中国新石器时代文物 | 中國國家博物館藏品 | 中國玉器 | 全部小作品 | 含有連結內容需訂閱查看的頁面,新石器时代,内蒙古 翁牛特旗 赛沁塔拉村,中国国家博物馆,玉,,https://upload.wikimedia.org/wikipedia/commons/thumb/9/96/Neolithic_jade_dragon%2C_Hongshan_Culture%2C_Inner_Mongolia%2C_1971.jpg/250px-Neolithic_jade_dragon%2C_Hongshan_Culture%2C_Inner_Mongolia%2C_1971.jpg,“五星出东方利中国”护膊 | 㝬簋 | 七孔玉刀 | 三星堆出土玉边璋 | 三星堆金杖 | 中山王铁足铜鼎 | 五代耀州窑青釉刻花提梁倒流壶 | 五牛圖 | 人物御龙帛画 | 人物龙凤帛画 | 人面鱼纹彩陶盆 | 伯矩鬲 | 何尊 | 八重宝函 | 兽首玛瑙杯 | 凤冠 (定陵) | 刘胜金缕玉衣 | 利簋 | 勘书图 | 北宋刻本《范仲淹文集》 | 卓歇图 | 双鸟朝阳纹牙雕 | 史墙盘 | 吉祥遍至口合本续 | 后母戊鼎 | 唐长沙窑青釉褐彩贴花人物纹壶 | 商周太阳神鸟金饰 | 四羊方尊 | 夏景山口待渡图 | 大克鼎 | 大玉戈 | 大盂鼎 | 大禾方鼎 | 大秦景教流行中国碑 | 天亡簋 | 太保鼎 | 子龙鼎 | 岳麓秦简 | 嵌绿松石象牙杯 | 常阳太尊石像 | 平复帖 | 張好好詩 | 彩漆木雕小座屏 | 彩绘人物故事漆屏 | 彩绘鹳鱼石斧图陶缸 | 彩陶八角星纹豆 | 挥扇仕女图 | 昭陵六骏 | 晉侯穌編鐘 | 景雲鐘 | 曾侯乙墓外棺 | 曾侯乙编钟 | 曾侯乙青铜尊盘 | 朱然墓出土漆木屐 | 朱然墓出土贵族生活图漆盘 | 杀人祭柱场面贮贝器 | 步辇图 | 水晶杯 | 河姆渡出土朱漆碗 | 河姆渡出土陶灶 | 涅槃變相碑 | 淅川出土铜禁 | 淳化大鼎 | 清明上河圖 | 渔村小雪图 | 游春图 | 滇王之印 | 玉琮王 | 皇后之玺 | 直裾素紗襌衣 | 石鼓 (先秦) | 神兽纹玉樽 | 禁止出境展览文物 | 竹林七賢與榮啟期 | 红地对人兽树纹罽袍 | 红山文化女神像 | 舞马衔杯仿皮囊式银壶 | 苦笋帖 | 莲鹤方壶 | 虢季子白盘 | 角形玉杯 | 诅盟场面贮贝器 | 识文彩绘盝顶长方形漆奁 | 越王勾践剑 | 趙佶草書千字文 | 逨盘 | 鑄客銅鼎 | 铜奔马 | 铜浮屠 | 铜车马 | 铜错金银四龙四凤方案 | 長信宮燈 | 陶鹰鼎 | 隋白釉龙柄双联传瓶 | 青花釉里红瓷仓 | 青铜神树 | 青铜立人像 | 鞍马出行图 | 韩熙载夜宴图 | 马王堆一号墓木棺椁 | 马王堆一号汉墓帛画 | 马王堆帛书周易 | 高逸图 | 鸭形玻璃注 | 黑漆朱绘六博具 | 齐王墓青铜方镜
陶鹰鼎,https://zh.wikipedia.org/wiki/%E9%99%B6%E9%B9%B0%E9%BC%8E,"陶鷹鼎是仰韶文化陶器，出土於陕西省華縣（现渭南市华州区）太平莊一座成年女性墓葬。2002年列为中華人民共和國禁止出国（境）展览文物之一，現藏中國國家博物館。
1993年，中國第一次申辦奧運，當時在瑞士的洛桑市的奧林匹克博物館正舉行申奧國家文化展，當時國際奧委會主席薩馬蘭奇親自於中國北京及西安等地挑選參展文物，最終陶鷹尊與青铜大面具、错金银龙凤青铜方案、金缕玉衣、兵马俑、鎏金银盘、凤冠和皇帝龙袍共七件文物成為參展品。",中国陶器 | 中國國家博物館藏品 | 全部小作品 | 华州区 | 渭南文物,新石器时代,陝西省 華縣 （1958年）,中国国家博物馆,陶,,https://upload.wikimedia.org/wikipedia/commons/thumb/2/20/%E9%B9%B0%E5%BD%A2%E9%99%B6%E9%BC%8E08720.jpg/250px-%E9%B9%B0%E5%BD%A2%E9%99%B6%E9%BC%8E08720.jpg,“五星出东方利中国”护膊 | 㝬簋 | 七孔玉刀 | 三星堆出土玉边璋 | 三星堆金杖 | 中山王铁足铜鼎 | 五代耀州窑青釉刻花提梁倒流壶 | 五牛圖 | 人物御龙帛画 | 人物龙凤帛画 | 人面鱼纹彩陶盆 | 伯矩鬲 | 何尊 | 八重宝函 | 兽首玛瑙杯 | 凤冠 (定陵) | 刘胜金缕玉衣 | 利簋 | 勘书图 | 北宋刻本《范仲淹文集》 | 卓歇图 | 双鸟朝阳纹牙雕 | 史墙盘 | 吉祥遍至口合本续 | 后母戊鼎 | 唐长沙窑青釉褐彩贴花人物纹壶 | 商周太阳神鸟金饰 | 四羊方尊 | 夏景山口待渡图 | 大克鼎 | 大玉戈 | 大盂鼎 | 大禾方鼎 | 大秦景教流行中国碑 | 天亡簋 | 太保鼎 | 子龙鼎 | 岳麓秦简 | 嵌绿松石象牙杯 | 常阳太尊石像 | 平复帖 | 張好好詩 | 彩漆木雕小座屏 | 彩绘人物故事漆屏 | 彩绘鹳鱼石斧图陶缸 | 彩陶八角星纹豆 | 挥扇仕女图 | 昭陵六骏 | 晉侯穌編鐘 | 景雲鐘 | 曾侯乙墓外棺 | 曾侯乙编钟 | 曾侯乙青铜尊盘 | 朱然墓出土漆木屐 | 朱然墓出土贵族生活图漆盘 | 杀人祭柱场面贮贝器 | 步辇图 | 水晶杯 | 河姆渡出土朱漆碗 | 河姆渡出土陶灶 | 涅槃變相碑 | 淅川出土铜禁 | 淳化大鼎 | 清明上河圖 | 渔村小雪图 | 游春图 | 滇王之印 | 玉琮王 | 皇后之玺 | 直裾素紗襌衣 | 石鼓 (先秦) | 神兽纹玉樽 | 禁止出境展览文物 | 竹林七賢與榮啟期 | 红地对人兽树纹罽袍 | 红山文化女神像 | 红山文化玉龙 | 舞马衔杯仿皮囊式银壶 | 苦笋帖 | 莲鹤方壶 | 虢季子白盘 | 角形玉杯 | 诅盟场面贮贝器 | 识文彩绘盝顶长方形漆奁 | 越王勾践剑 | 趙佶草書千字文 | 逨盘 | 鑄客銅鼎 | 铜奔马 | 铜浮屠 | 铜车马 | 铜错金银四龙四凤方案 | 長信宮燈 | 隋白釉龙柄双联传瓶 | 青花釉里红瓷仓 | 青铜神树 | 青铜立人像 | 鞍马出行图 | 韩熙载夜宴图 | 马王堆一号墓木棺椁 | 马王堆一号汉墓帛画 | 马王堆帛书周易 | 高逸图 | 鸭形玻璃注 | 黑漆朱绘六博具 | 齐王墓青铜方镜
七孔玉刀,https://zh.wikipedia.org/wiki/%E4%B8%83%E5%AD%94%E7%8E%89%E5%88%80,七孔玉刀，或称夏七孔玉刀或七孔大玉刀，夏代玉器，1975年出土于河南偃师二里头遗址，现藏于二里头夏都遗址博物馆。玉刀长65厘米，宽9.5厘米，最厚处0.4厘米，是二里头遗址出土玉器中最大的。刀背处钻有七孔，并有锋利的刃部。玉刀的用途有多种说法，可能是礼器或刑具。2013年8月19日，七孔玉刀被国家文物局收录到公布的《第三批禁止出境展览文物目录》中，属于禁止出境展览文物。,二里头遗址 | 玉器 | 禁止出境展览文物,夏,河南 偃师 二里头遗址,二里头夏都遗址博物馆,玉,,https://upload.wikimedia.org/wikipedia/commons/thumb/2/25/20250529_Seven-hole_jade_knife_in_the_Erlitou_Site_Museum_of_the_Xia_Capital.jpg/250px-20250529_Seven-hole_jade_knife_in_the_Erlitou_Site_Museum_of_the_Xia_Capital.jpg,“五星出东方利中国”护膊 | 㝬簋 | 三星堆出土玉边璋 | 三星堆金杖 | 中山王铁足铜鼎 | 五代耀州窑青釉刻花提梁倒流壶 | 五牛圖 | 人物御龙帛画 | 人物龙凤帛画 | 人面鱼纹彩陶盆 | 伯矩鬲 | 何尊 | 八重宝函 | 兽首玛瑙杯 | 凤冠 (定陵) | 刘胜金缕玉衣 | 利簋 | 勘书图 | 北宋刻本《范仲淹文集》 | 卓歇图 | 双鸟朝阳纹牙雕 | 史墙盘 | 吉祥遍至口合本续 | 后母戊鼎 | 唐长沙窑青釉褐彩贴花人物纹壶 | 商周太阳神鸟金饰 | 四羊方尊 | 夏景山口待渡图 | 大克鼎 | 大玉戈 | 大盂鼎 | 大禾方鼎 | 大秦景教流行中国碑 | 天亡簋 | 太保鼎 | 子龙鼎 | 岳麓秦简 | 嵌绿松石象牙杯 | 常阳太尊石像 | 平复帖 | 張好好詩 | 彩漆木雕小座屏 | 彩绘人物故事漆屏 | 彩绘鹳鱼石斧图陶缸 | 彩陶八角星纹豆 | 挥扇仕女图 | 昭陵六骏 | 晉侯穌編鐘 | 景雲鐘 | 曾侯乙墓外棺 | 曾侯乙编钟 | 曾侯乙青铜尊盘 | 朱然墓出土漆木屐 | 朱然墓出土贵族生活图漆盘 | 杀人祭柱场面贮贝器 | 步辇图 | 水晶杯 | 河姆渡出土朱漆碗 | 河姆渡出土陶灶 | 涅槃變相碑 | 淅川出土铜禁 | 淳化大鼎 | 清明上河圖 | 渔村小雪图 | 游春图 | 滇王之印 | 玉琮王 | 皇后之玺 | 直裾素紗襌衣 | 石鼓 (先秦) | 神兽纹玉樽 | 禁止出境展览文物 | 竹林七賢與榮啟期 | 红地对人兽树纹罽袍 | 红山文化女神像 | 红山文化玉龙 | 舞马衔杯仿皮囊式银壶 | 苦笋帖 | 莲鹤方壶 | 虢季子白盘 | 角形玉杯 | 诅盟场面贮贝器 | 识文彩绘盝顶长方形漆奁 | 越王勾践剑 | 趙佶草書千字文 | 逨盘 | 鑄客銅鼎 | 铜奔马 | 铜浮屠 | 铜车马 | 铜错金银四龙四凤方案 | 長信宮燈 | 陶鹰鼎 | 隋白釉龙柄双联传瓶 | 青花釉里红瓷仓 | 青铜神树 | 青铜立人像 | 鞍马出行图 | 韩熙载夜宴图 | 马王堆一号墓木棺椁 | 马王堆一号汉墓帛画 | 马王堆帛书周易 | 高逸图 | 鸭形玻璃注 | 黑漆朱绘六博具 | 齐王墓青铜方镜
人面鱼纹彩陶盆,https://zh.wikipedia.org/wiki/%E4%BA%BA%E9%9D%A2%E9%B1%BC%E7%BA%B9%E5%BD%A9%E9%99%B6%E7%9B%86,人面鱼纹彩陶盆是新石器时代仰韶文化彩陶器，1955年出土于陕西省西安市半坡遗址，是已发现的十件人面纹器物中最精美者，在半坡遗址出土文物中最为宝贵，现藏于中国国家博物馆。材質為细泥红陶，高16.5厘米，口径為39.8厘米，敞口卷唇，口沿处绘有间断黑色彩带，内壁則以黑彩绘出两组对称人面鱼纹。人面鱼纹彩陶盆是国家一级文物，被認爲是仰韶彩陶工艺的代表作之一，收录于国家文物局于2013年8月19日发布的《第三批禁止出境展览文物目录》。曾在《如果国宝会说话》第一季第一集出场。,1955年考古發現 | 中国陶器 | 中國國家博物館藏品 | 仰韶文化 | 禁止出境展览文物,新石器时代,陕西省 西安市 半坡遗址 （1955年）,中国国家博物馆,陶,,https://upload.wikimedia.org/wikipedia/commons/thumb/4/4e/Banpo_bowl.jpg/250px-Banpo_bowl.jpg,“五星出东方利中国”护膊 | 㝬簋 | 七孔玉刀 | 三星堆出土玉边璋 | 三星堆金杖 | 中山王铁足铜鼎 | 五代耀州窑青釉刻花提梁倒流壶 | 五牛圖 | 人物御龙帛画 | 人物龙凤帛画 | 伯矩鬲 | 何尊 | 八重宝函 | 兽首玛瑙杯 | 凤冠 (定陵) | 刘胜金缕玉衣 | 利簋 | 勘书图 | 北宋刻本《范仲淹文集》 | 卓歇图 | 双鸟朝阳纹牙雕 | 史墙盘 | 吉祥遍至口合本续 | 后母戊鼎 | 唐长沙窑青釉褐彩贴花人物纹壶 | 商周太阳神鸟金饰 | 四羊方尊 | 夏景山口待渡图 | 大克鼎 | 大玉戈 | 大盂鼎 | 大禾方鼎 | 大秦景教流行中国碑 | 天亡簋 | 太保鼎 | 子龙鼎 | 岳麓秦简 | 嵌绿松石象牙杯 | 常阳太尊石像 | 平复帖 | 張好好詩 | 彩漆木雕小座屏 | 彩绘人物故事漆屏 | 彩绘鹳鱼石斧图陶缸 | 彩陶八角星纹豆 | 挥扇仕女图 | 昭陵六骏 | 晉侯穌編鐘 | 景雲鐘 | 曾侯乙墓外棺 | 曾侯乙编钟 | 曾侯乙青铜尊盘 | 朱然墓出土漆木屐 | 朱然墓出土贵族生活图漆盘 | 杀人祭柱场面贮贝器 | 步辇图 | 水晶杯 | 河姆渡出土朱漆碗 | 河姆渡出土陶灶 | 涅槃變相碑 | 淅川出土铜禁 | 淳化大鼎 | 清明上河圖 | 渔村小雪图 | 游春图 | 滇王之印 | 玉琮王 | 皇后之玺 | 直裾素紗襌衣 | 石鼓 (先秦) | 神兽纹玉樽 | 禁止出境展览文物 | 竹林七賢與榮啟期 | 红地对人兽树纹罽袍 | 红山文化女神像 | 红山文化玉龙 | 舞马衔杯仿皮囊式银壶 | 苦笋帖 | 莲鹤方壶 | 虢季子白盘 | 角形玉杯 | 诅盟场面贮贝器 | 识文彩绘盝顶长方形漆奁 | 越王勾践剑 | 趙佶草書千字文 | 逨盘 | 鑄客銅鼎 | 铜奔马 | 铜浮屠 | 铜车马 | 铜错金银四龙四凤方案 | 長信宮燈 | 陶鹰鼎 | 隋白釉龙柄双联传瓶 | 青花釉里红瓷仓 | 青铜神树 | 青铜立人像 | 鞍马出行图 | 韩熙载夜宴图 | 马王堆一号墓木棺椁 | 马王堆一号汉墓帛画 | 马王堆帛书周易 | 高逸图 | 鸭形玻璃注 | 黑漆朱绘六博具 | 齐王墓青铜方镜
散氏盤,https://zh.wikipedia.org/wiki/%E6%95%A3%E6%B0%8F%E7%9B%A4,散氏盤，也稱散盤、夨（zè）人盤，是西周厲王年間以塊範法鑄造的青銅器皿，腹內鑄有357字金文，是中國最早的土地契約，書體也開草篆之先，佔碑學體系重要位置，為晚清「四大國寶」之一，現收藏於台北國立故宮博物院。,中文銘文 | 使用了三种注音方式的页面 | 凤翔区 | 含有注音符號的條目 | 含有漢語拼音的條目,,,,,,,大盂鼎 | 毛公鼎 | 虢季子白盘
竹林七賢與榮啟期,https://zh.wikipedia.org/wiki/%E7%AB%B9%E6%9E%97%E4%B8%83%E8%B3%A2%E8%88%87%E6%A6%AE%E5%95%9F%E6%9C%9F,竹林七贤和荣启期是中国南北朝时期南朝墓葬中常见的大型砖印拼镶壁画题材，常见于高级别规格墓葬中。在江苏的南京宫山、丹阳胡桥等地均有出土。目前保存最完好的是1960年4月在江苏省南京市西善桥宫山南朝墓葬出土的《竹林七贤砖与荣启期》砖印模画，现藏于南京博物院。,中国墓葬文物 | 南京博物院藏品 | 南京文物 | 南北朝绘画作品 | 南朝文物,南朝,江苏省 南京市 （1960年）,南京博物院,,,https://upload.wikimedia.org/wikipedia/commons/thumb/e/e1/Seven_Sages_of_the_Bamboo_Grove_1.Nanjing_Museum.jpg/250px-Seven_Sages_of_the_Bamboo_Grove_1.Nanjing_Museum.jpg,“五星出东方利中国”护膊 | 㝬簋 | 七孔玉刀 | 三星堆出土玉边璋 | 三星堆金杖 | 中山王铁足铜鼎 | 五代耀州窑青釉刻花提梁倒流壶 | 五牛圖 | 人物御龙帛画 | 人物龙凤帛画 | 人面鱼纹彩陶盆 | 伯矩鬲 | 何尊 | 八重宝函 | 兽首玛瑙杯 | 凤冠 (定陵) | 刘胜金缕玉衣 | 利簋 | 勘书图 | 北宋刻本《范仲淹文集》 | 卓歇图 | 双鸟朝阳纹牙雕 | 史墙盘 | 吉祥遍至口合本续 | 后母戊鼎 | 唐长沙窑青釉褐彩贴花人物纹壶 | 商周太阳神鸟金饰 | 四羊方尊 | 夏景山口待渡图 | 大克鼎 | 大玉戈 | 大盂鼎 | 大禾方鼎 | 大秦景教流行中国碑 | 天亡簋 | 太保鼎 | 子龙鼎 | 岳麓秦简 | 嵌绿松石象牙杯 | 常阳太尊石像 | 平复帖 | 張好好詩 | 彩漆木雕小座屏 | 彩绘人物故事漆屏 | 彩绘鹳鱼石斧图陶缸 | 彩陶八角星纹豆 | 挥扇仕女图 | 昭陵六骏 | 晉侯穌編鐘 | 景雲鐘 | 曾侯乙墓外棺 | 曾侯乙编钟 | 曾侯乙青铜尊盘 | 朱然墓出土漆木屐 | 朱然墓出土贵族生活图漆盘 | 杀人祭柱场面贮贝器 | 步辇图 | 水晶杯 | 河姆渡出土朱漆碗 | 河姆渡出土陶灶 | 涅槃變相碑 | 淅川出土铜禁 | 淳化大鼎 | 清明上河圖 | 渔村小雪图 | 游春图 | 滇王之印 | 玉琮王 | 皇后之玺 | 直裾素紗襌衣 | 石鼓 (先秦) | 神兽纹玉樽 | 禁止出境展览文物 | 红地对人兽树纹罽袍 | 红山文化女神像 | 红山文化玉龙 | 舞马衔杯仿皮囊式银壶 | 苦笋帖 | 莲鹤方壶 | 虢季子白盘 | 角形玉杯 | 诅盟场面贮贝器 | 识文彩绘盝顶长方形漆奁 | 越王勾践剑 | 趙佶草書千字文 | 逨盘 | 鑄客銅鼎 | 铜奔马 | 铜浮屠 | 铜车马 | 铜错金银四龙四凤方案 | 長信宮燈 | 陶鹰鼎 | 隋白釉龙柄双联传瓶 | 青花釉里红瓷仓 | 青铜神树 | 青铜立人像 | 鞍马出行图 | 韩熙载夜宴图 | 马王堆一号墓木棺椁 | 马王堆一号汉墓帛画 | 马王堆帛书周易 | 高逸图 | 鸭形玻璃注 | 黑漆朱绘六博具 | 齐王墓青铜方镜
宰甫卣,https://zh.wikipedia.org/wiki/%E5%AE%B0%E7%94%AB%E5%8D%A3,宰甫卣（yǒu），又称晚商饕餮纹青铜宰甫卣，商代文物，1952年由山东荷泽文物部门征集得来，现藏于菏泽市博物馆。,使用了三种注音方式的页面 | 其他需要專家關注的頁面 | 卣 | 含有多个问题的条目 | 含有注音符號的條目,,,,,,https://upload.wikimedia.org/wikipedia/commons/thumb/a/a4/Late_Shang_Dynasty_Zai_Fu_You_with_Taotie_Patterns.jpg/250px-Late_Shang_Dynasty_Zai_Fu_You_with_Taotie_Patterns.jpg,
鎏金双人盘舞扣饰,https://zh.wikipedia.org/wiki/%E9%8E%8F%E9%87%91%E5%8F%8C%E4%BA%BA%E7%9B%98%E8%88%9E%E6%89%A3%E9%A5%B0,鎏金双人盘舞扣饰，是一个西汉滇国贵族服装扣饰，现为云南省博物馆藏。,中国一级文物 | 云南省博物馆藏品 | 引文格式1错误：日期 | 昆明文物 | 晋宁区,,,,金,,,
镶嵌十字纹方钺,https://zh.wikipedia.org/wiki/%E9%95%B6%E5%B5%8C%E5%8D%81%E5%AD%97%E7%BA%B9%E6%96%B9%E9%92%BA,镶嵌十字纹方钺，为夏朝晚期的青铜器，钺为兵器或刑具。现藏于上海博物馆，为国家一级文物。,上海博物馆藏品 | 中国一级文物 | 二里头文化 | 夏朝青铜器 | 引文格式1错误：日期,,,,,,,
聂耳小提琴,https://zh.wikipedia.org/wiki/%E8%81%82%E8%80%B3%E5%B0%8F%E6%8F%90%E7%90%B4,聂耳小提琴，中国云南省博物馆的一件藏品，国家一级文物，中国近代音乐家聂耳曾经使用的小提琴，是他创作后来被用作中华人民共和国国歌的《义勇军进行曲》时所用的乐器。,中华民国大陆时期文物 | 中国一级文物 | 云南省博物馆藏品 | 小提琴 | 聂耳,,,,木,,,“五星出东方利中国”护膊 | 三星堆金杖 | 商周十供 | 大克鼎 | 大理国银鎏金镶珠金翅鸟 | 妇好鸮尊 | 彩绘人物故事漆屏 | 昭陵六骏 | 曾侯乙编钟 | 淅川出土铜禁 | 玉琮王 | 皿方罍 | 石鼓 (先秦) | 越王勾践剑 | 铜奔马 | 铜车马 | 铜错金银四龙四凤方案 | 長信宮燈 | 青铜神树 | 马王堆一号汉墓帛画
